# https://github.com/mikedh/trimesh
v 0.07920000 -0.85000000 0.00000000
v 0.07888854 -0.85000000 0.01186315
v 0.07795550 -0.85000000 0.02080787
v 0.07640486 -0.85000000 0.02878168
v 0.07424310 -0.85000000 0.03606517
v 0.07147894 -0.85000000 0.04275667
v 0.06812298 -0.85000000 0.04889346
v 0.06418713 -0.85000000 0.05448628
v 0.05968371 -0.85000000 0.05953299
v 0.05462422 -0.85000000 0.06402504
v 0.04901724 -0.85000000 0.06795096
v 0.04286492 -0.85000000 0.07129844
v 0.03615648 -0.85000000 0.07405561
v 0.02885455 -0.85000000 0.07621192
v 0.02086055 -0.85000000 0.07775864
v 0.01189319 -0.85000000 0.07868933
v 0.00000000 -0.85000000 0.07900000
v -0.01189319 -0.85000000 0.07868933
v -0.02086055 -0.85000000 0.07775864
v -0.02885455 -0.85000000 0.07621192
v -0.03615648 -0.85000000 0.07405561
v -0.04286492 -0.85000000 0.07129844
v -0.04901724 -0.85000000 0.06795096
v -0.05462422 -0.85000000 0.06402504
v -0.05968371 -0.85000000 0.05953299
v -0.06418713 -0.85000000 0.05448628
v -0.06812298 -0.85000000 0.04889346
v -0.07147894 -0.85000000 0.04275667
v -0.07424310 -0.85000000 0.03606517
v -0.07640486 -0.85000000 0.02878168
v -0.07795550 -0.85000000 0.02080787
v -0.07888854 -0.85000000 0.01186315
v -0.07920000 -0.85000000 0.00000000
v -0.07888854 -0.85000000 -0.01186315
v -0.07795550 -0.85000000 -0.02080787
v -0.07640486 -0.85000000 -0.02878168
v -0.07424310 -0.85000000 -0.03606517
v -0.07147894 -0.85000000 -0.04275667
v -0.06812298 -0.85000000 -0.04889346
v -0.06418713 -0.85000000 -0.05448628
v -0.05968371 -0.85000000 -0.05953299
v -0.05462422 -0.85000000 -0.06402504
v -0.04901724 -0.85000000 -0.06795096
v -0.04286492 -0.85000000 -0.07129844
v -0.03615648 -0.85000000 -0.07405561
v -0.02885455 -0.85000000 -0.07621192
v -0.02086055 -0.85000000 -0.07775864
v -0.01189319 -0.85000000 -0.07868933
v -0.00000000 -0.85000000 -0.07900000
v 0.01189319 -0.85000000 -0.07868933
v 0.02086055 -0.85000000 -0.07775864
v 0.02885455 -0.85000000 -0.07621192
v 0.03615648 -0.85000000 -0.07405561
v 0.04286492 -0.85000000 -0.07129844
v 0.04901724 -0.85000000 -0.06795096
v 0.05462422 -0.85000000 -0.06402504
v 0.05968371 -0.85000000 -0.05953299
v 0.06418713 -0.85000000 -0.05448628
v 0.06812298 -0.85000000 -0.04889346
v 0.07147894 -0.85000000 -0.04275667
v 0.07424310 -0.85000000 -0.03606517
v 0.07640486 -0.85000000 -0.02878168
v 0.07795550 -0.85000000 -0.02080787
v 0.07888854 -0.85000000 -0.01186315
v 0.08031392 -0.82848101 0.00000000
v 0.07999808 -0.82848101 0.01197720
v 0.07905192 -0.82848101 0.02100792
v 0.07747947 -0.82848101 0.02905838
v 0.07528730 -0.82848101 0.03641190
v 0.07248427 -0.82848101 0.04316773
v 0.06908111 -0.82848101 0.04936351
v 0.06508990 -0.82848101 0.05501010
v 0.06052314 -0.82848101 0.06010533
v 0.05539249 -0.82848101 0.06464056
v 0.04970665 -0.82848101 0.06860423
v 0.04346780 -0.82848101 0.07198389
v 0.03666501 -0.82848101 0.07476757
v 0.02926038 -0.82848101 0.07694461
v 0.02115395 -0.82848101 0.07850620
v 0.01206046 -0.82848101 0.07944583
v 0.00000000 -0.82848101 0.07975949
v -0.01206046 -0.82848101 0.07944583
v -0.02115395 -0.82848101 0.07850620
v -0.02926038 -0.82848101 0.07694461
v -0.03666501 -0.82848101 0.07476757
v -0.04346780 -0.82848101 0.07198389
v -0.04970665 -0.82848101 0.06860423
v -0.05539249 -0.82848101 0.06464056
v -0.06052314 -0.82848101 0.06010533
v -0.06508990 -0.82848101 0.05501010
v -0.06908111 -0.82848101 0.04936351
v -0.07248427 -0.82848101 0.04316773
v -0.07528730 -0.82848101 0.03641190
v -0.07747947 -0.82848101 0.02905838
v -0.07905192 -0.82848101 0.02100792
v -0.07999808 -0.82848101 0.01197720
v -0.08031392 -0.82848101 0.00000000
v -0.07999808 -0.82848101 -0.01197720
v -0.07905192 -0.82848101 -0.02100792
v -0.07747947 -0.82848101 -0.02905838
v -0.07528730 -0.82848101 -0.03641190
v -0.07248427 -0.82848101 -0.04316773
v -0.06908111 -0.82848101 -0.04936351
v -0.06508990 -0.82848101 -0.05501010
v -0.06052314 -0.82848101 -0.06010533
v -0.05539249 -0.82848101 -0.06464056
v -0.04970665 -0.82848101 -0.06860423
v -0.04346780 -0.82848101 -0.07198389
v -0.03666501 -0.82848101 -0.07476757
v -0.02926038 -0.82848101 -0.07694461
v -0.02115395 -0.82848101 -0.07850620
v -0.01206046 -0.82848101 -0.07944583
v -0.00000000 -0.82848101 -0.07975949
v 0.01206046 -0.82848101 -0.07944583
v 0.02115395 -0.82848101 -0.07850620
v 0.02926038 -0.82848101 -0.07694461
v 0.03666501 -0.82848101 -0.07476757
v 0.04346780 -0.82848101 -0.07198389
v 0.04970665 -0.82848101 -0.06860423
v 0.05539249 -0.82848101 -0.06464056
v 0.06052314 -0.82848101 -0.06010533
v 0.06508990 -0.82848101 -0.05501010
v 0.06908111 -0.82848101 -0.04936351
v 0.07248427 -0.82848101 -0.04316773
v 0.07528730 -0.82848101 -0.03641190
v 0.07747947 -0.82848101 -0.02905838
v 0.07905192 -0.82848101 -0.02100792
v 0.07999808 -0.82848101 -0.01197720
v 0.08142785 -0.80696203 0.00000000
v 0.08110763 -0.80696203 0.01209126
v 0.08014834 -0.80696203 0.02120796
v 0.07855408 -0.80696203 0.02933509
v 0.07633151 -0.80696203 0.03675862
v 0.07348960 -0.80696203 0.04357878
v 0.07003924 -0.80696203 0.04983356
v 0.06599267 -0.80696203 0.05553392
v 0.06136257 -0.80696203 0.06067767
v 0.05616077 -0.80696203 0.06525609
v 0.05039606 -0.80696203 0.06925749
v 0.04407068 -0.80696203 0.07266934
v 0.03717354 -0.80696203 0.07547953
v 0.02966621 -0.80696203 0.07767730
v 0.02144735 -0.80696203 0.07925376
v 0.01222774 -0.80696203 0.08020234
v 0.00000000 -0.80696203 0.08051899
v -0.01222774 -0.80696203 0.08020234
v -0.02144735 -0.80696203 0.07925376
v -0.02966621 -0.80696203 0.07767730
v -0.03717354 -0.80696203 0.07547953
v -0.04407068 -0.80696203 0.07266934
v -0.05039606 -0.80696203 0.06925749
v -0.05616077 -0.80696203 0.06525609
v -0.06136257 -0.80696203 0.06067767
v -0.06599267 -0.80696203 0.05553392
v -0.07003924 -0.80696203 0.04983356
v -0.07348960 -0.80696203 0.04357878
v -0.07633151 -0.80696203 0.03675862
v -0.07855408 -0.80696203 0.02933509
v -0.08014834 -0.80696203 0.02120796
v -0.08110763 -0.80696203 0.01209126
v -0.08142785 -0.80696203 0.00000000
v -0.08110763 -0.80696203 -0.01209126
v -0.08014834 -0.80696203 -0.02120796
v -0.07855408 -0.80696203 -0.02933509
v -0.07633151 -0.80696203 -0.03675862
v -0.07348960 -0.80696203 -0.04357878
v -0.07003924 -0.80696203 -0.04983356
v -0.06599267 -0.80696203 -0.05553392
v -0.06136257 -0.80696203 -0.06067767
v -0.05616077 -0.80696203 -0.06525609
v -0.05039606 -0.80696203 -0.06925749
v -0.04407068 -0.80696203 -0.07266934
v -0.03717354 -0.80696203 -0.07547953
v -0.02966621 -0.80696203 -0.07767730
v -0.02144735 -0.80696203 -0.07925376
v -0.01222774 -0.80696203 -0.08020234
v -0.00000000 -0.80696203 -0.08051899
v 0.01222774 -0.80696203 -0.08020234
v 0.02144735 -0.80696203 -0.07925376
v 0.02966621 -0.80696203 -0.07767730
v 0.03717354 -0.80696203 -0.07547953
v 0.04407068 -0.80696203 -0.07266934
v 0.05039606 -0.80696203 -0.06925749
v 0.05616077 -0.80696203 -0.06525609
v 0.06136257 -0.80696203 -0.06067767
v 0.06599267 -0.80696203 -0.05553392
v 0.07003924 -0.80696203 -0.04983356
v 0.07348960 -0.80696203 -0.04357878
v 0.07633151 -0.80696203 -0.03675862
v 0.07855408 -0.80696203 -0.02933509
v 0.08014834 -0.80696203 -0.02120796
v 0.08110763 -0.80696203 -0.01209126
v 0.08254177 -0.78544304 0.00000000
v 0.08221717 -0.78544304 0.01220531
v 0.08124476 -0.78544304 0.02140800
v 0.07962869 -0.78544304 0.02961179
v 0.07737572 -0.78544304 0.03710535
v 0.07449493 -0.78544304 0.04398984
v 0.07099737 -0.78544304 0.05030362
v 0.06689544 -0.78544304 0.05605775
v 0.06220201 -0.78544304 0.06125001
v 0.05692904 -0.78544304 0.06587162
v 0.05108548 -0.78544304 0.06991076
v 0.04467356 -0.78544304 0.07335479
v 0.03768207 -0.78544304 0.07619149
v 0.03007204 -0.78544304 0.07840999
v 0.02174074 -0.78544304 0.08000132
v 0.01239501 -0.78544304 0.08095885
v 0.00000000 -0.78544304 0.08127848
v -0.01239501 -0.78544304 0.08095885
v -0.02174074 -0.78544304 0.08000132
v -0.03007204 -0.78544304 0.07840999
v -0.03768207 -0.78544304 0.07619149
v -0.04467356 -0.78544304 0.07335479
v -0.05108548 -0.78544304 0.06991076
v -0.05692904 -0.78544304 0.06587162
v -0.06220201 -0.78544304 0.06125001
v -0.06689544 -0.78544304 0.05605775
v -0.07099737 -0.78544304 0.05030362
v -0.07449493 -0.78544304 0.04398984
v -0.07737572 -0.78544304 0.03710535
v -0.07962869 -0.78544304 0.02961179
v -0.08124476 -0.78544304 0.02140800
v -0.08221717 -0.78544304 0.01220531
v -0.08254177 -0.78544304 0.00000000
v -0.08221717 -0.78544304 -0.01220531
v -0.08124476 -0.78544304 -0.02140800
v -0.07962869 -0.78544304 -0.02961179
v -0.07737572 -0.78544304 -0.03710535
v -0.07449493 -0.78544304 -0.04398984
v -0.07099737 -0.78544304 -0.05030362
v -0.06689544 -0.78544304 -0.05605775
v -0.06220201 -0.78544304 -0.06125001
v -0.05692904 -0.78544304 -0.06587162
v -0.05108548 -0.78544304 -0.06991076
v -0.04467356 -0.78544304 -0.07335479
v -0.03768207 -0.78544304 -0.07619149
v -0.03007204 -0.78544304 -0.07840999
v -0.02174074 -0.78544304 -0.08000132
v -0.01239501 -0.78544304 -0.08095885
v -0.00000000 -0.78544304 -0.08127848
v 0.01239501 -0.78544304 -0.08095885
v 0.02174074 -0.78544304 -0.08000132
v 0.03007204 -0.78544304 -0.07840999
v 0.03768207 -0.78544304 -0.07619149
v 0.04467356 -0.78544304 -0.07335479
v 0.05108548 -0.78544304 -0.06991076
v 0.05692904 -0.78544304 -0.06587162
v 0.06220201 -0.78544304 -0.06125001
v 0.06689544 -0.78544304 -0.05605775
v 0.07099737 -0.78544304 -0.05030362
v 0.07449493 -0.78544304 -0.04398984
v 0.07737572 -0.78544304 -0.03710535
v 0.07962869 -0.78544304 -0.02961179
v 0.08124476 -0.78544304 -0.02140800
v 0.08221717 -0.78544304 -0.01220531
v 0.08365570 -0.76392405 0.00000000
v 0.08332671 -0.76392405 0.01231936
v 0.08234118 -0.76392405 0.02160805
v 0.08070331 -0.76392405 0.02988849
v 0.07841992 -0.76392405 0.03745207
v 0.07550026 -0.76392405 0.04440089
v 0.07195550 -0.76392405 0.05077367
v 0.06779822 -0.76392405 0.05658157
v 0.06304144 -0.76392405 0.06182235
v 0.05769731 -0.76392405 0.06648714
v 0.05177489 -0.76392405 0.07056403
v 0.04527644 -0.76392405 0.07404024
v 0.03819060 -0.76392405 0.07690345
v 0.03047787 -0.76392405 0.07914268
v 0.02203414 -0.76392405 0.08074888
v 0.01256228 -0.76392405 0.08171535
v 0.00000000 -0.76392405 0.08203797
v -0.01256228 -0.76392405 0.08171535
v -0.02203414 -0.76392405 0.08074888
v -0.03047787 -0.76392405 0.07914268
v -0.03819060 -0.76392405 0.07690345
v -0.04527644 -0.76392405 0.07404024
v -0.05177489 -0.76392405 0.07056403
v -0.05769731 -0.76392405 0.06648714
v -0.06304144 -0.76392405 0.06182235
v -0.06779822 -0.76392405 0.05658157
v -0.07195550 -0.76392405 0.05077367
v -0.07550026 -0.76392405 0.04440089
v -0.07841992 -0.76392405 0.03745207
v -0.08070331 -0.76392405 0.02988849
v -0.08234118 -0.76392405 0.02160805
v -0.08332671 -0.76392405 0.01231936
v -0.08365570 -0.76392405 0.00000000
v -0.08332671 -0.76392405 -0.01231936
v -0.08234118 -0.76392405 -0.02160805
v -0.08070331 -0.76392405 -0.02988849
v -0.07841992 -0.76392405 -0.03745207
v -0.07550026 -0.76392405 -0.04440089
v -0.07195550 -0.76392405 -0.05077367
v -0.06779822 -0.76392405 -0.05658157
v -0.06304144 -0.76392405 -0.06182235
v -0.05769731 -0.76392405 -0.06648714
v -0.05177489 -0.76392405 -0.07056403
v -0.04527644 -0.76392405 -0.07404024
v -0.03819060 -0.76392405 -0.07690345
v -0.03047787 -0.76392405 -0.07914268
v -0.02203414 -0.76392405 -0.08074888
v -0.01256228 -0.76392405 -0.08171535
v -0.00000000 -0.76392405 -0.08203797
v 0.01256228 -0.76392405 -0.08171535
v 0.02203414 -0.76392405 -0.08074888
v 0.03047787 -0.76392405 -0.07914268
v 0.03819060 -0.76392405 -0.07690345
v 0.04527644 -0.76392405 -0.07404024
v 0.05177489 -0.76392405 -0.07056403
v 0.05769731 -0.76392405 -0.06648714
v 0.06304144 -0.76392405 -0.06182235
v 0.06779822 -0.76392405 -0.05658157
v 0.07195550 -0.76392405 -0.05077367
v 0.07550026 -0.76392405 -0.04440089
v 0.07841992 -0.76392405 -0.03745207
v 0.08070331 -0.76392405 -0.02988849
v 0.08234118 -0.76392405 -0.02160805
v 0.08332671 -0.76392405 -0.01231936
v 0.08476962 -0.74240506 0.00000000
v 0.08443626 -0.74240506 0.01243341
v 0.08343760 -0.74240506 0.02180809
v 0.08177792 -0.74240506 0.03016519
v 0.07946413 -0.74240506 0.03779880
v 0.07650559 -0.74240506 0.04481195
v 0.07291363 -0.74240506 0.05124373
v 0.06870099 -0.74240506 0.05710539
v 0.06388087 -0.74240506 0.06239470
v 0.05846559 -0.74240506 0.06710267
v 0.05246430 -0.74240506 0.07121730
v 0.04587933 -0.74240506 0.07472570
v 0.03869913 -0.74240506 0.07761541
v 0.03088370 -0.74240506 0.07987537
v 0.02232754 -0.74240506 0.08149644
v 0.01272956 -0.74240506 0.08247186
v 0.00000000 -0.74240506 0.08279747
v -0.01272956 -0.74240506 0.08247186
v -0.02232754 -0.74240506 0.08149644
v -0.03088370 -0.74240506 0.07987537
v -0.03869913 -0.74240506 0.07761541
v -0.04587933 -0.74240506 0.07472570
v -0.05246430 -0.74240506 0.07121730
v -0.05846559 -0.74240506 0.06710267
v -0.06388087 -0.74240506 0.06239470
v -0.06870099 -0.74240506 0.05710539
v -0.07291363 -0.74240506 0.05124373
v -0.07650559 -0.74240506 0.04481195
v -0.07946413 -0.74240506 0.03779880
v -0.08177792 -0.74240506 0.03016519
v -0.08343760 -0.74240506 0.02180809
v -0.08443626 -0.74240506 0.01243341
v -0.08476962 -0.74240506 0.00000000
v -0.08443626 -0.74240506 -0.01243341
v -0.08343760 -0.74240506 -0.02180809
v -0.08177792 -0.74240506 -0.03016519
v -0.07946413 -0.74240506 -0.03779880
v -0.07650559 -0.74240506 -0.04481195
v -0.07291363 -0.74240506 -0.05124373
v -0.06870099 -0.74240506 -0.05710539
v -0.06388087 -0.74240506 -0.06239470
v -0.05846559 -0.74240506 -0.06710267
v -0.05246430 -0.74240506 -0.07121730
v -0.04587933 -0.74240506 -0.07472570
v -0.03869913 -0.74240506 -0.07761541
v -0.03088370 -0.74240506 -0.07987537
v -0.02232754 -0.74240506 -0.08149644
v -0.01272956 -0.74240506 -0.08247186
v -0.00000000 -0.74240506 -0.08279747
v 0.01272956 -0.74240506 -0.08247186
v 0.02232754 -0.74240506 -0.08149644
v 0.03088370 -0.74240506 -0.07987537
v 0.03869913 -0.74240506 -0.07761541
v 0.04587933 -0.74240506 -0.07472570
v 0.05246430 -0.74240506 -0.07121730
v 0.05846559 -0.74240506 -0.06710267
v 0.06388087 -0.74240506 -0.06239470
v 0.06870099 -0.74240506 -0.05710539
v 0.07291363 -0.74240506 -0.05124373
v 0.07650559 -0.74240506 -0.04481195
v 0.07946413 -0.74240506 -0.03779880
v 0.08177792 -0.74240506 -0.03016519
v 0.08343760 -0.74240506 -0.02180809
v 0.08443626 -0.74240506 -0.01243341
v 0.08588354 -0.72088608 0.00000000
v 0.08554580 -0.72088608 0.01254746
v 0.08453402 -0.72088608 0.02200813
v 0.08285253 -0.72088608 0.03044190
v 0.08050834 -0.72088608 0.03814552
v 0.07751092 -0.72088608 0.04522301
v 0.07387176 -0.72088608 0.05171378
v 0.06960376 -0.72088608 0.05762922
v 0.06472031 -0.72088608 0.06296704
v 0.05923386 -0.72088608 0.06771820
v 0.05315371 -0.72088608 0.07187057
v 0.04648221 -0.72088608 0.07541115
v 0.03920766 -0.72088608 0.07832737
v 0.03128953 -0.72088608 0.08060806
v 0.02262093 -0.72088608 0.08224400
v 0.01289683 -0.72088608 0.08322837
v 0.00000000 -0.72088608 0.08355696
v -0.01289683 -0.72088608 0.08322837
v -0.02262093 -0.72088608 0.08224400
v -0.03128953 -0.72088608 0.08060806
v -0.03920766 -0.72088608 0.07832737
v -0.04648221 -0.72088608 0.07541115
v -0.05315371 -0.72088608 0.07187057
v -0.05923386 -0.72088608 0.06771820
v -0.06472031 -0.72088608 0.06296704
v -0.06960376 -0.72088608 0.05762922
v -0.07387176 -0.72088608 0.05171378
v -0.07751092 -0.72088608 0.04522301
v -0.08050834 -0.72088608 0.03814552
v -0.08285253 -0.72088608 0.03044190
v -0.08453402 -0.72088608 0.02200813
v -0.08554580 -0.72088608 0.01254746
v -0.08588354 -0.72088608 0.00000000
v -0.08554580 -0.72088608 -0.01254746
v -0.08453402 -0.72088608 -0.02200813
v -0.08285253 -0.72088608 -0.03044190
v -0.08050834 -0.72088608 -0.03814552
v -0.07751092 -0.72088608 -0.04522301
v -0.07387176 -0.72088608 -0.05171378
v -0.06960376 -0.72088608 -0.05762922
v -0.06472031 -0.72088608 -0.06296704
v -0.05923386 -0.72088608 -0.06771820
v -0.05315371 -0.72088608 -0.07187057
v -0.04648221 -0.72088608 -0.07541115
v -0.03920766 -0.72088608 -0.07832737
v -0.03128953 -0.72088608 -0.08060806
v -0.02262093 -0.72088608 -0.08224400
v -0.01289683 -0.72088608 -0.08322837
v -0.00000000 -0.72088608 -0.08355696
v 0.01289683 -0.72088608 -0.08322837
v 0.02262093 -0.72088608 -0.08224400
v 0.03128953 -0.72088608 -0.08060806
v 0.03920766 -0.72088608 -0.07832737
v 0.04648221 -0.72088608 -0.07541115
v 0.05315371 -0.72088608 -0.07187057
v 0.05923386 -0.72088608 -0.06771820
v 0.06472031 -0.72088608 -0.06296704
v 0.06960376 -0.72088608 -0.05762922
v 0.07387176 -0.72088608 -0.05171378
v 0.07751092 -0.72088608 -0.04522301
v 0.08050834 -0.72088608 -0.03814552
v 0.08285253 -0.72088608 -0.03044190
v 0.08453402 -0.72088608 -0.02200813
v 0.08554580 -0.72088608 -0.01254746
v 0.08699747 -0.69936709 0.00000000
v 0.08665534 -0.69936709 0.01266151
v 0.08563044 -0.69936709 0.02220818
v 0.08392714 -0.69936709 0.03071860
v 0.08155254 -0.69936709 0.03849225
v 0.07851625 -0.69936709 0.04563406
v 0.07482989 -0.69936709 0.05218383
v 0.07050653 -0.69936709 0.05815304
v 0.06555974 -0.69936709 0.06353938
v 0.06000213 -0.69936709 0.06833372
v 0.05384313 -0.69936709 0.07252384
v 0.04708509 -0.69936709 0.07609660
v 0.03971619 -0.69936709 0.07903933
v 0.03169536 -0.69936709 0.08134075
v 0.02291433 -0.69936709 0.08299156
v 0.01306411 -0.69936709 0.08398487
v 0.00000000 -0.69936709 0.08431646
v -0.01306411 -0.69936709 0.08398487
v -0.02291433 -0.69936709 0.08299156
v -0.03169536 -0.69936709 0.08134075
v -0.03971619 -0.69936709 0.07903933
v -0.04708509 -0.69936709 0.07609660
v -0.05384313 -0.69936709 0.07252384
v -0.06000213 -0.69936709 0.06833372
v -0.06555974 -0.69936709 0.06353938
v -0.07050653 -0.69936709 0.05815304
v -0.07482989 -0.69936709 0.05218383
v -0.07851625 -0.69936709 0.04563406
v -0.08155254 -0.69936709 0.03849225
v -0.08392714 -0.69936709 0.03071860
v -0.08563044 -0.69936709 0.02220818
v -0.08665534 -0.69936709 0.01266151
v -0.08699747 -0.69936709 0.00000000
v -0.08665534 -0.69936709 -0.01266151
v -0.08563044 -0.69936709 -0.02220818
v -0.08392714 -0.69936709 -0.03071860
v -0.08155254 -0.69936709 -0.03849225
v -0.07851625 -0.69936709 -0.04563406
v -0.07482989 -0.69936709 -0.05218383
v -0.07050653 -0.69936709 -0.05815304
v -0.06555974 -0.69936709 -0.06353938
v -0.06000213 -0.69936709 -0.06833372
v -0.05384313 -0.69936709 -0.07252384
v -0.04708509 -0.69936709 -0.07609660
v -0.03971619 -0.69936709 -0.07903933
v -0.03169536 -0.69936709 -0.08134075
v -0.02291433 -0.69936709 -0.08299156
v -0.01306411 -0.69936709 -0.08398487
v -0.00000000 -0.69936709 -0.08431646
v 0.01306411 -0.69936709 -0.08398487
v 0.02291433 -0.69936709 -0.08299156
v 0.03169536 -0.69936709 -0.08134075
v 0.03971619 -0.69936709 -0.07903933
v 0.04708509 -0.69936709 -0.07609660
v 0.05384313 -0.69936709 -0.07252384
v 0.06000213 -0.69936709 -0.06833372
v 0.06555974 -0.69936709 -0.06353938
v 0.07050653 -0.69936709 -0.05815304
v 0.07482989 -0.69936709 -0.05218383
v 0.07851625 -0.69936709 -0.04563406
v 0.08155254 -0.69936709 -0.03849225
v 0.08392714 -0.69936709 -0.03071860
v 0.08563044 -0.69936709 -0.02220818
v 0.08665534 -0.69936709 -0.01266151
v 0.08811139 -0.67784810 0.00000000
v 0.08776489 -0.67784810 0.01277556
v 0.08672686 -0.67784810 0.02240822
v 0.08500175 -0.67784810 0.03099530
v 0.08259675 -0.67784810 0.03883897
v 0.07952158 -0.67784810 0.04604512
v 0.07578802 -0.67784810 0.05265389
v 0.07140931 -0.67784810 0.05867686
v 0.06639917 -0.67784810 0.06411172
v 0.06077040 -0.67784810 0.06894925
v 0.05453254 -0.67784810 0.07317711
v 0.04768797 -0.67784810 0.07678205
v 0.04022472 -0.67784810 0.07975129
v 0.03210119 -0.67784810 0.08207343
v 0.02320773 -0.67784810 0.08373912
v 0.01323138 -0.67784810 0.08474138
v 0.00000000 -0.67784810 0.08507595
v -0.01323138 -0.67784810 0.08474138
v -0.02320773 -0.67784810 0.08373912
v -0.03210119 -0.67784810 0.08207343
v -0.04022472 -0.67784810 0.07975129
v -0.04768797 -0.67784810 0.07678205
v -0.05453254 -0.67784810 0.07317711
v -0.06077040 -0.67784810 0.06894925
v -0.06639917 -0.67784810 0.06411172
v -0.07140931 -0.67784810 0.05867686
v -0.07578802 -0.67784810 0.05265389
v -0.07952158 -0.67784810 0.04604512
v -0.08259675 -0.67784810 0.03883897
v -0.08500175 -0.67784810 0.03099530
v -0.08672686 -0.67784810 0.02240822
v -0.08776489 -0.67784810 0.01277556
v -0.08811139 -0.67784810 0.00000000
v -0.08776489 -0.67784810 -0.01277556
v -0.08672686 -0.67784810 -0.02240822
v -0.08500175 -0.67784810 -0.03099530
v -0.08259675 -0.67784810 -0.03883897
v -0.07952158 -0.67784810 -0.04604512
v -0.07578802 -0.67784810 -0.05265389
v -0.07140931 -0.67784810 -0.05867686
v -0.06639917 -0.67784810 -0.06411172
v -0.06077040 -0.67784810 -0.06894925
v -0.05453254 -0.67784810 -0.07317711
v -0.04768797 -0.67784810 -0.07678205
v -0.04022472 -0.67784810 -0.07975129
v -0.03210119 -0.67784810 -0.08207343
v -0.02320773 -0.67784810 -0.08373912
v -0.01323138 -0.67784810 -0.08474138
v -0.00000000 -0.67784810 -0.08507595
v 0.01323138 -0.67784810 -0.08474138
v 0.02320773 -0.67784810 -0.08373912
v 0.03210119 -0.67784810 -0.08207343
v 0.04022472 -0.67784810 -0.07975129
v 0.04768797 -0.67784810 -0.07678205
v 0.05453254 -0.67784810 -0.07317711
v 0.06077040 -0.67784810 -0.06894925
v 0.06639917 -0.67784810 -0.06411172
v 0.07140931 -0.67784810 -0.05867686
v 0.07578802 -0.67784810 -0.05265389
v 0.07952158 -0.67784810 -0.04604512
v 0.08259675 -0.67784810 -0.03883897
v 0.08500175 -0.67784810 -0.03099530
v 0.08672686 -0.67784810 -0.02240822
v 0.08776489 -0.67784810 -0.01277556
v 0.08922532 -0.65632911 0.00000000
v 0.08887443 -0.65632911 0.01288961
v 0.08782329 -0.65632911 0.02260827
v 0.08607636 -0.65632911 0.03127200
v 0.08364096 -0.65632911 0.03918570
v 0.08052690 -0.65632911 0.04645617
v 0.07674615 -0.65632911 0.05312394
v 0.07231208 -0.65632911 0.05920068
v 0.06723861 -0.65632911 0.06468406
v 0.06153868 -0.65632911 0.06956478
v 0.05522195 -0.65632911 0.07383038
v 0.04829085 -0.65632911 0.07746750
v 0.04073325 -0.65632911 0.08046325
v 0.03250702 -0.65632911 0.08280612
v 0.02350113 -0.65632911 0.08448668
v 0.01339865 -0.65632911 0.08549789
v 0.00000000 -0.65632911 0.08583544
v -0.01339865 -0.65632911 0.08549789
v -0.02350113 -0.65632911 0.08448668
v -0.03250702 -0.65632911 0.08280612
v -0.04073325 -0.65632911 0.08046325
v -0.04829085 -0.65632911 0.07746750
v -0.05522195 -0.65632911 0.07383038
v -0.06153868 -0.65632911 0.06956478
v -0.06723861 -0.65632911 0.06468406
v -0.07231208 -0.65632911 0.05920068
v -0.07674615 -0.65632911 0.05312394
v -0.08052690 -0.65632911 0.04645617
v -0.08364096 -0.65632911 0.03918570
v -0.08607636 -0.65632911 0.03127200
v -0.08782329 -0.65632911 0.02260827
v -0.08887443 -0.65632911 0.01288961
v -0.08922532 -0.65632911 0.00000000
v -0.08887443 -0.65632911 -0.01288961
v -0.08782329 -0.65632911 -0.02260827
v -0.08607636 -0.65632911 -0.03127200
v -0.08364096 -0.65632911 -0.03918570
v -0.08052690 -0.65632911 -0.04645617
v -0.07674615 -0.65632911 -0.05312394
v -0.07231208 -0.65632911 -0.05920068
v -0.06723861 -0.65632911 -0.06468406
v -0.06153868 -0.65632911 -0.06956478
v -0.05522195 -0.65632911 -0.07383038
v -0.04829085 -0.65632911 -0.07746750
v -0.04073325 -0.65632911 -0.08046325
v -0.03250702 -0.65632911 -0.08280612
v -0.02350113 -0.65632911 -0.08448668
v -0.01339865 -0.65632911 -0.08549789
v -0.00000000 -0.65632911 -0.08583544
v 0.01339865 -0.65632911 -0.08549789
v 0.02350113 -0.65632911 -0.08448668
v 0.03250702 -0.65632911 -0.08280612
v 0.04073325 -0.65632911 -0.08046325
v 0.04829085 -0.65632911 -0.07746750
v 0.05522195 -0.65632911 -0.07383038
v 0.06153868 -0.65632911 -0.06956478
v 0.06723861 -0.65632911 -0.06468406
v 0.07231208 -0.65632911 -0.05920068
v 0.07674615 -0.65632911 -0.05312394
v 0.08052690 -0.65632911 -0.04645617
v 0.08364096 -0.65632911 -0.03918570
v 0.08607636 -0.65632911 -0.03127200
v 0.08782329 -0.65632911 -0.02260827
v 0.08887443 -0.65632911 -0.01288961
v 0.09033924 -0.63481013 0.00000000
v 0.08998397 -0.63481013 0.01300366
v 0.08891971 -0.63481013 0.02280831
v 0.08715097 -0.63481013 0.03154871
v 0.08468516 -0.63481013 0.03953242
v 0.08153223 -0.63481013 0.04686723
v 0.07770427 -0.63481013 0.05359400
v 0.07321485 -0.63481013 0.05972451
v 0.06807804 -0.63481013 0.06525640
v 0.06230695 -0.63481013 0.07018030
v 0.05591136 -0.63481013 0.07448365
v 0.04889374 -0.63481013 0.07815296
v 0.04124178 -0.63481013 0.08117520
v 0.03291285 -0.63481013 0.08353881
v 0.02379452 -0.63481013 0.08523424
v 0.01356593 -0.63481013 0.08625440
v 0.00000000 -0.63481013 0.08659494
v -0.01356593 -0.63481013 0.08625440
v -0.02379452 -0.63481013 0.08523424
v -0.03291285 -0.63481013 0.08353881
v -0.04124178 -0.63481013 0.08117520
v -0.04889374 -0.63481013 0.07815296
v -0.05591136 -0.63481013 0.07448365
v -0.06230695 -0.63481013 0.07018030
v -0.06807804 -0.63481013 0.06525640
v -0.07321485 -0.63481013 0.05972451
v -0.07770427 -0.63481013 0.05359400
v -0.08153223 -0.63481013 0.04686723
v -0.08468516 -0.63481013 0.03953242
v -0.08715097 -0.63481013 0.03154871
v -0.08891971 -0.63481013 0.02280831
v -0.08998397 -0.63481013 0.01300366
v -0.09033924 -0.63481013 0.00000000
v -0.08998397 -0.63481013 -0.01300366
v -0.08891971 -0.63481013 -0.02280831
v -0.08715097 -0.63481013 -0.03154871
v -0.08468516 -0.63481013 -0.03953242
v -0.08153223 -0.63481013 -0.04686723
v -0.07770427 -0.63481013 -0.05359400
v -0.07321485 -0.63481013 -0.05972451
v -0.06807804 -0.63481013 -0.06525640
v -0.06230695 -0.63481013 -0.07018030
v -0.05591136 -0.63481013 -0.07448365
v -0.04889374 -0.63481013 -0.07815296
v -0.04124178 -0.63481013 -0.08117520
v -0.03291285 -0.63481013 -0.08353881
v -0.02379452 -0.63481013 -0.08523424
v -0.01356593 -0.63481013 -0.08625440
v -0.00000000 -0.63481013 -0.08659494
v 0.01356593 -0.63481013 -0.08625440
v 0.02379452 -0.63481013 -0.08523424
v 0.03291285 -0.63481013 -0.08353881
v 0.04124178 -0.63481013 -0.08117520
v 0.04889374 -0.63481013 -0.07815296
v 0.05591136 -0.63481013 -0.07448365
v 0.06230695 -0.63481013 -0.07018030
v 0.06807804 -0.63481013 -0.06525640
v 0.07321485 -0.63481013 -0.05972451
v 0.07770427 -0.63481013 -0.05359400
v 0.08153223 -0.63481013 -0.04686723
v 0.08468516 -0.63481013 -0.03953242
v 0.08715097 -0.63481013 -0.03154871
v 0.08891971 -0.63481013 -0.02280831
v 0.08998397 -0.63481013 -0.01300366
v 0.09145316 -0.61329114 0.00000000
v 0.09109352 -0.61329114 0.01311771
v 0.09001613 -0.61329114 0.02300835
v 0.08822558 -0.61329114 0.03182541
v 0.08572937 -0.61329114 0.03987915
v 0.08253756 -0.61329114 0.04727829
v 0.07866240 -0.61329114 0.05406405
v 0.07411762 -0.61329114 0.06024833
v 0.06891747 -0.61329114 0.06582874
v 0.06307522 -0.61329114 0.07079583
v 0.05660078 -0.61329114 0.07513692
v 0.04949662 -0.61329114 0.07883841
v 0.04175031 -0.61329114 0.08188716
v 0.03331868 -0.61329114 0.08427150
v 0.02408792 -0.61329114 0.08598180
v 0.01373320 -0.61329114 0.08701090
v 0.00000000 -0.61329114 0.08735443
v -0.01373320 -0.61329114 0.08701090
v -0.02408792 -0.61329114 0.08598180
v -0.03331868 -0.61329114 0.08427150
v -0.04175031 -0.61329114 0.08188716
v -0.04949662 -0.61329114 0.07883841
v -0.05660078 -0.61329114 0.07513692
v -0.06307522 -0.61329114 0.07079583
v -0.06891747 -0.61329114 0.06582874
v -0.07411762 -0.61329114 0.06024833
v -0.07866240 -0.61329114 0.05406405
v -0.08253756 -0.61329114 0.04727829
v -0.08572937 -0.61329114 0.03987915
v -0.08822558 -0.61329114 0.03182541
v -0.09001613 -0.61329114 0.02300835
v -0.09109352 -0.61329114 0.01311771
v -0.09145316 -0.61329114 0.00000000
v -0.09109352 -0.61329114 -0.01311771
v -0.09001613 -0.61329114 -0.02300835
v -0.08822558 -0.61329114 -0.03182541
v -0.08572937 -0.61329114 -0.03987915
v -0.08253756 -0.61329114 -0.04727829
v -0.07866240 -0.61329114 -0.05406405
v -0.07411762 -0.61329114 -0.06024833
v -0.06891747 -0.61329114 -0.06582874
v -0.06307522 -0.61329114 -0.07079583
v -0.05660078 -0.61329114 -0.07513692
v -0.04949662 -0.61329114 -0.07883841
v -0.04175031 -0.61329114 -0.08188716
v -0.03331868 -0.61329114 -0.08427150
v -0.02408792 -0.61329114 -0.08598180
v -0.01373320 -0.61329114 -0.08701090
v -0.00000000 -0.61329114 -0.08735443
v 0.01373320 -0.61329114 -0.08701090
v 0.02408792 -0.61329114 -0.08598180
v 0.03331868 -0.61329114 -0.08427150
v 0.04175031 -0.61329114 -0.08188716
v 0.04949662 -0.61329114 -0.07883841
v 0.05660078 -0.61329114 -0.07513692
v 0.06307522 -0.61329114 -0.07079583
v 0.06891747 -0.61329114 -0.06582874
v 0.07411762 -0.61329114 -0.06024833
v 0.07866240 -0.61329114 -0.05406405
v 0.08253756 -0.61329114 -0.04727829
v 0.08572937 -0.61329114 -0.03987915
v 0.08822558 -0.61329114 -0.03182541
v 0.09001613 -0.61329114 -0.02300835
v 0.09109352 -0.61329114 -0.01311771
v 0.09256709 -0.59177215 0.00000000
v 0.09220306 -0.59177215 0.01323176
v 0.09111255 -0.59177215 0.02320840
v 0.08930020 -0.59177215 0.03210211
v 0.08677358 -0.59177215 0.04022587
v 0.08354289 -0.59177215 0.04768934
v 0.07962053 -0.59177215 0.05453411
v 0.07502040 -0.59177215 0.06077215
v 0.06975691 -0.59177215 0.06640108
v 0.06384350 -0.59177215 0.07141136
v 0.05729019 -0.59177215 0.07579019
v 0.05009950 -0.59177215 0.07952386
v 0.04225884 -0.59177215 0.08259912
v 0.03372451 -0.59177215 0.08500419
v 0.02438132 -0.59177215 0.08672936
v 0.01390048 -0.59177215 0.08776741
v 0.00000000 -0.59177215 0.08811392
v -0.01390048 -0.59177215 0.08776741
v -0.02438132 -0.59177215 0.08672936
v -0.03372451 -0.59177215 0.08500419
v -0.04225884 -0.59177215 0.08259912
v -0.05009950 -0.59177215 0.07952386
v -0.05729019 -0.59177215 0.07579019
v -0.06384350 -0.59177215 0.07141136
v -0.06975691 -0.59177215 0.06640108
v -0.07502040 -0.59177215 0.06077215
v -0.07962053 -0.59177215 0.05453411
v -0.08354289 -0.59177215 0.04768934
v -0.08677358 -0.59177215 0.04022587
v -0.08930020 -0.59177215 0.03210211
v -0.09111255 -0.59177215 0.02320840
v -0.09220306 -0.59177215 0.01323176
v -0.09256709 -0.59177215 0.00000000
v -0.09220306 -0.59177215 -0.01323176
v -0.09111255 -0.59177215 -0.02320840
v -0.08930020 -0.59177215 -0.03210211
v -0.08677358 -0.59177215 -0.04022587
v -0.08354289 -0.59177215 -0.04768934
v -0.07962053 -0.59177215 -0.05453411
v -0.07502040 -0.59177215 -0.06077215
v -0.06975691 -0.59177215 -0.06640108
v -0.06384350 -0.59177215 -0.07141136
v -0.05729019 -0.59177215 -0.07579019
v -0.05009950 -0.59177215 -0.07952386
v -0.04225884 -0.59177215 -0.08259912
v -0.03372451 -0.59177215 -0.08500419
v -0.02438132 -0.59177215 -0.08672936
v -0.01390048 -0.59177215 -0.08776741
v -0.00000000 -0.59177215 -0.08811392
v 0.01390048 -0.59177215 -0.08776741
v 0.02438132 -0.59177215 -0.08672936
v 0.03372451 -0.59177215 -0.08500419
v 0.04225884 -0.59177215 -0.08259912
v 0.05009950 -0.59177215 -0.07952386
v 0.05729019 -0.59177215 -0.07579019
v 0.06384350 -0.59177215 -0.07141136
v 0.06975691 -0.59177215 -0.06640108
v 0.07502040 -0.59177215 -0.06077215
v 0.07962053 -0.59177215 -0.05453411
v 0.08354289 -0.59177215 -0.04768934
v 0.08677358 -0.59177215 -0.04022587
v 0.08930020 -0.59177215 -0.03210211
v 0.09111255 -0.59177215 -0.02320840
v 0.09220306 -0.59177215 -0.01323176
v 0.09368101 -0.57025316 0.00000000
v 0.09331260 -0.57025316 0.01334581
v 0.09220897 -0.57025316 0.02340844
v 0.09037481 -0.57025316 0.03237882
v 0.08781778 -0.57025316 0.04057260
v 0.08454822 -0.57025316 0.04810040
v 0.08057866 -0.57025316 0.05500416
v 0.07592317 -0.57025316 0.06129597
v 0.07059634 -0.57025316 0.06697342
v 0.06461177 -0.57025316 0.07202688
v 0.05797960 -0.57025316 0.07644346
v 0.05070238 -0.57025316 0.08020931
v 0.04276737 -0.57025316 0.08331108
v 0.03413034 -0.57025316 0.08573688
v 0.02467472 -0.57025316 0.08747692
v 0.01406775 -0.57025316 0.08852392
v 0.00000000 -0.57025316 0.08887342
v -0.01406775 -0.57025316 0.08852392
v -0.02467472 -0.57025316 0.08747692
v -0.03413034 -0.57025316 0.08573688
v -0.04276737 -0.57025316 0.08331108
v -0.05070238 -0.57025316 0.08020931
v -0.05797960 -0.57025316 0.07644346
v -0.06461177 -0.57025316 0.07202688
v -0.07059634 -0.57025316 0.06697342
v -0.07592317 -0.57025316 0.06129597
v -0.08057866 -0.57025316 0.05500416
v -0.08454822 -0.57025316 0.04810040
v -0.08781778 -0.57025316 0.04057260
v -0.09037481 -0.57025316 0.03237882
v -0.09220897 -0.57025316 0.02340844
v -0.09331260 -0.57025316 0.01334581
v -0.09368101 -0.57025316 0.00000000
v -0.09331260 -0.57025316 -0.01334581
v -0.09220897 -0.57025316 -0.02340844
v -0.09037481 -0.57025316 -0.03237882
v -0.08781778 -0.57025316 -0.04057260
v -0.08454822 -0.57025316 -0.04810040
v -0.08057866 -0.57025316 -0.05500416
v -0.07592317 -0.57025316 -0.06129597
v -0.07059634 -0.57025316 -0.06697342
v -0.06461177 -0.57025316 -0.07202688
v -0.05797960 -0.57025316 -0.07644346
v -0.05070238 -0.57025316 -0.08020931
v -0.04276737 -0.57025316 -0.08331108
v -0.03413034 -0.57025316 -0.08573688
v -0.02467472 -0.57025316 -0.08747692
v -0.01406775 -0.57025316 -0.08852392
v -0.00000000 -0.57025316 -0.08887342
v 0.01406775 -0.57025316 -0.08852392
v 0.02467472 -0.57025316 -0.08747692
v 0.03413034 -0.57025316 -0.08573688
v 0.04276737 -0.57025316 -0.08331108
v 0.05070238 -0.57025316 -0.08020931
v 0.05797960 -0.57025316 -0.07644346
v 0.06461177 -0.57025316 -0.07202688
v 0.07059634 -0.57025316 -0.06697342
v 0.07592317 -0.57025316 -0.06129597
v 0.08057866 -0.57025316 -0.05500416
v 0.08454822 -0.57025316 -0.04810040
v 0.08781778 -0.57025316 -0.04057260
v 0.09037481 -0.57025316 -0.03237882
v 0.09220897 -0.57025316 -0.02340844
v 0.09331260 -0.57025316 -0.01334581
v 0.09479494 -0.54873418 0.00000000
v 0.09442215 -0.54873418 0.01345986
v 0.09330539 -0.54873418 0.02360848
v 0.09144942 -0.54873418 0.03265552
v 0.08886199 -0.54873418 0.04091932
v 0.08555355 -0.54873418 0.04851145
v 0.08153679 -0.54873418 0.05547421
v 0.07682594 -0.54873418 0.06181980
v 0.07143577 -0.54873418 0.06754576
v 0.06538004 -0.54873418 0.07264241
v 0.05866901 -0.54873418 0.07709673
v 0.05130526 -0.54873418 0.08089476
v 0.04327590 -0.54873418 0.08402304
v 0.03453617 -0.54873418 0.08646957
v 0.02496811 -0.54873418 0.08822448
v 0.01423502 -0.54873418 0.08928042
v 0.00000000 -0.54873418 0.08963291
v -0.01423502 -0.54873418 0.08928042
v -0.02496811 -0.54873418 0.08822448
v -0.03453617 -0.54873418 0.08646957
v -0.04327590 -0.54873418 0.08402304
v -0.05130526 -0.54873418 0.08089476
v -0.05866901 -0.54873418 0.07709673
v -0.06538004 -0.54873418 0.07264241
v -0.07143577 -0.54873418 0.06754576
v -0.07682594 -0.54873418 0.06181980
v -0.08153679 -0.54873418 0.05547421
v -0.08555355 -0.54873418 0.04851145
v -0.08886199 -0.54873418 0.04091932
v -0.09144942 -0.54873418 0.03265552
v -0.09330539 -0.54873418 0.02360848
v -0.09442215 -0.54873418 0.01345986
v -0.09479494 -0.54873418 0.00000000
v -0.09442215 -0.54873418 -0.01345986
v -0.09330539 -0.54873418 -0.02360848
v -0.09144942 -0.54873418 -0.03265552
v -0.08886199 -0.54873418 -0.04091932
v -0.08555355 -0.54873418 -0.04851145
v -0.08153679 -0.54873418 -0.05547421
v -0.07682594 -0.54873418 -0.06181980
v -0.07143577 -0.54873418 -0.06754576
v -0.06538004 -0.54873418 -0.07264241
v -0.05866901 -0.54873418 -0.07709673
v -0.05130526 -0.54873418 -0.08089476
v -0.04327590 -0.54873418 -0.08402304
v -0.03453617 -0.54873418 -0.08646957
v -0.02496811 -0.54873418 -0.08822448
v -0.01423502 -0.54873418 -0.08928042
v -0.00000000 -0.54873418 -0.08963291
v 0.01423502 -0.54873418 -0.08928042
v 0.02496811 -0.54873418 -0.08822448
v 0.03453617 -0.54873418 -0.08646957
v 0.04327590 -0.54873418 -0.08402304
v 0.05130526 -0.54873418 -0.08089476
v 0.05866901 -0.54873418 -0.07709673
v 0.06538004 -0.54873418 -0.07264241
v 0.07143577 -0.54873418 -0.06754576
v 0.07682594 -0.54873418 -0.06181980
v 0.08153679 -0.54873418 -0.05547421
v 0.08555355 -0.54873418 -0.04851145
v 0.08886199 -0.54873418 -0.04091932
v 0.09144942 -0.54873418 -0.03265552
v 0.09330539 -0.54873418 -0.02360848
v 0.09442215 -0.54873418 -0.01345986
v 0.09590886 -0.52721519 0.00000000
v 0.09553169 -0.52721519 0.01357391
v 0.09440181 -0.52721519 0.02380853
v 0.09252403 -0.52721519 0.03293222
v 0.08990620 -0.52721519 0.04126605
v 0.08655888 -0.52721519 0.04892251
v 0.08249492 -0.52721519 0.05594427
v 0.07772871 -0.52721519 0.06234362
v 0.07227521 -0.52721519 0.06811810
v 0.06614832 -0.52721519 0.07325794
v 0.05935843 -0.52721519 0.07775000
v 0.05190815 -0.52721519 0.08158022
v 0.04378443 -0.52721519 0.08473500
v 0.03494200 -0.52721519 0.08720226
v 0.02526151 -0.52721519 0.08897204
v 0.01440230 -0.52721519 0.09003693
v 0.00000000 -0.52721519 0.09039241
v -0.01440230 -0.52721519 0.09003693
v -0.02526151 -0.52721519 0.08897204
v -0.03494200 -0.52721519 0.08720226
v -0.04378443 -0.52721519 0.08473500
v -0.05190815 -0.52721519 0.08158022
v -0.05935843 -0.52721519 0.07775000
v -0.06614832 -0.52721519 0.07325794
v -0.07227521 -0.52721519 0.06811810
v -0.07772871 -0.52721519 0.06234362
v -0.08249492 -0.52721519 0.05594427
v -0.08655888 -0.52721519 0.04892251
v -0.08990620 -0.52721519 0.04126605
v -0.09252403 -0.52721519 0.03293222
v -0.09440181 -0.52721519 0.02380853
v -0.09553169 -0.52721519 0.01357391
v -0.09590886 -0.52721519 0.00000000
v -0.09553169 -0.52721519 -0.01357391
v -0.09440181 -0.52721519 -0.02380853
v -0.09252403 -0.52721519 -0.03293222
v -0.08990620 -0.52721519 -0.04126605
v -0.08655888 -0.52721519 -0.04892251
v -0.08249492 -0.52721519 -0.05594427
v -0.07772871 -0.52721519 -0.06234362
v -0.07227521 -0.52721519 -0.06811810
v -0.06614832 -0.52721519 -0.07325794
v -0.05935843 -0.52721519 -0.07775000
v -0.05190815 -0.52721519 -0.08158022
v -0.04378443 -0.52721519 -0.08473500
v -0.03494200 -0.52721519 -0.08720226
v -0.02526151 -0.52721519 -0.08897204
v -0.01440230 -0.52721519 -0.09003693
v -0.00000000 -0.52721519 -0.09039241
v 0.01440230 -0.52721519 -0.09003693
v 0.02526151 -0.52721519 -0.08897204
v 0.03494200 -0.52721519 -0.08720226
v 0.04378443 -0.52721519 -0.08473500
v 0.05190815 -0.52721519 -0.08158022
v 0.05935843 -0.52721519 -0.07775000
v 0.06614832 -0.52721519 -0.07325794
v 0.07227521 -0.52721519 -0.06811810
v 0.07772871 -0.52721519 -0.06234362
v 0.08249492 -0.52721519 -0.05594427
v 0.08655888 -0.52721519 -0.04892251
v 0.08990620 -0.52721519 -0.04126605
v 0.09252403 -0.52721519 -0.03293222
v 0.09440181 -0.52721519 -0.02380853
v 0.09553169 -0.52721519 -0.01357391
v 0.09702278 -0.50569620 0.00000000
v 0.09664124 -0.50569620 0.01368796
v 0.09549823 -0.50569620 0.02400857
v 0.09359864 -0.50569620 0.03320892
v 0.09095040 -0.50569620 0.04161277
v 0.08756421 -0.50569620 0.04933357
v 0.08345305 -0.50569620 0.05641432
v 0.07863149 -0.50569620 0.06286744
v 0.07311464 -0.50569620 0.06869045
v 0.06691659 -0.50569620 0.07387346
v 0.06004784 -0.50569620 0.07840327
v 0.05251103 -0.50569620 0.08226567
v 0.04429296 -0.50569620 0.08544696
v 0.03534783 -0.50569620 0.08793495
v 0.02555491 -0.50569620 0.08971959
v 0.01456957 -0.50569620 0.09079344
v 0.00000000 -0.50569620 0.09115190
v -0.01456957 -0.50569620 0.09079344
v -0.02555491 -0.50569620 0.08971959
v -0.03534783 -0.50569620 0.08793495
v -0.04429296 -0.50569620 0.08544696
v -0.05251103 -0.50569620 0.08226567
v -0.06004784 -0.50569620 0.07840327
v -0.06691659 -0.50569620 0.07387346
v -0.07311464 -0.50569620 0.06869045
v -0.07863149 -0.50569620 0.06286744
v -0.08345305 -0.50569620 0.05641432
v -0.08756421 -0.50569620 0.04933357
v -0.09095040 -0.50569620 0.04161277
v -0.09359864 -0.50569620 0.03320892
v -0.09549823 -0.50569620 0.02400857
v -0.09664124 -0.50569620 0.01368796
v -0.09702278 -0.50569620 0.00000000
v -0.09664124 -0.50569620 -0.01368796
v -0.09549823 -0.50569620 -0.02400857
v -0.09359864 -0.50569620 -0.03320892
v -0.09095040 -0.50569620 -0.04161277
v -0.08756421 -0.50569620 -0.04933357
v -0.08345305 -0.50569620 -0.05641432
v -0.07863149 -0.50569620 -0.06286744
v -0.07311464 -0.50569620 -0.06869045
v -0.06691659 -0.50569620 -0.07387346
v -0.06004784 -0.50569620 -0.07840327
v -0.05251103 -0.50569620 -0.08226567
v -0.04429296 -0.50569620 -0.08544696
v -0.03534783 -0.50569620 -0.08793495
v -0.02555491 -0.50569620 -0.08971959
v -0.01456957 -0.50569620 -0.09079344
v -0.00000000 -0.50569620 -0.09115190
v 0.01456957 -0.50569620 -0.09079344
v 0.02555491 -0.50569620 -0.08971959
v 0.03534783 -0.50569620 -0.08793495
v 0.04429296 -0.50569620 -0.08544696
v 0.05251103 -0.50569620 -0.08226567
v 0.06004784 -0.50569620 -0.07840327
v 0.06691659 -0.50569620 -0.07387346
v 0.07311464 -0.50569620 -0.06869045
v 0.07863149 -0.50569620 -0.06286744
v 0.08345305 -0.50569620 -0.05641432
v 0.08756421 -0.50569620 -0.04933357
v 0.09095040 -0.50569620 -0.04161277
v 0.09359864 -0.50569620 -0.03320892
v 0.09549823 -0.50569620 -0.02400857
v 0.09664124 -0.50569620 -0.01368796
v 0.09813671 -0.48417722 0.00000000
v 0.09775078 -0.48417722 0.01380201
v 0.09659465 -0.48417722 0.02420861
v 0.09467325 -0.48417722 0.03348563
v 0.09199461 -0.48417722 0.04195950
v 0.08856954 -0.48417722 0.04974462
v 0.08441118 -0.48417722 0.05688438
v 0.07953426 -0.48417722 0.06339126
v 0.07395407 -0.48417722 0.06926279
v 0.06768486 -0.48417722 0.07448899
v 0.06073725 -0.48417722 0.07905654
v 0.05311391 -0.48417722 0.08295112
v 0.04480149 -0.48417722 0.08615892
v 0.03575366 -0.48417722 0.08866764
v 0.02584831 -0.48417722 0.09046715
v 0.01473685 -0.48417722 0.09154994
v 0.00000000 -0.48417722 0.09191139
v -0.01473685 -0.48417722 0.09154994
v -0.02584831 -0.48417722 0.09046715
v -0.03575366 -0.48417722 0.08866764
v -0.04480149 -0.48417722 0.08615892
v -0.05311391 -0.48417722 0.08295112
v -0.06073725 -0.48417722 0.07905654
v -0.06768486 -0.48417722 0.07448899
v -0.07395407 -0.48417722 0.06926279
v -0.07953426 -0.48417722 0.06339126
v -0.08441118 -0.48417722 0.05688438
v -0.08856954 -0.48417722 0.04974462
v -0.09199461 -0.48417722 0.04195950
v -0.09467325 -0.48417722 0.03348563
v -0.09659465 -0.48417722 0.02420861
v -0.09775078 -0.48417722 0.01380201
v -0.09813671 -0.48417722 0.00000000
v -0.09775078 -0.48417722 -0.01380201
v -0.09659465 -0.48417722 -0.02420861
v -0.09467325 -0.48417722 -0.03348563
v -0.09199461 -0.48417722 -0.04195950
v -0.08856954 -0.48417722 -0.04974462
v -0.08441118 -0.48417722 -0.05688438
v -0.07953426 -0.48417722 -0.06339126
v -0.07395407 -0.48417722 -0.06926279
v -0.06768486 -0.48417722 -0.07448899
v -0.06073725 -0.48417722 -0.07905654
v -0.05311391 -0.48417722 -0.08295112
v -0.04480149 -0.48417722 -0.08615892
v -0.03575366 -0.48417722 -0.08866764
v -0.02584831 -0.48417722 -0.09046715
v -0.01473685 -0.48417722 -0.09154994
v -0.00000000 -0.48417722 -0.09191139
v 0.01473685 -0.48417722 -0.09154994
v 0.02584831 -0.48417722 -0.09046715
v 0.03575366 -0.48417722 -0.08866764
v 0.04480149 -0.48417722 -0.08615892
v 0.05311391 -0.48417722 -0.08295112
v 0.06073725 -0.48417722 -0.07905654
v 0.06768486 -0.48417722 -0.07448899
v 0.07395407 -0.48417722 -0.06926279
v 0.07953426 -0.48417722 -0.06339126
v 0.08441118 -0.48417722 -0.05688438
v 0.08856954 -0.48417722 -0.04974462
v 0.09199461 -0.48417722 -0.04195950
v 0.09467325 -0.48417722 -0.03348563
v 0.09659465 -0.48417722 -0.02420861
v 0.09775078 -0.48417722 -0.01380201
v 0.09925063 -0.46265823 0.00000000
v 0.09886032 -0.46265823 0.01391606
v 0.09769107 -0.46265823 0.02440866
v 0.09574786 -0.46265823 0.03376233
v 0.09303882 -0.46265823 0.04230622
v 0.08957487 -0.46265823 0.05015568
v 0.08536931 -0.46265823 0.05735443
v 0.08043703 -0.46265823 0.06391509
v 0.07479351 -0.46265823 0.06983513
v 0.06845314 -0.46265823 0.07510452
v 0.06142666 -0.46265823 0.07970981
v 0.05371679 -0.46265823 0.08363657
v 0.04531002 -0.46265823 0.08687088
v 0.03615949 -0.46265823 0.08940033
v 0.02614170 -0.46265823 0.09121471
v 0.01490412 -0.46265823 0.09230645
v 0.00000000 -0.46265823 0.09267089
v -0.01490412 -0.46265823 0.09230645
v -0.02614170 -0.46265823 0.09121471
v -0.03615949 -0.46265823 0.08940033
v -0.04531002 -0.46265823 0.08687088
v -0.05371679 -0.46265823 0.08363657
v -0.06142666 -0.46265823 0.07970981
v -0.06845314 -0.46265823 0.07510452
v -0.07479351 -0.46265823 0.06983513
v -0.08043703 -0.46265823 0.06391509
v -0.08536931 -0.46265823 0.05735443
v -0.08957487 -0.46265823 0.05015568
v -0.09303882 -0.46265823 0.04230622
v -0.09574786 -0.46265823 0.03376233
v -0.09769107 -0.46265823 0.02440866
v -0.09886032 -0.46265823 0.01391606
v -0.09925063 -0.46265823 0.00000000
v -0.09886032 -0.46265823 -0.01391606
v -0.09769107 -0.46265823 -0.02440866
v -0.09574786 -0.46265823 -0.03376233
v -0.09303882 -0.46265823 -0.04230622
v -0.08957487 -0.46265823 -0.05015568
v -0.08536931 -0.46265823 -0.05735443
v -0.08043703 -0.46265823 -0.06391509
v -0.07479351 -0.46265823 -0.06983513
v -0.06845314 -0.46265823 -0.07510452
v -0.06142666 -0.46265823 -0.07970981
v -0.05371679 -0.46265823 -0.08363657
v -0.04531002 -0.46265823 -0.08687088
v -0.03615949 -0.46265823 -0.08940033
v -0.02614170 -0.46265823 -0.09121471
v -0.01490412 -0.46265823 -0.09230645
v -0.00000000 -0.46265823 -0.09267089
v 0.01490412 -0.46265823 -0.09230645
v 0.02614170 -0.46265823 -0.09121471
v 0.03615949 -0.46265823 -0.08940033
v 0.04531002 -0.46265823 -0.08687088
v 0.05371679 -0.46265823 -0.08363657
v 0.06142666 -0.46265823 -0.07970981
v 0.06845314 -0.46265823 -0.07510452
v 0.07479351 -0.46265823 -0.06983513
v 0.08043703 -0.46265823 -0.06391509
v 0.08536931 -0.46265823 -0.05735443
v 0.08957487 -0.46265823 -0.05015568
v 0.09303882 -0.46265823 -0.04230622
v 0.09574786 -0.46265823 -0.03376233
v 0.09769107 -0.46265823 -0.02440866
v 0.09886032 -0.46265823 -0.01391606
v 0.10036456 -0.44113924 0.00000000
v 0.09996987 -0.44113924 0.01403011
v 0.09878749 -0.44113924 0.02460870
v 0.09682247 -0.44113924 0.03403903
v 0.09408302 -0.44113924 0.04265295
v 0.09058020 -0.44113924 0.05056673
v 0.08632744 -0.44113924 0.05782448
v 0.08133980 -0.44113924 0.06443891
v 0.07563294 -0.44113924 0.07040747
v 0.06922141 -0.44113924 0.07572004
v 0.06211608 -0.44113924 0.08036308
v 0.05431968 -0.44113924 0.08432202
v 0.04581855 -0.44113924 0.08758284
v 0.03656533 -0.44113924 0.09013302
v 0.02643510 -0.44113924 0.09196227
v 0.01507140 -0.44113924 0.09306296
v 0.00000000 -0.44113924 0.09343038
v -0.01507140 -0.44113924 0.09306296
v -0.02643510 -0.44113924 0.09196227
v -0.03656533 -0.44113924 0.09013302
v -0.04581855 -0.44113924 0.08758284
v -0.05431968 -0.44113924 0.08432202
v -0.06211608 -0.44113924 0.08036308
v -0.06922141 -0.44113924 0.07572004
v -0.07563294 -0.44113924 0.07040747
v -0.08133980 -0.44113924 0.06443891
v -0.08632744 -0.44113924 0.05782448
v -0.09058020 -0.44113924 0.05056673
v -0.09408302 -0.44113924 0.04265295
v -0.09682247 -0.44113924 0.03403903
v -0.09878749 -0.44113924 0.02460870
v -0.09996987 -0.44113924 0.01403011
v -0.10036456 -0.44113924 0.00000000
v -0.09996987 -0.44113924 -0.01403011
v -0.09878749 -0.44113924 -0.02460870
v -0.09682247 -0.44113924 -0.03403903
v -0.09408302 -0.44113924 -0.04265295
v -0.09058020 -0.44113924 -0.05056673
v -0.08632744 -0.44113924 -0.05782448
v -0.08133980 -0.44113924 -0.06443891
v -0.07563294 -0.44113924 -0.07040747
v -0.06922141 -0.44113924 -0.07572004
v -0.06211608 -0.44113924 -0.08036308
v -0.05431968 -0.44113924 -0.08432202
v -0.04581855 -0.44113924 -0.08758284
v -0.03656533 -0.44113924 -0.09013302
v -0.02643510 -0.44113924 -0.09196227
v -0.01507140 -0.44113924 -0.09306296
v -0.00000000 -0.44113924 -0.09343038
v 0.01507140 -0.44113924 -0.09306296
v 0.02643510 -0.44113924 -0.09196227
v 0.03656533 -0.44113924 -0.09013302
v 0.04581855 -0.44113924 -0.08758284
v 0.05431968 -0.44113924 -0.08432202
v 0.06211608 -0.44113924 -0.08036308
v 0.06922141 -0.44113924 -0.07572004
v 0.07563294 -0.44113924 -0.07040747
v 0.08133980 -0.44113924 -0.06443891
v 0.08632744 -0.44113924 -0.05782448
v 0.09058020 -0.44113924 -0.05056673
v 0.09408302 -0.44113924 -0.04265295
v 0.09682247 -0.44113924 -0.03403903
v 0.09878749 -0.44113924 -0.02460870
v 0.09996987 -0.44113924 -0.01403011
v 0.10147848 -0.41962025 0.00000000
v 0.10107941 -0.41962025 0.01414416
v 0.09988391 -0.41962025 0.02480875
v 0.09789709 -0.41962025 0.03431573
v 0.09512723 -0.41962025 0.04299967
v 0.09158553 -0.41962025 0.05097779
v 0.08728557 -0.41962025 0.05829454
v 0.08224258 -0.41962025 0.06496273
v 0.07647237 -0.41962025 0.07097981
v 0.06998968 -0.41962025 0.07633557
v 0.06280549 -0.41962025 0.08101635
v 0.05492256 -0.41962025 0.08500748
v 0.04632708 -0.41962025 0.08829480
v 0.03697116 -0.41962025 0.09086571
v 0.02672850 -0.41962025 0.09270983
v 0.01523867 -0.41962025 0.09381946
v 0.00000000 -0.41962025 0.09418987
v -0.01523867 -0.41962025 0.09381946
v -0.02672850 -0.41962025 0.09270983
v -0.03697116 -0.41962025 0.09086571
v -0.04632708 -0.41962025 0.08829480
v -0.05492256 -0.41962025 0.08500748
v -0.06280549 -0.41962025 0.08101635
v -0.06998968 -0.41962025 0.07633557
v -0.07647237 -0.41962025 0.07097981
v -0.08224258 -0.41962025 0.06496273
v -0.08728557 -0.41962025 0.05829454
v -0.09158553 -0.41962025 0.05097779
v -0.09512723 -0.41962025 0.04299967
v -0.09789709 -0.41962025 0.03431573
v -0.09988391 -0.41962025 0.02480875
v -0.10107941 -0.41962025 0.01414416
v -0.10147848 -0.41962025 0.00000000
v -0.10107941 -0.41962025 -0.01414416
v -0.09988391 -0.41962025 -0.02480875
v -0.09789709 -0.41962025 -0.03431573
v -0.09512723 -0.41962025 -0.04299967
v -0.09158553 -0.41962025 -0.05097779
v -0.08728557 -0.41962025 -0.05829454
v -0.08224258 -0.41962025 -0.06496273
v -0.07647237 -0.41962025 -0.07097981
v -0.06998968 -0.41962025 -0.07633557
v -0.06280549 -0.41962025 -0.08101635
v -0.05492256 -0.41962025 -0.08500748
v -0.04632708 -0.41962025 -0.08829480
v -0.03697116 -0.41962025 -0.09086571
v -0.02672850 -0.41962025 -0.09270983
v -0.01523867 -0.41962025 -0.09381946
v -0.00000000 -0.41962025 -0.09418987
v 0.01523867 -0.41962025 -0.09381946
v 0.02672850 -0.41962025 -0.09270983
v 0.03697116 -0.41962025 -0.09086571
v 0.04632708 -0.41962025 -0.08829480
v 0.05492256 -0.41962025 -0.08500748
v 0.06280549 -0.41962025 -0.08101635
v 0.06998968 -0.41962025 -0.07633557
v 0.07647237 -0.41962025 -0.07097981
v 0.08224258 -0.41962025 -0.06496273
v 0.08728557 -0.41962025 -0.05829454
v 0.09158553 -0.41962025 -0.05097779
v 0.09512723 -0.41962025 -0.04299967
v 0.09789709 -0.41962025 -0.03431573
v 0.09988391 -0.41962025 -0.02480875
v 0.10107941 -0.41962025 -0.01414416
v 0.10259241 -0.39810127 0.00000000
v 0.10218895 -0.39810127 0.01425821
v 0.10098033 -0.39810127 0.02500879
v 0.09897170 -0.39810127 0.03459244
v 0.09617144 -0.39810127 0.04334640
v 0.09259086 -0.39810127 0.05138885
v 0.08824370 -0.39810127 0.05876459
v 0.08314535 -0.39810127 0.06548655
v 0.07731181 -0.39810127 0.07155215
v 0.07075796 -0.39810127 0.07695110
v 0.06349490 -0.39810127 0.08166962
v 0.05552544 -0.39810127 0.08569293
v 0.04683561 -0.39810127 0.08900676
v 0.03737699 -0.39810127 0.09159840
v 0.02702190 -0.39810127 0.09345739
v 0.01540594 -0.39810127 0.09457597
v 0.00000000 -0.39810127 0.09494937
v -0.01540594 -0.39810127 0.09457597
v -0.02702190 -0.39810127 0.09345739
v -0.03737699 -0.39810127 0.09159840
v -0.04683561 -0.39810127 0.08900676
v -0.05552544 -0.39810127 0.08569293
v -0.06349490 -0.39810127 0.08166962
v -0.07075796 -0.39810127 0.07695110
v -0.07731181 -0.39810127 0.07155215
v -0.08314535 -0.39810127 0.06548655
v -0.08824370 -0.39810127 0.05876459
v -0.09259086 -0.39810127 0.05138885
v -0.09617144 -0.39810127 0.04334640
v -0.09897170 -0.39810127 0.03459244
v -0.10098033 -0.39810127 0.02500879
v -0.10218895 -0.39810127 0.01425821
v -0.10259241 -0.39810127 0.00000000
v -0.10218895 -0.39810127 -0.01425821
v -0.10098033 -0.39810127 -0.02500879
v -0.09897170 -0.39810127 -0.03459244
v -0.09617144 -0.39810127 -0.04334640
v -0.09259086 -0.39810127 -0.05138885
v -0.08824370 -0.39810127 -0.05876459
v -0.08314535 -0.39810127 -0.06548655
v -0.07731181 -0.39810127 -0.07155215
v -0.07075796 -0.39810127 -0.07695110
v -0.06349490 -0.39810127 -0.08166962
v -0.05552544 -0.39810127 -0.08569293
v -0.04683561 -0.39810127 -0.08900676
v -0.03737699 -0.39810127 -0.09159840
v -0.02702190 -0.39810127 -0.09345739
v -0.01540594 -0.39810127 -0.09457597
v -0.00000000 -0.39810127 -0.09494937
v 0.01540594 -0.39810127 -0.09457597
v 0.02702190 -0.39810127 -0.09345739
v 0.03737699 -0.39810127 -0.09159840
v 0.04683561 -0.39810127 -0.08900676
v 0.05552544 -0.39810127 -0.08569293
v 0.06349490 -0.39810127 -0.08166962
v 0.07075796 -0.39810127 -0.07695110
v 0.07731181 -0.39810127 -0.07155215
v 0.08314535 -0.39810127 -0.06548655
v 0.08824370 -0.39810127 -0.05876459
v 0.09259086 -0.39810127 -0.05138885
v 0.09617144 -0.39810127 -0.04334640
v 0.09897170 -0.39810127 -0.03459244
v 0.10098033 -0.39810127 -0.02500879
v 0.10218895 -0.39810127 -0.01425821
v 0.10370633 -0.37658228 0.00000000
v 0.10329850 -0.37658228 0.01437227
v 0.10207675 -0.37658228 0.02520883
v 0.10004631 -0.37658228 0.03486914
v 0.09721564 -0.37658228 0.04369312
v 0.09359619 -0.37658228 0.05179990
v 0.08920182 -0.37658228 0.05923465
v 0.08404812 -0.37658228 0.06601038
v 0.07815124 -0.37658228 0.07212449
v 0.07152623 -0.37658228 0.07756662
v 0.06418431 -0.37658228 0.08232289
v 0.05612832 -0.37658228 0.08637838
v 0.04734414 -0.37658228 0.08971871
v 0.03778282 -0.37658228 0.09233109
v 0.02731529 -0.37658228 0.09420495
v 0.01557322 -0.37658228 0.09533248
v 0.00000000 -0.37658228 0.09570886
v -0.01557322 -0.37658228 0.09533248
v -0.02731529 -0.37658228 0.09420495
v -0.03778282 -0.37658228 0.09233109
v -0.04734414 -0.37658228 0.08971871
v -0.05612832 -0.37658228 0.08637838
v -0.06418431 -0.37658228 0.08232289
v -0.07152623 -0.37658228 0.07756662
v -0.07815124 -0.37658228 0.07212449
v -0.08404812 -0.37658228 0.06601038
v -0.08920182 -0.37658228 0.05923465
v -0.09359619 -0.37658228 0.05179990
v -0.09721564 -0.37658228 0.04369312
v -0.10004631 -0.37658228 0.03486914
v -0.10207675 -0.37658228 0.02520883
v -0.10329850 -0.37658228 0.01437227
v -0.10370633 -0.37658228 0.00000000
v -0.10329850 -0.37658228 -0.01437227
v -0.10207675 -0.37658228 -0.02520883
v -0.10004631 -0.37658228 -0.03486914
v -0.09721564 -0.37658228 -0.04369312
v -0.09359619 -0.37658228 -0.05179990
v -0.08920182 -0.37658228 -0.05923465
v -0.08404812 -0.37658228 -0.06601038
v -0.07815124 -0.37658228 -0.07212449
v -0.07152623 -0.37658228 -0.07756662
v -0.06418431 -0.37658228 -0.08232289
v -0.05612832 -0.37658228 -0.08637838
v -0.04734414 -0.37658228 -0.08971871
v -0.03778282 -0.37658228 -0.09233109
v -0.02731529 -0.37658228 -0.09420495
v -0.01557322 -0.37658228 -0.09533248
v -0.00000000 -0.37658228 -0.09570886
v 0.01557322 -0.37658228 -0.09533248
v 0.02731529 -0.37658228 -0.09420495
v 0.03778282 -0.37658228 -0.09233109
v 0.04734414 -0.37658228 -0.08971871
v 0.05612832 -0.37658228 -0.08637838
v 0.06418431 -0.37658228 -0.08232289
v 0.07152623 -0.37658228 -0.07756662
v 0.07815124 -0.37658228 -0.07212449
v 0.08404812 -0.37658228 -0.06601038
v 0.08920182 -0.37658228 -0.05923465
v 0.09359619 -0.37658228 -0.05179990
v 0.09721564 -0.37658228 -0.04369312
v 0.10004631 -0.37658228 -0.03486914
v 0.10207675 -0.37658228 -0.02520883
v 0.10329850 -0.37658228 -0.01437227
v 0.10482025 -0.35506329 0.00000000
v 0.10440804 -0.35506329 0.01448632
v 0.10317317 -0.35506329 0.02540888
v 0.10112092 -0.35506329 0.03514584
v 0.09825985 -0.35506329 0.04403985
v 0.09460152 -0.35506329 0.05221096
v 0.09015995 -0.35506329 0.05970470
v 0.08495089 -0.35506329 0.06653420
v 0.07899067 -0.35506329 0.07269683
v 0.07229450 -0.35506329 0.07818215
v 0.06487373 -0.35506329 0.08297616
v 0.05673120 -0.35506329 0.08706383
v 0.04785267 -0.35506329 0.09043067
v 0.03818865 -0.35506329 0.09306378
v 0.02760869 -0.35506329 0.09495251
v 0.01574049 -0.35506329 0.09608899
v 0.00000000 -0.35506329 0.09646835
v -0.01574049 -0.35506329 0.09608899
v -0.02760869 -0.35506329 0.09495251
v -0.03818865 -0.35506329 0.09306378
v -0.04785267 -0.35506329 0.09043067
v -0.05673120 -0.35506329 0.08706383
v -0.06487373 -0.35506329 0.08297616
v -0.07229450 -0.35506329 0.07818215
v -0.07899067 -0.35506329 0.07269683
v -0.08495089 -0.35506329 0.06653420
v -0.09015995 -0.35506329 0.05970470
v -0.09460152 -0.35506329 0.05221096
v -0.09825985 -0.35506329 0.04403985
v -0.10112092 -0.35506329 0.03514584
v -0.10317317 -0.35506329 0.02540888
v -0.10440804 -0.35506329 0.01448632
v -0.10482025 -0.35506329 0.00000000
v -0.10440804 -0.35506329 -0.01448632
v -0.10317317 -0.35506329 -0.02540888
v -0.10112092 -0.35506329 -0.03514584
v -0.09825985 -0.35506329 -0.04403985
v -0.09460152 -0.35506329 -0.05221096
v -0.09015995 -0.35506329 -0.05970470
v -0.08495089 -0.35506329 -0.06653420
v -0.07899067 -0.35506329 -0.07269683
v -0.07229450 -0.35506329 -0.07818215
v -0.06487373 -0.35506329 -0.08297616
v -0.05673120 -0.35506329 -0.08706383
v -0.04785267 -0.35506329 -0.09043067
v -0.03818865 -0.35506329 -0.09306378
v -0.02760869 -0.35506329 -0.09495251
v -0.01574049 -0.35506329 -0.09608899
v -0.00000000 -0.35506329 -0.09646835
v 0.01574049 -0.35506329 -0.09608899
v 0.02760869 -0.35506329 -0.09495251
v 0.03818865 -0.35506329 -0.09306378
v 0.04785267 -0.35506329 -0.09043067
v 0.05673120 -0.35506329 -0.08706383
v 0.06487373 -0.35506329 -0.08297616
v 0.07229450 -0.35506329 -0.07818215
v 0.07899067 -0.35506329 -0.07269683
v 0.08495089 -0.35506329 -0.06653420
v 0.09015995 -0.35506329 -0.05970470
v 0.09460152 -0.35506329 -0.05221096
v 0.09825985 -0.35506329 -0.04403985
v 0.10112092 -0.35506329 -0.03514584
v 0.10317317 -0.35506329 -0.02540888
v 0.10440804 -0.35506329 -0.01448632
v 0.10593418 -0.33354430 0.00000000
v 0.10551758 -0.33354430 0.01460037
v 0.10426959 -0.33354430 0.02560892
v 0.10219553 -0.33354430 0.03542254
v 0.09930406 -0.33354430 0.04438657
v 0.09560685 -0.33354430 0.05262201
v 0.09111808 -0.33354430 0.06017475
v 0.08585367 -0.33354430 0.06705802
v 0.07983011 -0.33354430 0.07326917
v 0.07306277 -0.33354430 0.07879768
v 0.06556314 -0.33354430 0.08362943
v 0.05733409 -0.33354430 0.08774928
v 0.04836120 -0.33354430 0.09114263
v 0.03859448 -0.33354430 0.09379647
v 0.02790209 -0.33354430 0.09570007
v 0.01590777 -0.33354430 0.09684549
v 0.00000000 -0.33354430 0.09722785
v -0.01590777 -0.33354430 0.09684549
v -0.02790209 -0.33354430 0.09570007
v -0.03859448 -0.33354430 0.09379647
v -0.04836120 -0.33354430 0.09114263
v -0.05733409 -0.33354430 0.08774928
v -0.06556314 -0.33354430 0.08362943
v -0.07306277 -0.33354430 0.07879768
v -0.07983011 -0.33354430 0.07326917
v -0.08585367 -0.33354430 0.06705802
v -0.09111808 -0.33354430 0.06017475
v -0.09560685 -0.33354430 0.05262201
v -0.09930406 -0.33354430 0.04438657
v -0.10219553 -0.33354430 0.03542254
v -0.10426959 -0.33354430 0.02560892
v -0.10551758 -0.33354430 0.01460037
v -0.10593418 -0.33354430 0.00000000
v -0.10551758 -0.33354430 -0.01460037
v -0.10426959 -0.33354430 -0.02560892
v -0.10219553 -0.33354430 -0.03542254
v -0.09930406 -0.33354430 -0.04438657
v -0.09560685 -0.33354430 -0.05262201
v -0.09111808 -0.33354430 -0.06017475
v -0.08585367 -0.33354430 -0.06705802
v -0.07983011 -0.33354430 -0.07326917
v -0.07306277 -0.33354430 -0.07879768
v -0.06556314 -0.33354430 -0.08362943
v -0.05733409 -0.33354430 -0.08774928
v -0.04836120 -0.33354430 -0.09114263
v -0.03859448 -0.33354430 -0.09379647
v -0.02790209 -0.33354430 -0.09570007
v -0.01590777 -0.33354430 -0.09684549
v -0.00000000 -0.33354430 -0.09722785
v 0.01590777 -0.33354430 -0.09684549
v 0.02790209 -0.33354430 -0.09570007
v 0.03859448 -0.33354430 -0.09379647
v 0.04836120 -0.33354430 -0.09114263
v 0.05733409 -0.33354430 -0.08774928
v 0.06556314 -0.33354430 -0.08362943
v 0.07306277 -0.33354430 -0.07879768
v 0.07983011 -0.33354430 -0.07326917
v 0.08585367 -0.33354430 -0.06705802
v 0.09111808 -0.33354430 -0.06017475
v 0.09560685 -0.33354430 -0.05262201
v 0.09930406 -0.33354430 -0.04438657
v 0.10219553 -0.33354430 -0.03542254
v 0.10426959 -0.33354430 -0.02560892
v 0.10551758 -0.33354430 -0.01460037
v 0.10704810 -0.31202532 0.00000000
v 0.10662713 -0.31202532 0.01471442
v 0.10536601 -0.31202532 0.02580896
v 0.10327014 -0.31202532 0.03569925
v 0.10034826 -0.31202532 0.04473330
v 0.09661218 -0.31202532 0.05303307
v 0.09207621 -0.31202532 0.06064481
v 0.08675644 -0.31202532 0.06758184
v 0.08066954 -0.31202532 0.07384151
v 0.07383105 -0.31202532 0.07941321
v 0.06625255 -0.31202532 0.08428270
v 0.05793697 -0.31202532 0.08843474
v 0.04886973 -0.31202532 0.09185459
v 0.03900031 -0.31202532 0.09452916
v 0.02819548 -0.31202532 0.09644763
v 0.01607504 -0.31202532 0.09760200
v 0.00000000 -0.31202532 0.09798734
v -0.01607504 -0.31202532 0.09760200
v -0.02819548 -0.31202532 0.09644763
v -0.03900031 -0.31202532 0.09452916
v -0.04886973 -0.31202532 0.09185459
v -0.05793697 -0.31202532 0.08843474
v -0.06625255 -0.31202532 0.08428270
v -0.07383105 -0.31202532 0.07941321
v -0.08066954 -0.31202532 0.07384151
v -0.08675644 -0.31202532 0.06758184
v -0.09207621 -0.31202532 0.06064481
v -0.09661218 -0.31202532 0.05303307
v -0.10034826 -0.31202532 0.04473330
v -0.10327014 -0.31202532 0.03569925
v -0.10536601 -0.31202532 0.02580896
v -0.10662713 -0.31202532 0.01471442
v -0.10704810 -0.31202532 0.00000000
v -0.10662713 -0.31202532 -0.01471442
v -0.10536601 -0.31202532 -0.02580896
v -0.10327014 -0.31202532 -0.03569925
v -0.10034826 -0.31202532 -0.04473330
v -0.09661218 -0.31202532 -0.05303307
v -0.09207621 -0.31202532 -0.06064481
v -0.08675644 -0.31202532 -0.06758184
v -0.08066954 -0.31202532 -0.07384151
v -0.07383105 -0.31202532 -0.07941321
v -0.06625255 -0.31202532 -0.08428270
v -0.05793697 -0.31202532 -0.08843474
v -0.04886973 -0.31202532 -0.09185459
v -0.03900031 -0.31202532 -0.09452916
v -0.02819548 -0.31202532 -0.09644763
v -0.01607504 -0.31202532 -0.09760200
v -0.00000000 -0.31202532 -0.09798734
v 0.01607504 -0.31202532 -0.09760200
v 0.02819548 -0.31202532 -0.09644763
v 0.03900031 -0.31202532 -0.09452916
v 0.04886973 -0.31202532 -0.09185459
v 0.05793697 -0.31202532 -0.08843474
v 0.06625255 -0.31202532 -0.08428270
v 0.07383105 -0.31202532 -0.07941321
v 0.08066954 -0.31202532 -0.07384151
v 0.08675644 -0.31202532 -0.06758184
v 0.09207621 -0.31202532 -0.06064481
v 0.09661218 -0.31202532 -0.05303307
v 0.10034826 -0.31202532 -0.04473330
v 0.10327014 -0.31202532 -0.03569925
v 0.10536601 -0.31202532 -0.02580896
v 0.10662713 -0.31202532 -0.01471442
v 0.10816203 -0.29050633 0.00000000
v 0.10773667 -0.29050633 0.01482847
v 0.10646243 -0.29050633 0.02600901
v 0.10434475 -0.29050633 0.03597595
v 0.10139247 -0.29050633 0.04508002
v 0.09761751 -0.29050633 0.05344413
v 0.09303434 -0.29050633 0.06111486
v 0.08765921 -0.29050633 0.06810567
v 0.08150897 -0.29050633 0.07441385
v 0.07459932 -0.29050633 0.08002873
v 0.06694197 -0.29050633 0.08493597
v 0.05853985 -0.29050633 0.08912019
v 0.04937826 -0.29050633 0.09256655
v 0.03940614 -0.29050633 0.09526185
v 0.02848888 -0.29050633 0.09719519
v 0.01624231 -0.29050633 0.09835851
v 0.00000000 -0.29050633 0.09874684
v -0.01624231 -0.29050633 0.09835851
v -0.02848888 -0.29050633 0.09719519
v -0.03940614 -0.29050633 0.09526185
v -0.04937826 -0.29050633 0.09256655
v -0.05853985 -0.29050633 0.08912019
v -0.06694197 -0.29050633 0.08493597
v -0.07459932 -0.29050633 0.08002873
v -0.08150897 -0.29050633 0.07441385
v -0.08765921 -0.29050633 0.06810567
v -0.09303434 -0.29050633 0.06111486
v -0.09761751 -0.29050633 0.05344413
v -0.10139247 -0.29050633 0.04508002
v -0.10434475 -0.29050633 0.03597595
v -0.10646243 -0.29050633 0.02600901
v -0.10773667 -0.29050633 0.01482847
v -0.10816203 -0.29050633 0.00000000
v -0.10773667 -0.29050633 -0.01482847
v -0.10646243 -0.29050633 -0.02600901
v -0.10434475 -0.29050633 -0.03597595
v -0.10139247 -0.29050633 -0.04508002
v -0.09761751 -0.29050633 -0.05344413
v -0.09303434 -0.29050633 -0.06111486
v -0.08765921 -0.29050633 -0.06810567
v -0.08150897 -0.29050633 -0.07441385
v -0.07459932 -0.29050633 -0.08002873
v -0.06694197 -0.29050633 -0.08493597
v -0.05853985 -0.29050633 -0.08912019
v -0.04937826 -0.29050633 -0.09256655
v -0.03940614 -0.29050633 -0.09526185
v -0.02848888 -0.29050633 -0.09719519
v -0.01624231 -0.29050633 -0.09835851
v -0.00000000 -0.29050633 -0.09874684
v 0.01624231 -0.29050633 -0.09835851
v 0.02848888 -0.29050633 -0.09719519
v 0.03940614 -0.29050633 -0.09526185
v 0.04937826 -0.29050633 -0.09256655
v 0.05853985 -0.29050633 -0.08912019
v 0.06694197 -0.29050633 -0.08493597
v 0.07459932 -0.29050633 -0.08002873
v 0.08150897 -0.29050633 -0.07441385
v 0.08765921 -0.29050633 -0.06810567
v 0.09303434 -0.29050633 -0.06111486
v 0.09761751 -0.29050633 -0.05344413
v 0.10139247 -0.29050633 -0.04508002
v 0.10434475 -0.29050633 -0.03597595
v 0.10646243 -0.29050633 -0.02600901
v 0.10773667 -0.29050633 -0.01482847
v 0.10927595 -0.26898734 0.00000000
v 0.10884621 -0.26898734 0.01494252
v 0.10755886 -0.26898734 0.02620905
v 0.10541936 -0.26898734 0.03625265
v 0.10243668 -0.26898734 0.04542675
v 0.09862284 -0.26898734 0.05385518
v 0.09399247 -0.26898734 0.06158492
v 0.08856198 -0.26898734 0.06862949
v 0.08234841 -0.26898734 0.07498620
v 0.07536759 -0.26898734 0.08064426
v 0.06763138 -0.26898734 0.08558924
v 0.05914273 -0.26898734 0.08980564
v 0.04988679 -0.26898734 0.09327851
v 0.03981197 -0.26898734 0.09599454
v 0.02878228 -0.26898734 0.09794275
v 0.01640959 -0.26898734 0.09911501
v 0.00000000 -0.26898734 0.09950633
v -0.01640959 -0.26898734 0.09911501
v -0.02878228 -0.26898734 0.09794275
v -0.03981197 -0.26898734 0.09599454
v -0.04988679 -0.26898734 0.09327851
v -0.05914273 -0.26898734 0.08980564
v -0.06763138 -0.26898734 0.08558924
v -0.07536759 -0.26898734 0.08064426
v -0.08234841 -0.26898734 0.07498620
v -0.08856198 -0.26898734 0.06862949
v -0.09399247 -0.26898734 0.06158492
v -0.09862284 -0.26898734 0.05385518
v -0.10243668 -0.26898734 0.04542675
v -0.10541936 -0.26898734 0.03625265
v -0.10755886 -0.26898734 0.02620905
v -0.10884621 -0.26898734 0.01494252
v -0.10927595 -0.26898734 0.00000000
v -0.10884621 -0.26898734 -0.01494252
v -0.10755886 -0.26898734 -0.02620905
v -0.10541936 -0.26898734 -0.03625265
v -0.10243668 -0.26898734 -0.04542675
v -0.09862284 -0.26898734 -0.05385518
v -0.09399247 -0.26898734 -0.06158492
v -0.08856198 -0.26898734 -0.06862949
v -0.08234841 -0.26898734 -0.07498620
v -0.07536759 -0.26898734 -0.08064426
v -0.06763138 -0.26898734 -0.08558924
v -0.05914273 -0.26898734 -0.08980564
v -0.04988679 -0.26898734 -0.09327851
v -0.03981197 -0.26898734 -0.09599454
v -0.02878228 -0.26898734 -0.09794275
v -0.01640959 -0.26898734 -0.09911501
v -0.00000000 -0.26898734 -0.09950633
v 0.01640959 -0.26898734 -0.09911501
v 0.02878228 -0.26898734 -0.09794275
v 0.03981197 -0.26898734 -0.09599454
v 0.04988679 -0.26898734 -0.09327851
v 0.05914273 -0.26898734 -0.08980564
v 0.06763138 -0.26898734 -0.08558924
v 0.07536759 -0.26898734 -0.08064426
v 0.08234841 -0.26898734 -0.07498620
v 0.08856198 -0.26898734 -0.06862949
v 0.09399247 -0.26898734 -0.06158492
v 0.09862284 -0.26898734 -0.05385518
v 0.10243668 -0.26898734 -0.04542675
v 0.10541936 -0.26898734 -0.03625265
v 0.10755886 -0.26898734 -0.02620905
v 0.10884621 -0.26898734 -0.01494252
v 0.17830476 -0.24746835 0.00000000
v 0.17760356 -0.24746835 0.01857989
v 0.17550299 -0.24746835 0.03258897
v 0.17201200 -0.24746835 0.04507742
v 0.16714517 -0.24746835 0.05648471
v 0.16092216 -0.24746835 0.06696483
v 0.15336682 -0.24746835 0.07657617
v 0.14450593 -0.24746835 0.08533556
v 0.13436729 -0.24746835 0.09323964
v 0.12297675 -0.24746835 0.10027502
v 0.11035362 -0.24746835 0.10642373
v 0.09650276 -0.24746835 0.11166650
v 0.08139990 -0.24746835 0.11598475
v 0.06496090 -0.24746835 0.11936192
v 0.04696383 -0.24746835 0.12178438
v 0.02677540 -0.24746835 0.12324200
v 0.00000000 -0.24746835 0.12372857
v -0.02677540 -0.24746835 0.12324200
v -0.04696383 -0.24746835 0.12178438
v -0.06496090 -0.24746835 0.11936192
v -0.08139990 -0.24746835 0.11598475
v -0.09650276 -0.24746835 0.11166650
v -0.11035362 -0.24746835 0.10642373
v -0.12297675 -0.24746835 0.10027502
v -0.13436729 -0.24746835 0.09323964
v -0.14450593 -0.24746835 0.08533556
v -0.15336682 -0.24746835 0.07657617
v -0.16092216 -0.24746835 0.06696483
v -0.16714517 -0.24746835 0.05648471
v -0.17201200 -0.24746835 0.04507742
v -0.17550299 -0.24746835 0.03258897
v -0.17760356 -0.24746835 0.01857989
v -0.17830476 -0.24746835 0.00000000
v -0.17760356 -0.24746835 -0.01857989
v -0.17550299 -0.24746835 -0.03258897
v -0.17201200 -0.24746835 -0.04507742
v -0.16714517 -0.24746835 -0.05648471
v -0.16092216 -0.24746835 -0.06696483
v -0.15336682 -0.24746835 -0.07657617
v -0.14450593 -0.24746835 -0.08533556
v -0.13436729 -0.24746835 -0.09323964
v -0.12297675 -0.24746835 -0.10027502
v -0.11035362 -0.24746835 -0.10642373
v -0.09650276 -0.24746835 -0.11166650
v -0.08139990 -0.24746835 -0.11598475
v -0.06496090 -0.24746835 -0.11936192
v -0.04696383 -0.24746835 -0.12178438
v -0.02677540 -0.24746835 -0.12324200
v -0.00000000 -0.24746835 -0.12372857
v 0.02677540 -0.24746835 -0.12324200
v 0.04696383 -0.24746835 -0.12178438
v 0.06496090 -0.24746835 -0.11936192
v 0.08139990 -0.24746835 -0.11598475
v 0.09650276 -0.24746835 -0.11166650
v 0.11035362 -0.24746835 -0.10642373
v 0.12297675 -0.24746835 -0.10027502
v 0.13436729 -0.24746835 -0.09323964
v 0.14450593 -0.24746835 -0.08533556
v 0.15336682 -0.24746835 -0.07657617
v 0.16092216 -0.24746835 -0.06696483
v 0.16714517 -0.24746835 -0.05648471
v 0.17201200 -0.24746835 -0.04507742
v 0.17550299 -0.24746835 -0.03258897
v 0.17760356 -0.24746835 -0.01857989
v 0.17858676 -0.22594937 0.00000000
v 0.17788446 -0.22594937 0.01861165
v 0.17578056 -0.22594937 0.03264467
v 0.17228405 -0.22594937 0.04515448
v 0.16740953 -0.22594937 0.05658127
v 0.16117667 -0.22594937 0.06707930
v 0.15360938 -0.22594937 0.07670707
v 0.14473448 -0.22594937 0.08548144
v 0.13457980 -0.22594937 0.09339903
v 0.12317125 -0.22594937 0.10044643
v 0.11052815 -0.22594937 0.10660565
v 0.09665539 -0.22594937 0.11185738
v 0.08152864 -0.22594937 0.11618302
v 0.06506364 -0.22594937 0.11956596
v 0.04703811 -0.22594937 0.12199256
v 0.02681775 -0.22594937 0.12345267
v 0.00000000 -0.22594937 0.12394007
v -0.02681775 -0.22594937 0.12345267
v -0.04703811 -0.22594937 0.12199256
v -0.06506364 -0.22594937 0.11956596
v -0.08152864 -0.22594937 0.11618302
v -0.09665539 -0.22594937 0.11185738
v -0.11052815 -0.22594937 0.10660565
v -0.12317125 -0.22594937 0.10044643
v -0.13457980 -0.22594937 0.09339903
v -0.14473448 -0.22594937 0.08548144
v -0.15360938 -0.22594937 0.07670707
v -0.16117667 -0.22594937 0.06707930
v -0.16740953 -0.22594937 0.05658127
v -0.17228405 -0.22594937 0.04515448
v -0.17578056 -0.22594937 0.03264467
v -0.17788446 -0.22594937 0.01861165
v -0.17858676 -0.22594937 0.00000000
v -0.17788446 -0.22594937 -0.01861165
v -0.17578056 -0.22594937 -0.03264467
v -0.17228405 -0.22594937 -0.04515448
v -0.16740953 -0.22594937 -0.05658127
v -0.16117667 -0.22594937 -0.06707930
v -0.15360938 -0.22594937 -0.07670707
v -0.14473448 -0.22594937 -0.08548144
v -0.13457980 -0.22594937 -0.09339903
v -0.12317125 -0.22594937 -0.10044643
v -0.11052815 -0.22594937 -0.10660565
v -0.09665539 -0.22594937 -0.11185738
v -0.08152864 -0.22594937 -0.11618302
v -0.06506364 -0.22594937 -0.11956596
v -0.04703811 -0.22594937 -0.12199256
v -0.02681775 -0.22594937 -0.12345267
v -0.00000000 -0.22594937 -0.12394007
v 0.02681775 -0.22594937 -0.12345267
v 0.04703811 -0.22594937 -0.12199256
v 0.06506364 -0.22594937 -0.11956596
v 0.08152864 -0.22594937 -0.11618302
v 0.09665539 -0.22594937 -0.11185738
v 0.11052815 -0.22594937 -0.10660565
v 0.12317125 -0.22594937 -0.10044643
v 0.13457980 -0.22594937 -0.09339903
v 0.14473448 -0.22594937 -0.08548144
v 0.15360938 -0.22594937 -0.07670707
v 0.16117667 -0.22594937 -0.06707930
v 0.16740953 -0.22594937 -0.05658127
v 0.17228405 -0.22594937 -0.04515448
v 0.17578056 -0.22594937 -0.03264467
v 0.17788446 -0.22594937 -0.01861165
v 0.17884313 -0.20443038 0.00000000
v 0.17813982 -0.20443038 0.01864052
v 0.17603290 -0.20443038 0.03269532
v 0.17253137 -0.20443038 0.04522453
v 0.16764985 -0.20443038 0.05666905
v 0.16140805 -0.20443038 0.06718337
v 0.15382990 -0.20443038 0.07682607
v 0.14494226 -0.20443038 0.08561405
v 0.13477300 -0.20443038 0.09354393
v 0.12334806 -0.20443038 0.10060226
v 0.11068682 -0.20443038 0.10677104
v 0.09679414 -0.20443038 0.11203092
v 0.08164568 -0.20443038 0.11636326
v 0.06515704 -0.20443038 0.11975145
v 0.04710564 -0.20443038 0.12218181
v 0.02685625 -0.20443038 0.12364419
v 0.00000000 -0.20443038 0.12413235
v -0.02685625 -0.20443038 0.12364419
v -0.04710564 -0.20443038 0.12218181
v -0.06515704 -0.20443038 0.11975145
v -0.08164568 -0.20443038 0.11636326
v -0.09679414 -0.20443038 0.11203092
v -0.11068682 -0.20443038 0.10677104
v -0.12334806 -0.20443038 0.10060226
v -0.13477300 -0.20443038 0.09354393
v -0.14494226 -0.20443038 0.08561405
v -0.15382990 -0.20443038 0.07682607
v -0.16140805 -0.20443038 0.06718337
v -0.16764985 -0.20443038 0.05666905
v -0.17253137 -0.20443038 0.04522453
v -0.17603290 -0.20443038 0.03269532
v -0.17813982 -0.20443038 0.01864052
v -0.17884313 -0.20443038 0.00000000
v -0.17813982 -0.20443038 -0.01864052
v -0.17603290 -0.20443038 -0.03269532
v -0.17253137 -0.20443038 -0.04522453
v -0.16764985 -0.20443038 -0.05666905
v -0.16140805 -0.20443038 -0.06718337
v -0.15382990 -0.20443038 -0.07682607
v -0.14494226 -0.20443038 -0.08561405
v -0.13477300 -0.20443038 -0.09354393
v -0.12334806 -0.20443038 -0.10060226
v -0.11068682 -0.20443038 -0.10677104
v -0.09679414 -0.20443038 -0.11203092
v -0.08164568 -0.20443038 -0.11636326
v -0.06515704 -0.20443038 -0.11975145
v -0.04710564 -0.20443038 -0.12218181
v -0.02685625 -0.20443038 -0.12364419
v -0.00000000 -0.20443038 -0.12413235
v 0.02685625 -0.20443038 -0.12364419
v 0.04710564 -0.20443038 -0.12218181
v 0.06515704 -0.20443038 -0.11975145
v 0.08164568 -0.20443038 -0.11636326
v 0.09679414 -0.20443038 -0.11203092
v 0.11068682 -0.20443038 -0.10677104
v 0.12334806 -0.20443038 -0.10060226
v 0.13477300 -0.20443038 -0.09354393
v 0.14494226 -0.20443038 -0.08561405
v 0.15382990 -0.20443038 -0.07682607
v 0.16140805 -0.20443038 -0.06718337
v 0.16764985 -0.20443038 -0.05666905
v 0.17253137 -0.20443038 -0.04522453
v 0.17603290 -0.20443038 -0.03269532
v 0.17813982 -0.20443038 -0.01864052
v 0.17907387 -0.18291139 0.00000000
v 0.17836964 -0.18291139 0.01866651
v 0.17626001 -0.18291139 0.03274090
v 0.17275396 -0.18291139 0.04528757
v 0.16786614 -0.18291139 0.05674805
v 0.16161629 -0.18291139 0.06727703
v 0.15402836 -0.18291139 0.07693317
v 0.14512925 -0.18291139 0.08573340
v 0.13494687 -0.18291139 0.09367433
v 0.12350720 -0.18291139 0.10074250
v 0.11082962 -0.18291139 0.10691988
v 0.09691902 -0.18291139 0.11218710
v 0.08175102 -0.18291139 0.11652548
v 0.06524110 -0.18291139 0.11991839
v 0.04716641 -0.18291139 0.12235214
v 0.02689090 -0.18291139 0.12381656
v 0.00000000 -0.18291139 0.12430540
v -0.02689090 -0.18291139 0.12381656
v -0.04716641 -0.18291139 0.12235214
v -0.06524110 -0.18291139 0.11991839
v -0.08175102 -0.18291139 0.11652548
v -0.09691902 -0.18291139 0.11218710
v -0.11082962 -0.18291139 0.10691988
v -0.12350720 -0.18291139 0.10074250
v -0.13494687 -0.18291139 0.09367433
v -0.14512925 -0.18291139 0.08573340
v -0.15402836 -0.18291139 0.07693317
v -0.16161629 -0.18291139 0.06727703
v -0.16786614 -0.18291139 0.05674805
v -0.17275396 -0.18291139 0.04528757
v -0.17626001 -0.18291139 0.03274090
v -0.17836964 -0.18291139 0.01866651
v -0.17907387 -0.18291139 0.00000000
v -0.17836964 -0.18291139 -0.01866651
v -0.17626001 -0.18291139 -0.03274090
v -0.17275396 -0.18291139 -0.04528757
v -0.16786614 -0.18291139 -0.05674805
v -0.16161629 -0.18291139 -0.06727703
v -0.15402836 -0.18291139 -0.07693317
v -0.14512925 -0.18291139 -0.08573340
v -0.13494687 -0.18291139 -0.09367433
v -0.12350720 -0.18291139 -0.10074250
v -0.11082962 -0.18291139 -0.10691988
v -0.09691902 -0.18291139 -0.11218710
v -0.08175102 -0.18291139 -0.11652548
v -0.06524110 -0.18291139 -0.11991839
v -0.04716641 -0.18291139 -0.12235214
v -0.02689090 -0.18291139 -0.12381656
v -0.00000000 -0.18291139 -0.12430540
v 0.02689090 -0.18291139 -0.12381656
v 0.04716641 -0.18291139 -0.12235214
v 0.06524110 -0.18291139 -0.11991839
v 0.08175102 -0.18291139 -0.11652548
v 0.09691902 -0.18291139 -0.11218710
v 0.11082962 -0.18291139 -0.10691988
v 0.12350720 -0.18291139 -0.10074250
v 0.13494687 -0.18291139 -0.09367433
v 0.14512925 -0.18291139 -0.08573340
v 0.15402836 -0.18291139 -0.07693317
v 0.16161629 -0.18291139 -0.06727703
v 0.16786614 -0.18291139 -0.05674805
v 0.17275396 -0.18291139 -0.04528757
v 0.17626001 -0.18291139 -0.03274090
v 0.17836964 -0.18291139 -0.01866651
v 0.17927896 -0.16139241 0.00000000
v 0.17857393 -0.16139241 0.01868961
v 0.17646188 -0.16139241 0.03278141
v 0.17295182 -0.16139241 0.04534362
v 0.16805840 -0.16139241 0.05681827
v 0.16180139 -0.16139241 0.06736028
v 0.15420477 -0.16139241 0.07702837
v 0.14529547 -0.16139241 0.08583949
v 0.13510143 -0.16139241 0.09379025
v 0.12364865 -0.16139241 0.10086717
v 0.11095656 -0.16139241 0.10705219
v 0.09703002 -0.16139241 0.11232592
v 0.08184465 -0.16139241 0.11666967
v 0.06531582 -0.16139241 0.12006679
v 0.04722043 -0.16139241 0.12250355
v 0.02692170 -0.16139241 0.12396978
v 0.00000000 -0.16139241 0.12445922
v -0.02692170 -0.16139241 0.12396978
v -0.04722043 -0.16139241 0.12250355
v -0.06531582 -0.16139241 0.12006679
v -0.08184465 -0.16139241 0.11666967
v -0.09703002 -0.16139241 0.11232592
v -0.11095656 -0.16139241 0.10705219
v -0.12364865 -0.16139241 0.10086717
v -0.13510143 -0.16139241 0.09379025
v -0.14529547 -0.16139241 0.08583949
v -0.15420477 -0.16139241 0.07702837
v -0.16180139 -0.16139241 0.06736028
v -0.16805840 -0.16139241 0.05681827
v -0.17295182 -0.16139241 0.04534362
v -0.17646188 -0.16139241 0.03278141
v -0.17857393 -0.16139241 0.01868961
v -0.17927896 -0.16139241 0.00000000
v -0.17857393 -0.16139241 -0.01868961
v -0.17646188 -0.16139241 -0.03278141
v -0.17295182 -0.16139241 -0.04534362
v -0.16805840 -0.16139241 -0.05681827
v -0.16180139 -0.16139241 -0.06736028
v -0.15420477 -0.16139241 -0.07702837
v -0.14529547 -0.16139241 -0.08583949
v -0.13510143 -0.16139241 -0.09379025
v -0.12364865 -0.16139241 -0.10086717
v -0.11095656 -0.16139241 -0.10705219
v -0.09703002 -0.16139241 -0.11232592
v -0.08184465 -0.16139241 -0.11666967
v -0.06531582 -0.16139241 -0.12006679
v -0.04722043 -0.16139241 -0.12250355
v -0.02692170 -0.16139241 -0.12396978
v -0.00000000 -0.16139241 -0.12445922
v 0.02692170 -0.16139241 -0.12396978
v 0.04722043 -0.16139241 -0.12250355
v 0.06531582 -0.16139241 -0.12006679
v 0.08184465 -0.16139241 -0.11666967
v 0.09703002 -0.16139241 -0.11232592
v 0.11095656 -0.16139241 -0.10705219
v 0.12364865 -0.16139241 -0.10086717
v 0.13510143 -0.16139241 -0.09379025
v 0.14529547 -0.16139241 -0.08583949
v 0.15420477 -0.16139241 -0.07702837
v 0.16180139 -0.16139241 -0.06736028
v 0.16805840 -0.16139241 -0.05681827
v 0.17295182 -0.16139241 -0.04534362
v 0.17646188 -0.16139241 -0.03278141
v 0.17857393 -0.16139241 -0.01868961
v 0.17945842 -0.13987342 0.00000000
v 0.17875269 -0.13987342 0.01870982
v 0.17663852 -0.13987342 0.03281686
v 0.17312494 -0.13987342 0.04539265
v 0.16822663 -0.13987342 0.05687972
v 0.16196335 -0.13987342 0.06743312
v 0.15435913 -0.13987342 0.07711167
v 0.14544091 -0.13987342 0.08593232
v 0.13523667 -0.13987342 0.09389168
v 0.12377243 -0.13987342 0.10097625
v 0.11106763 -0.13987342 0.10716796
v 0.09712715 -0.13987342 0.11244739
v 0.08192657 -0.13987342 0.11679584
v 0.06538120 -0.13987342 0.12019663
v 0.04726770 -0.13987342 0.12263603
v 0.02694864 -0.13987342 0.12410384
v 0.00000000 -0.13987342 0.12459382
v -0.02694864 -0.13987342 0.12410384
v -0.04726770 -0.13987342 0.12263603
v -0.06538120 -0.13987342 0.12019663
v -0.08192657 -0.13987342 0.11679584
v -0.09712715 -0.13987342 0.11244739
v -0.11106763 -0.13987342 0.10716796
v -0.12377243 -0.13987342 0.10097625
v -0.13523667 -0.13987342 0.09389168
v -0.14544091 -0.13987342 0.08593232
v -0.15435913 -0.13987342 0.07711167
v -0.16196335 -0.13987342 0.06743312
v -0.16822663 -0.13987342 0.05687972
v -0.17312494 -0.13987342 0.04539265
v -0.17663852 -0.13987342 0.03281686
v -0.17875269 -0.13987342 0.01870982
v -0.17945842 -0.13987342 0.00000000
v -0.17875269 -0.13987342 -0.01870982
v -0.17663852 -0.13987342 -0.03281686
v -0.17312494 -0.13987342 -0.04539265
v -0.16822663 -0.13987342 -0.05687972
v -0.16196335 -0.13987342 -0.06743312
v -0.15435913 -0.13987342 -0.07711167
v -0.14544091 -0.13987342 -0.08593232
v -0.13523667 -0.13987342 -0.09389168
v -0.12377243 -0.13987342 -0.10097625
v -0.11106763 -0.13987342 -0.10716796
v -0.09712715 -0.13987342 -0.11244739
v -0.08192657 -0.13987342 -0.11679584
v -0.06538120 -0.13987342 -0.12019663
v -0.04726770 -0.13987342 -0.12263603
v -0.02694864 -0.13987342 -0.12410384
v -0.00000000 -0.13987342 -0.12459382
v 0.02694864 -0.13987342 -0.12410384
v 0.04726770 -0.13987342 -0.12263603
v 0.06538120 -0.13987342 -0.12019663
v 0.08192657 -0.13987342 -0.11679584
v 0.09712715 -0.13987342 -0.11244739
v 0.11106763 -0.13987342 -0.10716796
v 0.12377243 -0.13987342 -0.10097625
v 0.13523667 -0.13987342 -0.09389168
v 0.14544091 -0.13987342 -0.08593232
v 0.15435913 -0.13987342 -0.07711167
v 0.16196335 -0.13987342 -0.06743312
v 0.16822663 -0.13987342 -0.05687972
v 0.17312494 -0.13987342 -0.04539265
v 0.17663852 -0.13987342 -0.03281686
v 0.17875269 -0.13987342 -0.01870982
v 0.17961224 -0.11835443 0.00000000
v 0.17890590 -0.11835443 0.01872714
v 0.17678993 -0.11835443 0.03284725
v 0.17327334 -0.11835443 0.04543468
v 0.16837082 -0.11835443 0.05693238
v 0.16210218 -0.11835443 0.06749556
v 0.15449144 -0.11835443 0.07718307
v 0.14556558 -0.11835443 0.08601189
v 0.13535258 -0.11835443 0.09397862
v 0.12387852 -0.11835443 0.10106975
v 0.11116283 -0.11835443 0.10726719
v 0.09721040 -0.11835443 0.11255151
v 0.08199680 -0.11835443 0.11690399
v 0.06543724 -0.11835443 0.12030792
v 0.04730821 -0.11835443 0.12274958
v 0.02697174 -0.11835443 0.12421875
v 0.00000000 -0.11835443 0.12470918
v -0.02697174 -0.11835443 0.12421875
v -0.04730821 -0.11835443 0.12274958
v -0.06543724 -0.11835443 0.12030792
v -0.08199680 -0.11835443 0.11690399
v -0.09721040 -0.11835443 0.11255151
v -0.11116283 -0.11835443 0.10726719
v -0.12387852 -0.11835443 0.10106975
v -0.13535258 -0.11835443 0.09397862
v -0.14556558 -0.11835443 0.08601189
v -0.15449144 -0.11835443 0.07718307
v -0.16210218 -0.11835443 0.06749556
v -0.16837082 -0.11835443 0.05693238
v -0.17327334 -0.11835443 0.04543468
v -0.17678993 -0.11835443 0.03284725
v -0.17890590 -0.11835443 0.01872714
v -0.17961224 -0.11835443 0.00000000
v -0.17890590 -0.11835443 -0.01872714
v -0.17678993 -0.11835443 -0.03284725
v -0.17327334 -0.11835443 -0.04543468
v -0.16837082 -0.11835443 -0.05693238
v -0.16210218 -0.11835443 -0.06749556
v -0.15449144 -0.11835443 -0.07718307
v -0.14556558 -0.11835443 -0.08601189
v -0.13535258 -0.11835443 -0.09397862
v -0.12387852 -0.11835443 -0.10106975
v -0.11116283 -0.11835443 -0.10726719
v -0.09721040 -0.11835443 -0.11255151
v -0.08199680 -0.11835443 -0.11690399
v -0.06543724 -0.11835443 -0.12030792
v -0.04730821 -0.11835443 -0.12274958
v -0.02697174 -0.11835443 -0.12421875
v -0.00000000 -0.11835443 -0.12470918
v 0.02697174 -0.11835443 -0.12421875
v 0.04730821 -0.11835443 -0.12274958
v 0.06543724 -0.11835443 -0.12030792
v 0.08199680 -0.11835443 -0.11690399
v 0.09721040 -0.11835443 -0.11255151
v 0.11116283 -0.11835443 -0.10726719
v 0.12387852 -0.11835443 -0.10106975
v 0.13535258 -0.11835443 -0.09397862
v 0.14556558 -0.11835443 -0.08601189
v 0.15449144 -0.11835443 -0.07718307
v 0.16210218 -0.11835443 -0.06749556
v 0.16837082 -0.11835443 -0.05693238
v 0.17327334 -0.11835443 -0.04543468
v 0.17678993 -0.11835443 -0.03284725
v 0.17890590 -0.11835443 -0.01872714
v 0.17974043 -0.09683544 0.00000000
v 0.17903358 -0.09683544 0.01874158
v 0.17691610 -0.09683544 0.03287257
v 0.17339700 -0.09683544 0.04546971
v 0.16849098 -0.09683544 0.05697627
v 0.16221786 -0.09683544 0.06754759
v 0.15460169 -0.09683544 0.07724258
v 0.14566946 -0.09683544 0.08607820
v 0.13544918 -0.09683544 0.09405106
v 0.12396693 -0.09683544 0.10114766
v 0.11124216 -0.09683544 0.10734988
v 0.09727978 -0.09683544 0.11263828
v 0.08205531 -0.09683544 0.11699411
v 0.06548395 -0.09683544 0.12040067
v 0.04734197 -0.09683544 0.12284421
v 0.02699099 -0.09683544 0.12431451
v 0.00000000 -0.09683544 0.12480532
v -0.02699099 -0.09683544 0.12431451
v -0.04734197 -0.09683544 0.12284421
v -0.06548395 -0.09683544 0.12040067
v -0.08205531 -0.09683544 0.11699411
v -0.09727978 -0.09683544 0.11263828
v -0.11124216 -0.09683544 0.10734988
v -0.12396693 -0.09683544 0.10114766
v -0.13544918 -0.09683544 0.09405106
v -0.14566946 -0.09683544 0.08607820
v -0.15460169 -0.09683544 0.07724258
v -0.16221786 -0.09683544 0.06754759
v -0.16849098 -0.09683544 0.05697627
v -0.17339700 -0.09683544 0.04546971
v -0.17691610 -0.09683544 0.03287257
v -0.17903358 -0.09683544 0.01874158
v -0.17974043 -0.09683544 0.00000000
v -0.17903358 -0.09683544 -0.01874158
v -0.17691610 -0.09683544 -0.03287257
v -0.17339700 -0.09683544 -0.04546971
v -0.16849098 -0.09683544 -0.05697627
v -0.16221786 -0.09683544 -0.06754759
v -0.15460169 -0.09683544 -0.07724258
v -0.14566946 -0.09683544 -0.08607820
v -0.13544918 -0.09683544 -0.09405106
v -0.12396693 -0.09683544 -0.10114766
v -0.11124216 -0.09683544 -0.10734988
v -0.09727978 -0.09683544 -0.11263828
v -0.08205531 -0.09683544 -0.11699411
v -0.06548395 -0.09683544 -0.12040067
v -0.04734197 -0.09683544 -0.12284421
v -0.02699099 -0.09683544 -0.12431451
v -0.00000000 -0.09683544 -0.12480532
v 0.02699099 -0.09683544 -0.12431451
v 0.04734197 -0.09683544 -0.12284421
v 0.06548395 -0.09683544 -0.12040067
v 0.08205531 -0.09683544 -0.11699411
v 0.09727978 -0.09683544 -0.11263828
v 0.11124216 -0.09683544 -0.10734988
v 0.12396693 -0.09683544 -0.10114766
v 0.13544918 -0.09683544 -0.09405106
v 0.14566946 -0.09683544 -0.08607820
v 0.15460169 -0.09683544 -0.07724258
v 0.16221786 -0.09683544 -0.06754759
v 0.16849098 -0.09683544 -0.05697627
v 0.17339700 -0.09683544 -0.04546971
v 0.17691610 -0.09683544 -0.03287257
v 0.17903358 -0.09683544 -0.01874158
v 0.17984297 -0.07531646 0.00000000
v 0.17913573 -0.07531646 0.01875313
v 0.17701703 -0.07531646 0.03289283
v 0.17349593 -0.07531646 0.04549773
v 0.16858711 -0.07531646 0.05701139
v 0.16231041 -0.07531646 0.06758922
v 0.15468990 -0.07531646 0.07729018
v 0.14575257 -0.07531646 0.08613124
v 0.13552646 -0.07531646 0.09410902
v 0.12403765 -0.07531646 0.10120999
v 0.11130563 -0.07531646 0.10741604
v 0.09733528 -0.07531646 0.11270769
v 0.08210213 -0.07531646 0.11706621
v 0.06552131 -0.07531646 0.12047487
v 0.04736898 -0.07531646 0.12291991
v 0.02700639 -0.07531646 0.12439112
v 0.00000000 -0.07531646 0.12488223
v -0.02700639 -0.07531646 0.12439112
v -0.04736898 -0.07531646 0.12291991
v -0.06552131 -0.07531646 0.12047487
v -0.08210213 -0.07531646 0.11706621
v -0.09733528 -0.07531646 0.11270769
v -0.11130563 -0.07531646 0.10741604
v -0.12403765 -0.07531646 0.10120999
v -0.13552646 -0.07531646 0.09410902
v -0.14575257 -0.07531646 0.08613124
v -0.15468990 -0.07531646 0.07729018
v -0.16231041 -0.07531646 0.06758922
v -0.16858711 -0.07531646 0.05701139
v -0.17349593 -0.07531646 0.04549773
v -0.17701703 -0.07531646 0.03289283
v -0.17913573 -0.07531646 0.01875313
v -0.17984297 -0.07531646 0.00000000
v -0.17913573 -0.07531646 -0.01875313
v -0.17701703 -0.07531646 -0.03289283
v -0.17349593 -0.07531646 -0.04549773
v -0.16858711 -0.07531646 -0.05701139
v -0.16231041 -0.07531646 -0.06758922
v -0.15468990 -0.07531646 -0.07729018
v -0.14575257 -0.07531646 -0.08613124
v -0.13552646 -0.07531646 -0.09410902
v -0.12403765 -0.07531646 -0.10120999
v -0.11130563 -0.07531646 -0.10741604
v -0.09733528 -0.07531646 -0.11270769
v -0.08210213 -0.07531646 -0.11706621
v -0.06552131 -0.07531646 -0.12047487
v -0.04736898 -0.07531646 -0.12291991
v -0.02700639 -0.07531646 -0.12439112
v -0.00000000 -0.07531646 -0.12488223
v 0.02700639 -0.07531646 -0.12439112
v 0.04736898 -0.07531646 -0.12291991
v 0.06552131 -0.07531646 -0.12047487
v 0.08210213 -0.07531646 -0.11706621
v 0.09733528 -0.07531646 -0.11270769
v 0.11130563 -0.07531646 -0.10741604
v 0.12403765 -0.07531646 -0.10120999
v 0.13552646 -0.07531646 -0.09410902
v 0.14575257 -0.07531646 -0.08613124
v 0.15468990 -0.07531646 -0.07729018
v 0.16231041 -0.07531646 -0.06758922
v 0.16858711 -0.07531646 -0.05701139
v 0.17349593 -0.07531646 -0.04549773
v 0.17701703 -0.07531646 -0.03289283
v 0.17913573 -0.07531646 -0.01875313
v 0.17991988 -0.05379747 0.00000000
v 0.17921234 -0.05379747 0.01876179
v 0.17709274 -0.05379747 0.03290802
v 0.17357012 -0.05379747 0.04551874
v 0.16865921 -0.05379747 0.05703772
v 0.16237983 -0.05379747 0.06762044
v 0.15475605 -0.05379747 0.07732588
v 0.14581490 -0.05379747 0.08617103
v 0.13558442 -0.05379747 0.09415249
v 0.12409070 -0.05379747 0.10125674
v 0.11135323 -0.05379747 0.10746565
v 0.09737690 -0.05379747 0.11275975
v 0.08213724 -0.05379747 0.11712028
v 0.06554933 -0.05379747 0.12053051
v 0.04738924 -0.05379747 0.12297669
v 0.02701794 -0.05379747 0.12444858
v 0.00000000 -0.05379747 0.12493991
v -0.02701794 -0.05379747 0.12444858
v -0.04738924 -0.05379747 0.12297669
v -0.06554933 -0.05379747 0.12053051
v -0.08213724 -0.05379747 0.11712028
v -0.09737690 -0.05379747 0.11275975
v -0.11135323 -0.05379747 0.10746565
v -0.12409070 -0.05379747 0.10125674
v -0.13558442 -0.05379747 0.09415249
v -0.14581490 -0.05379747 0.08617103
v -0.15475605 -0.05379747 0.07732588
v -0.16237983 -0.05379747 0.06762044
v -0.16865921 -0.05379747 0.05703772
v -0.17357012 -0.05379747 0.04551874
v -0.17709274 -0.05379747 0.03290802
v -0.17921234 -0.05379747 0.01876179
v -0.17991988 -0.05379747 0.00000000
v -0.17921234 -0.05379747 -0.01876179
v -0.17709274 -0.05379747 -0.03290802
v -0.17357012 -0.05379747 -0.04551874
v -0.16865921 -0.05379747 -0.05703772
v -0.16237983 -0.05379747 -0.06762044
v -0.15475605 -0.05379747 -0.07732588
v -0.14581490 -0.05379747 -0.08617103
v -0.13558442 -0.05379747 -0.09415249
v -0.12409070 -0.05379747 -0.10125674
v -0.11135323 -0.05379747 -0.10746565
v -0.09737690 -0.05379747 -0.11275975
v -0.08213724 -0.05379747 -0.11712028
v -0.06554933 -0.05379747 -0.12053051
v -0.04738924 -0.05379747 -0.12297669
v -0.02701794 -0.05379747 -0.12444858
v -0.00000000 -0.05379747 -0.12493991
v 0.02701794 -0.05379747 -0.12444858
v 0.04738924 -0.05379747 -0.12297669
v 0.06554933 -0.05379747 -0.12053051
v 0.08213724 -0.05379747 -0.11712028
v 0.09737690 -0.05379747 -0.11275975
v 0.11135323 -0.05379747 -0.10746565
v 0.12409070 -0.05379747 -0.10125674
v 0.13558442 -0.05379747 -0.09415249
v 0.14581490 -0.05379747 -0.08617103
v 0.15475605 -0.05379747 -0.07732588
v 0.16237983 -0.05379747 -0.06762044
v 0.16865921 -0.05379747 -0.05703772
v 0.17357012 -0.05379747 -0.04551874
v 0.17709274 -0.05379747 -0.03290802
v 0.17921234 -0.05379747 -0.01876179
v 0.17997116 -0.03227848 0.00000000
v 0.17926341 -0.03227848 0.01876757
v 0.17714320 -0.03227848 0.03291815
v 0.17361959 -0.03227848 0.04553275
v 0.16870727 -0.03227848 0.05705527
v 0.16242610 -0.03227848 0.06764125
v 0.15480015 -0.03227848 0.07734968
v 0.14585646 -0.03227848 0.08619755
v 0.13562306 -0.03227848 0.09418147
v 0.12412606 -0.03227848 0.10128791
v 0.11138496 -0.03227848 0.10749873
v 0.09740465 -0.03227848 0.11279446
v 0.08216065 -0.03227848 0.11715633
v 0.06556801 -0.03227848 0.12056761
v 0.04740275 -0.03227848 0.12301454
v 0.02702564 -0.03227848 0.12448688
v 0.00000000 -0.03227848 0.12497837
v -0.02702564 -0.03227848 0.12448688
v -0.04740275 -0.03227848 0.12301454
v -0.06556801 -0.03227848 0.12056761
v -0.08216065 -0.03227848 0.11715633
v -0.09740465 -0.03227848 0.11279446
v -0.11138496 -0.03227848 0.10749873
v -0.12412606 -0.03227848 0.10128791
v -0.13562306 -0.03227848 0.09418147
v -0.14585646 -0.03227848 0.08619755
v -0.15480015 -0.03227848 0.07734968
v -0.16242610 -0.03227848 0.06764125
v -0.16870727 -0.03227848 0.05705527
v -0.17361959 -0.03227848 0.04553275
v -0.17714320 -0.03227848 0.03291815
v -0.17926341 -0.03227848 0.01876757
v -0.17997116 -0.03227848 0.00000000
v -0.17926341 -0.03227848 -0.01876757
v -0.17714320 -0.03227848 -0.03291815
v -0.17361959 -0.03227848 -0.04553275
v -0.16870727 -0.03227848 -0.05705527
v -0.16242610 -0.03227848 -0.06764125
v -0.15480015 -0.03227848 -0.07734968
v -0.14585646 -0.03227848 -0.08619755
v -0.13562306 -0.03227848 -0.09418147
v -0.12412606 -0.03227848 -0.10128791
v -0.11138496 -0.03227848 -0.10749873
v -0.09740465 -0.03227848 -0.11279446
v -0.08216065 -0.03227848 -0.11715633
v -0.06556801 -0.03227848 -0.12056761
v -0.04740275 -0.03227848 -0.12301454
v -0.02702564 -0.03227848 -0.12448688
v -0.00000000 -0.03227848 -0.12497837
v 0.02702564 -0.03227848 -0.12448688
v 0.04740275 -0.03227848 -0.12301454
v 0.06556801 -0.03227848 -0.12056761
v 0.08216065 -0.03227848 -0.11715633
v 0.09740465 -0.03227848 -0.11279446
v 0.11138496 -0.03227848 -0.10749873
v 0.12412606 -0.03227848 -0.10128791
v 0.13562306 -0.03227848 -0.09418147
v 0.14585646 -0.03227848 -0.08619755
v 0.15480015 -0.03227848 -0.07734968
v 0.16242610 -0.03227848 -0.06764125
v 0.16870727 -0.03227848 -0.05705527
v 0.17361959 -0.03227848 -0.04553275
v 0.17714320 -0.03227848 -0.03291815
v 0.17926341 -0.03227848 -0.01876757
v 0.17999680 -0.01075949 0.00000000
v 0.17928894 -0.01075949 0.01877045
v 0.17716844 -0.01075949 0.03292322
v 0.17364432 -0.01075949 0.04553976
v 0.16873131 -0.01075949 0.05706405
v 0.16244924 -0.01075949 0.06765166
v 0.15482220 -0.01075949 0.07736158
v 0.14587723 -0.01075949 0.08621081
v 0.13564238 -0.01075949 0.09419596
v 0.12414374 -0.01075949 0.10130349
v 0.11140083 -0.01075949 0.10751527
v 0.09741853 -0.01075949 0.11281181
v 0.08217235 -0.01075949 0.11717435
v 0.06557735 -0.01075949 0.12058616
v 0.04740950 -0.01075949 0.12303346
v 0.02702949 -0.01075949 0.12450603
v 0.00000000 -0.01075949 0.12499760
v -0.02702949 -0.01075949 0.12450603
v -0.04740950 -0.01075949 0.12303346
v -0.06557735 -0.01075949 0.12058616
v -0.08217235 -0.01075949 0.11717435
v -0.09741853 -0.01075949 0.11281181
v -0.11140083 -0.01075949 0.10751527
v -0.12414374 -0.01075949 0.10130349
v -0.13564238 -0.01075949 0.09419596
v -0.14587723 -0.01075949 0.08621081
v -0.15482220 -0.01075949 0.07736158
v -0.16244924 -0.01075949 0.06765166
v -0.16873131 -0.01075949 0.05706405
v -0.17364432 -0.01075949 0.04553976
v -0.17716844 -0.01075949 0.03292322
v -0.17928894 -0.01075949 0.01877045
v -0.17999680 -0.01075949 0.00000000
v -0.17928894 -0.01075949 -0.01877045
v -0.17716844 -0.01075949 -0.03292322
v -0.17364432 -0.01075949 -0.04553976
v -0.16873131 -0.01075949 -0.05706405
v -0.16244924 -0.01075949 -0.06765166
v -0.15482220 -0.01075949 -0.07736158
v -0.14587723 -0.01075949 -0.08621081
v -0.13564238 -0.01075949 -0.09419596
v -0.12414374 -0.01075949 -0.10130349
v -0.11140083 -0.01075949 -0.10751527
v -0.09741853 -0.01075949 -0.11281181
v -0.08217235 -0.01075949 -0.11717435
v -0.06557735 -0.01075949 -0.12058616
v -0.04740950 -0.01075949 -0.12303346
v -0.02702949 -0.01075949 -0.12450603
v -0.00000000 -0.01075949 -0.12499760
v 0.02702949 -0.01075949 -0.12450603
v 0.04740950 -0.01075949 -0.12303346
v 0.06557735 -0.01075949 -0.12058616
v 0.08217235 -0.01075949 -0.11717435
v 0.09741853 -0.01075949 -0.11281181
v 0.11140083 -0.01075949 -0.10751527
v 0.12414374 -0.01075949 -0.10130349
v 0.13564238 -0.01075949 -0.09419596
v 0.14587723 -0.01075949 -0.08621081
v 0.15482220 -0.01075949 -0.07736158
v 0.16244924 -0.01075949 -0.06765166
v 0.16873131 -0.01075949 -0.05706405
v 0.17364432 -0.01075949 -0.04553976
v 0.17716844 -0.01075949 -0.03292322
v 0.17928894 -0.01075949 -0.01877045
v 0.15180832 0.01075949 0.00000000
v 0.15121132 0.01075949 0.01593041
v 0.14942290 0.01075949 0.02794181
v 0.14645067 0.01075949 0.03864942
v 0.14230707 0.01075949 0.04843005
v 0.13700881 0.01075949 0.05741571
v 0.13057621 0.01075949 0.06565648
v 0.12303207 0.01075949 0.07316679
v 0.11440004 0.01075949 0.07994376
v 0.10470216 0.01075949 0.08597589
v 0.09395485 0.01075949 0.09124780
v 0.08216226 0.01075949 0.09574296
v 0.06930372 0.01075949 0.09944543
v 0.05530758 0.01075949 0.10234102
v 0.03998491 0.01075949 0.10441804
v 0.02279653 0.01075949 0.10566780
v 0.00000000 0.01075949 0.10608499
v -0.02279653 0.01075949 0.10566780
v -0.03998491 0.01075949 0.10441804
v -0.05530758 0.01075949 0.10234102
v -0.06930372 0.01075949 0.09944543
v -0.08216226 0.01075949 0.09574296
v -0.09395485 0.01075949 0.09124780
v -0.10470216 0.01075949 0.08597589
v -0.11440004 0.01075949 0.07994376
v -0.12303207 0.01075949 0.07316679
v -0.13057621 0.01075949 0.06565648
v -0.13700881 0.01075949 0.05741571
v -0.14230707 0.01075949 0.04843005
v -0.14645067 0.01075949 0.03864942
v -0.14942290 0.01075949 0.02794181
v -0.15121132 0.01075949 0.01593041
v -0.15180832 0.01075949 0.00000000
v -0.15121132 0.01075949 -0.01580533
v -0.14942290 0.01075949 -0.02771519
v -0.14645067 0.01075949 -0.03831890
v -0.14230707 0.01075949 -0.04798492
v -0.13700881 0.01075949 -0.05683877
v -0.13057621 0.01075949 -0.06492461
v -0.12303207 0.01075949 -0.07225153
v -0.11440004 0.01075949 -0.07881225
v -0.10470216 0.01075949 -0.08459276
v -0.09395485 0.01075949 -0.08957829
v -0.08216226 0.01075949 -0.09375762
v -0.06930372 0.01075949 -0.09712650
v -0.05530758 0.01075949 -0.09969007
v -0.03998491 0.01075949 -0.10146449
v -0.02279653 0.01075949 -0.10247806
v -0.00000000 0.01075949 -0.10278077
v 0.02279653 0.01075949 -0.10247806
v 0.03998491 0.01075949 -0.10146449
v 0.05530758 0.01075949 -0.09969007
v 0.06930372 0.01075949 -0.09712650
v 0.08216226 0.01075949 -0.09375762
v 0.09395485 0.01075949 -0.08957829
v 0.10470216 0.01075949 -0.08459276
v 0.11440004 0.01075949 -0.07881225
v 0.12303207 0.01075949 -0.07225153
v 0.13057621 0.01075949 -0.06492461
v 0.13700881 0.01075949 -0.05683877
v 0.14230707 0.01075949 -0.04798492
v 0.14645067 0.01075949 -0.03831890
v 0.14942290 0.01075949 -0.02771519
v 0.15121132 0.01075949 -0.01580533
v 0.15542495 0.03227848 0.00000000
v 0.15481373 0.03227848 0.01625627
v 0.15298270 0.03227848 0.02851336
v 0.14993967 0.03227848 0.03944000
v 0.14569735 0.03227848 0.04942069
v 0.14027286 0.03227848 0.05859016
v 0.13368701 0.03227848 0.06699949
v 0.12596315 0.03227848 0.07466343
v 0.11712547 0.03227848 0.08157902
v 0.10719655 0.03227848 0.08773454
v 0.09619321 0.03227848 0.09311429
v 0.08411967 0.03227848 0.09770140
v 0.07095479 0.03227848 0.10147960
v 0.05662521 0.03227848 0.10443442
v 0.04093750 0.03227848 0.10655392
v 0.02333962 0.03227848 0.10782925
v 0.00000000 0.03227848 0.10825497
v -0.02333962 0.03227848 0.10782925
v -0.04093750 0.03227848 0.10655392
v -0.05662521 0.03227848 0.10443442
v -0.07095479 0.03227848 0.10147960
v -0.08411967 0.03227848 0.09770140
v -0.09619321 0.03227848 0.09311429
v -0.10719655 0.03227848 0.08773454
v -0.11712547 0.03227848 0.08157902
v -0.12596315 0.03227848 0.07466343
v -0.13368701 0.03227848 0.06699949
v -0.14027286 0.03227848 0.05859016
v -0.14569735 0.03227848 0.04942069
v -0.14993967 0.03227848 0.03944000
v -0.15298270 0.03227848 0.02851336
v -0.15481373 0.03227848 0.01625627
v -0.15542495 0.03227848 0.00000000
v -0.15481373 0.03227848 -0.01588977
v -0.15298270 0.03227848 -0.02784935
v -0.14993967 0.03227848 -0.03847154
v -0.14569735 0.03227848 -0.04811641
v -0.14027286 0.03227848 -0.05689964
v -0.13368701 0.03227848 -0.06485503
v -0.12596315 0.03227848 -0.07198160
v -0.11712547 0.03227848 -0.07826355
v -0.10719655 0.03227848 -0.08368178
v -0.09619321 0.03227848 -0.08822239
v -0.08411967 0.03227848 -0.09188410
v -0.07095479 0.03227848 -0.09468483
v -0.05662521 0.03227848 -0.09666679
v -0.04093750 0.03227848 -0.09789964
v -0.02333962 0.03227848 -0.09848290
v -0.00000000 0.03227848 -0.09857319
v 0.02333962 0.03227848 -0.09848290
v 0.04093750 0.03227848 -0.09789964
v 0.05662521 0.03227848 -0.09666679
v 0.07095479 0.03227848 -0.09468483
v 0.08411967 0.03227848 -0.09188410
v 0.09619321 0.03227848 -0.08822239
v 0.10719655 0.03227848 -0.08368178
v 0.11712547 0.03227848 -0.07826355
v 0.12596315 0.03227848 -0.07198160
v 0.13368701 0.03227848 -0.06485503
v 0.14027286 0.03227848 -0.05689964
v 0.14569735 0.03227848 -0.04811641
v 0.14993967 0.03227848 -0.03847154
v 0.15298270 0.03227848 -0.02784935
v 0.15481373 0.03227848 -0.01588977
v 0.15904159 0.05379747 0.00000000
v 0.15841615 0.05379747 0.01658213
v 0.15654251 0.05379747 0.02908492
v 0.15342867 0.05379747 0.04023058
v 0.14908763 0.05379747 0.05041133
v 0.14353692 0.05379747 0.05976460
v 0.13679782 0.05379747 0.06834250
v 0.12889423 0.05379747 0.07616006
v 0.11985091 0.05379747 0.08321428
v 0.10969094 0.05379747 0.08949319
v 0.09843156 0.05379747 0.09498077
v 0.08607708 0.05379747 0.09965983
v 0.07260586 0.05379747 0.10351377
v 0.05794284 0.05379747 0.10652782
v 0.04189009 0.05379747 0.10868981
v 0.02388272 0.05379747 0.10999070
v 0.00000000 0.05379747 0.11042495
v -0.02388272 0.05379747 0.10999070
v -0.04189009 0.05379747 0.10868981
v -0.05794284 0.05379747 0.10652782
v -0.07260586 0.05379747 0.10351377
v -0.08607708 0.05379747 0.09965983
v -0.09843156 0.05379747 0.09498077
v -0.10969094 0.05379747 0.08949319
v -0.11985091 0.05379747 0.08321428
v -0.12889423 0.05379747 0.07616006
v -0.13679782 0.05379747 0.06834250
v -0.14353692 0.05379747 0.05976460
v -0.14908763 0.05379747 0.05041133
v -0.15342867 0.05379747 0.04023058
v -0.15654251 0.05379747 0.02908492
v -0.15841615 0.05379747 0.01658213
v -0.15904159 0.05379747 0.00000000
v -0.15841615 0.05379747 -0.01599982
v -0.15654251 0.05379747 -0.02802990
v -0.15342867 0.05379747 -0.03869185
v -0.14908763 0.05379747 -0.04833904
v -0.14353692 0.05379747 -0.05707863
v -0.13679782 0.05379747 -0.06493529
v -0.12889423 0.05379747 -0.07189906
v -0.11985091 0.05379747 -0.07794652
v -0.10969094 0.05379747 -0.08305399
v -0.09843156 0.05379747 -0.08720832
v -0.08607708 0.05379747 -0.09041707
v -0.07260586 0.05379747 -0.09271794
v -0.05794284 0.05379747 -0.09418628
v -0.04189009 0.05379747 -0.09493951
v -0.02388272 0.05379747 -0.09514081
v -0.00000000 0.05379747 -0.09504212
v 0.02388272 0.05379747 -0.09514081
v 0.04189009 0.05379747 -0.09493951
v 0.05794284 0.05379747 -0.09418628
v 0.07260586 0.05379747 -0.09271794
v 0.08607708 0.05379747 -0.09041707
v 0.09843156 0.05379747 -0.08720832
v 0.10969094 0.05379747 -0.08305399
v 0.11985091 0.05379747 -0.07794652
v 0.12889423 0.05379747 -0.07189906
v 0.13679782 0.05379747 -0.06493529
v 0.14353692 0.05379747 -0.05707863
v 0.14908763 0.05379747 -0.04833904
v 0.15342867 0.05379747 -0.03869185
v 0.15654251 0.05379747 -0.02802990
v 0.15841615 0.05379747 -0.01599982
v 0.16265823 0.07531646 0.00000000
v 0.16201856 0.07531646 0.01690799
v 0.16010232 0.07531646 0.02965647
v 0.15691767 0.07531646 0.04102116
v 0.15247791 0.07531646 0.05140198
v 0.14680098 0.07531646 0.06093905
v 0.13990863 0.07531646 0.06968551
v 0.13182531 0.07531646 0.07765670
v 0.12257634 0.07531646 0.08484954
v 0.11218534 0.07531646 0.09125184
v 0.10066991 0.07531646 0.09684726
v 0.08803449 0.07531646 0.10161826
v 0.07425693 0.07531646 0.10554794
v 0.05926047 0.07531646 0.10862122
v 0.04284268 0.07531646 0.11082569
v 0.02442582 0.07531646 0.11215215
v 0.00000000 0.07531646 0.11259494
v -0.02442582 0.07531646 0.11215215
v -0.04284268 0.07531646 0.11082569
v -0.05926047 0.07531646 0.10862122
v -0.07425693 0.07531646 0.10554794
v -0.08803449 0.07531646 0.10161826
v -0.10066991 0.07531646 0.09684726
v -0.11218534 0.07531646 0.09125184
v -0.12257634 0.07531646 0.08484954
v -0.13182531 0.07531646 0.07765670
v -0.13990863 0.07531646 0.06968551
v -0.14680098 0.07531646 0.06093905
v -0.15247791 0.07531646 0.05140198
v -0.15691767 0.07531646 0.04102116
v -0.16010232 0.07531646 0.02965647
v -0.16201856 0.07531646 0.01690799
v -0.16265823 0.07531646 0.00000000
v -0.16201856 0.07531646 -0.01615055
v -0.16010232 0.07531646 -0.02828418
v -0.15691767 0.07531646 -0.03901967
v -0.15247791 0.07531646 -0.04870647
v -0.14680098 0.07531646 -0.05744531
v -0.13990863 0.07531646 -0.06525363
v -0.13182531 0.07531646 -0.07211425
v -0.12257634 0.07531646 -0.07799757
v -0.11218534 0.07531646 -0.08287613
v -0.10066991 0.07531646 -0.08673734
v -0.08803449 0.07531646 -0.08959586
v -0.07425693 0.07531646 -0.09150540
v -0.05926047 0.07531646 -0.09256812
v -0.04284268 0.07531646 -0.09294018
v -0.02442582 0.07531646 -0.09283635
v -0.00000000 0.07531646 -0.09258592
v 0.02442582 0.07531646 -0.09283635
v 0.04284268 0.07531646 -0.09294018
v 0.05926047 0.07531646 -0.09256812
v 0.07425693 0.07531646 -0.09150540
v 0.08803449 0.07531646 -0.08959586
v 0.10066991 0.07531646 -0.08673734
v 0.11218534 0.07531646 -0.08287613
v 0.12257634 0.07531646 -0.07799757
v 0.13182531 0.07531646 -0.07211425
v 0.13990863 0.07531646 -0.06525363
v 0.14680098 0.07531646 -0.05744531
v 0.15247791 0.07531646 -0.04870647
v 0.15691767 0.07531646 -0.03901967
v 0.16010232 0.07531646 -0.02828418
v 0.16201856 0.07531646 -0.01615055
v 0.16627486 0.09683544 0.00000000
v 0.16562098 0.09683544 0.01723385
v 0.16366212 0.09683544 0.03022802
v 0.16040666 0.09683544 0.04181174
v 0.15586819 0.09683544 0.05239262
v 0.15006503 0.09683544 0.06211349
v 0.14301944 0.09683544 0.07102853
v 0.13475638 0.09683544 0.07915333
v 0.12530177 0.09683544 0.08648480
v 0.11467973 0.09683544 0.09301048
v 0.10290826 0.09683544 0.09871374
v 0.08999189 0.09683544 0.10357670
v 0.07590800 0.09683544 0.10758211
v 0.06057810 0.09683544 0.11071462
v 0.04379527 0.09683544 0.11296157
v 0.02496892 0.09683544 0.11431360
v 0.00000000 0.09683544 0.11476492
v -0.02496892 0.09683544 0.11431360
v -0.04379527 0.09683544 0.11296157
v -0.06057810 0.09683544 0.11071462
v -0.07590800 0.09683544 0.10758211
v -0.08999189 0.09683544 0.10357670
v -0.10290826 0.09683544 0.09871374
v -0.11467973 0.09683544 0.09301048
v -0.12530177 0.09683544 0.08648480
v -0.13475638 0.09683544 0.07915333
v -0.14301944 0.09683544 0.07102853
v -0.15006503 0.09683544 0.06211349
v -0.15586819 0.09683544 0.05239262
v -0.16040666 0.09683544 0.04181174
v -0.16366212 0.09683544 0.03022802
v -0.16562098 0.09683544 0.01723385
v -0.16627486 0.09683544 0.00000000
v -0.16562098 0.09683544 -0.01635421
v -0.16366212 0.09683544 -0.02863434
v -0.16040666 0.09683544 -0.03948735
v -0.15586819 0.09683544 -0.04926224
v -0.15006503 0.09683544 -0.05805611
v -0.14301944 0.09683544 -0.06588164
v -0.13475638 0.09683544 -0.07271672
v -0.12530177 0.09683544 -0.07852740
v -0.11467973 0.09683544 -0.08328353
v -0.10290826 0.09683544 -0.08697278
v -0.08999189 0.09683544 -0.08961471
v -0.07590800 0.09683544 -0.09127408
v -0.06057810 0.09683544 -0.09207166
v -0.04379527 0.09683544 -0.09219058
v -0.02496892 0.09683544 -0.09188157
v -0.00000000 0.09683544 -0.09152783
v 0.02496892 0.09683544 -0.09188157
v 0.04379527 0.09683544 -0.09219058
v 0.06057810 0.09683544 -0.09207166
v 0.07590800 0.09683544 -0.09127408
v 0.08999189 0.09683544 -0.08961471
v 0.10290826 0.09683544 -0.08697278
v 0.11467973 0.09683544 -0.08328353
v 0.12530177 0.09683544 -0.07852740
v 0.13475638 0.09683544 -0.07271672
v 0.14301944 0.09683544 -0.06588164
v 0.15006503 0.09683544 -0.05805611
v 0.15586819 0.09683544 -0.04926224
v 0.16040666 0.09683544 -0.03948735
v 0.16366212 0.09683544 -0.02863434
v 0.16562098 0.09683544 -0.01635421
v 0.16989150 0.11835443 0.00000000
v 0.16922339 0.11835443 0.01755971
v 0.16722193 0.11835443 0.03079958
v 0.16389566 0.11835443 0.04260232
v 0.15925847 0.11835443 0.05338326
v 0.15332909 0.11835443 0.06328794
v 0.14613025 0.11835443 0.07237154
v 0.13768746 0.11835443 0.08064997
v 0.12802721 0.11835443 0.08812006
v 0.11717412 0.11835443 0.09476913
v 0.10514662 0.11835443 0.10058023
v 0.09194930 0.11835443 0.10553513
v 0.07755907 0.11835443 0.10961628
v 0.06189573 0.11835443 0.11280801
v 0.04474786 0.11835443 0.11509746
v 0.02551201 0.11835443 0.11647505
v 0.00000000 0.11835443 0.11693490
v -0.02551201 0.11835443 0.11647505
v -0.04474786 0.11835443 0.11509746
v -0.06189573 0.11835443 0.11280801
v -0.07755907 0.11835443 0.10961628
v -0.09194930 0.11835443 0.10553513
v -0.10514662 0.11835443 0.10058023
v -0.11717412 0.11835443 0.09476913
v -0.12802721 0.11835443 0.08812006
v -0.13768746 0.11835443 0.08064997
v -0.14613025 0.11835443 0.07237154
v -0.15332909 0.11835443 0.06328794
v -0.15925847 0.11835443 0.05338326
v -0.16389566 0.11835443 0.04260232
v -0.16722193 0.11835443 0.03079958
v -0.16922339 0.11835443 0.01755971
v -0.16989150 0.11835443 0.00000000
v -0.16922339 0.11835443 -0.01661934
v -0.16722193 0.11835443 -0.02909586
v -0.16389566 0.11835443 -0.04011745
v -0.15925847 0.11835443 -0.05003675
v -0.15332909 0.11835443 -0.05895041
v -0.14613025 0.11835443 -0.06686929
v -0.13768746 0.11835443 -0.07376895
v -0.12802721 0.11835443 -0.07961325
v -0.11717412 0.11835443 -0.08437058
v -0.10514662 0.11835443 -0.08802862
v -0.09194930 0.11835443 -0.09060915
v -0.07755907 0.11835443 -0.09218227
v -0.06189573 0.11835443 -0.09287786
v -0.04474786 0.11835443 -0.09289234
v -0.02551201 0.11835443 -0.09249421
v -0.00000000 0.11835443 -0.09209342
v 0.02551201 0.11835443 -0.09249421
v 0.04474786 0.11835443 -0.09289234
v 0.06189573 0.11835443 -0.09287786
v 0.07755907 0.11835443 -0.09218227
v 0.09194930 0.11835443 -0.09060915
v 0.10514662 0.11835443 -0.08802862
v 0.11717412 0.11835443 -0.08437058
v 0.12802721 0.11835443 -0.07961325
v 0.13768746 0.11835443 -0.07376895
v 0.14613025 0.11835443 -0.06686929
v 0.15332909 0.11835443 -0.05895041
v 0.15925847 0.11835443 -0.05003675
v 0.16389566 0.11835443 -0.04011745
v 0.16722193 0.11835443 -0.02909586
v 0.16922339 0.11835443 -0.01661934
v 0.17350814 0.13987342 0.00000000
v 0.17282580 0.13987342 0.01788556
v 0.17078174 0.13987342 0.03137113
v 0.16738466 0.13987342 0.04339290
v 0.16264875 0.13987342 0.05437390
v 0.15659315 0.13987342 0.06446238
v 0.14924106 0.13987342 0.07371455
v 0.14061854 0.13987342 0.08214661
v 0.13075264 0.13987342 0.08975532
v 0.11966852 0.13987342 0.09652778
v 0.10738497 0.13987342 0.10244672
v 0.09390671 0.13987342 0.10749357
v 0.07921014 0.13987342 0.11165045
v 0.06321337 0.13987342 0.11490141
v 0.04570045 0.13987342 0.11723334
v 0.02605511 0.13987342 0.11863649
v 0.00000000 0.13987342 0.11910488
v -0.02605511 0.13987342 0.11863649
v -0.04570045 0.13987342 0.11723334
v -0.06321337 0.13987342 0.11490141
v -0.07921014 0.13987342 0.11165045
v -0.09390671 0.13987342 0.10749357
v -0.10738497 0.13987342 0.10244672
v -0.11966852 0.13987342 0.09652778
v -0.13075264 0.13987342 0.08975532
v -0.14061854 0.13987342 0.08214661
v -0.14924106 0.13987342 0.07371455
v -0.15659315 0.13987342 0.06446238
v -0.16264875 0.13987342 0.05437390
v -0.16738466 0.13987342 0.04339290
v -0.17078174 0.13987342 0.03137113
v -0.17282580 0.13987342 0.01788556
v -0.17350814 0.13987342 0.00000000
v -0.17282580 0.13987342 -0.01695017
v -0.17078174 0.13987342 -0.02967642
v -0.16738466 0.13987342 -0.04092117
v -0.16264875 0.13987342 -0.05104509
v -0.15659315 0.13987342 -0.06014780
v -0.14924106 0.13987342 -0.06824140
v -0.14061854 0.13987342 -0.07530198
v -0.13075264 0.13987342 -0.08129350
v -0.11966852 0.13987342 -0.08618423
v -0.10738497 0.13987342 -0.08996149
v -0.09390671 0.13987342 -0.09264653
v -0.07921014 0.13987342 -0.09430865
v -0.06321337 0.13987342 -0.09507668
v -0.04570045 0.13987342 -0.09514567
v -0.02605511 0.13987342 -0.09478250
v -0.00000000 0.13987342 -0.09439480
v 0.02605511 0.13987342 -0.09478250
v 0.04570045 0.13987342 -0.09514567
v 0.06321337 0.13987342 -0.09507668
v 0.07921014 0.13987342 -0.09430865
v 0.09390671 0.13987342 -0.09264653
v 0.10738497 0.13987342 -0.08996149
v 0.11966852 0.13987342 -0.08618423
v 0.13075264 0.13987342 -0.08129350
v 0.14061854 0.13987342 -0.07530198
v 0.14924106 0.13987342 -0.06824140
v 0.15659315 0.13987342 -0.06014780
v 0.16264875 0.13987342 -0.05104509
v 0.16738466 0.13987342 -0.04092117
v 0.17078174 0.13987342 -0.02967642
v 0.17282580 0.13987342 -0.01695017
v 0.17712477 0.16139241 0.00000000
v 0.17642822 0.16139241 0.01821142
v 0.17434155 0.16139241 0.03194268
v 0.17087366 0.16139241 0.04418347
v 0.16603904 0.16139241 0.05536455
v 0.15985721 0.16139241 0.06563683
v 0.15235187 0.16139241 0.07505756
v 0.14354962 0.16139241 0.08364324
v 0.13347807 0.16139241 0.09139058
v 0.12216291 0.16139241 0.09828643
v 0.10962332 0.16139241 0.10431320
v 0.09586412 0.16139241 0.10945200
v 0.08086121 0.16139241 0.11368461
v 0.06453100 0.16139241 0.11699481
v 0.04665303 0.16139241 0.11936923
v 0.02659821 0.16139241 0.12079794
v 0.00000000 0.16139241 0.12127486
v -0.02659821 0.16139241 0.12079794
v -0.04665303 0.16139241 0.11936923
v -0.06453100 0.16139241 0.11699481
v -0.08086121 0.16139241 0.11368461
v -0.09586412 0.16139241 0.10945200
v -0.10962332 0.16139241 0.10431320
v -0.12216291 0.16139241 0.09828643
v -0.13347807 0.16139241 0.09139058
v -0.14354962 0.16139241 0.08364324
v -0.15235187 0.16139241 0.07505756
v -0.15985721 0.16139241 0.06563683
v -0.16603904 0.16139241 0.05536455
v -0.17087366 0.16139241 0.04418347
v -0.17434155 0.16139241 0.03194268
v -0.17642822 0.16139241 0.01821142
v -0.17712477 0.16139241 0.00000000
v -0.17642822 0.16139241 -0.01734636
v -0.17434155 0.16139241 -0.03037540
v -0.17087366 0.16139241 -0.04189760
v -0.16603904 0.16139241 -0.05228603
v -0.15985721 0.16139241 -0.06164667
v -0.15235187 0.16139241 -0.06999595
v -0.14354962 0.16139241 -0.07731327
v -0.13347807 0.16139241 -0.08356502
v -0.12216291 0.16139241 -0.08872062
v -0.10962332 0.16139241 -0.09276676
v -0.09586412 0.16139241 -0.09572134
v -0.08086121 0.16139241 -0.09764678
v -0.06453100 0.16139241 -0.09866073
v -0.04665303 0.16139241 -0.09894236
v -0.02659821 0.16139241 -0.09873757
v -0.00000000 0.16139241 -0.09842277
v 0.02659821 0.16139241 -0.09873757
v 0.04665303 0.16139241 -0.09894236
v 0.06453100 0.16139241 -0.09866073
v 0.08086121 0.16139241 -0.09764678
v 0.09586412 0.16139241 -0.09572134
v 0.10962332 0.16139241 -0.09276676
v 0.12216291 0.16139241 -0.08872062
v 0.13347807 0.16139241 -0.08356502
v 0.14354962 0.16139241 -0.07731327
v 0.15235187 0.16139241 -0.06999595
v 0.15985721 0.16139241 -0.06164667
v 0.16603904 0.16139241 -0.05228603
v 0.17087366 0.16139241 -0.04189760
v 0.17434155 0.16139241 -0.03037540
v 0.17642822 0.16139241 -0.01734636
v 0.18074141 0.18291139 0.00000000
v 0.18003063 0.18291139 0.01853728
v 0.17790135 0.18291139 0.03251424
v 0.17436265 0.18291139 0.04497405
v 0.16942932 0.18291139 0.05635519
v 0.16312126 0.18291139 0.06681127
v 0.15546268 0.18291139 0.07640057
v 0.14648070 0.18291139 0.08513988
v 0.13620350 0.18291139 0.09302584
v 0.12465730 0.18291139 0.10004507
v 0.11186167 0.18291139 0.10617969
v 0.09782153 0.18291139 0.11141044
v 0.08251229 0.18291139 0.11571878
v 0.06584863 0.18291139 0.11908821
v 0.04760562 0.18291139 0.12150511
v 0.02714131 0.18291139 0.12295939
v 0.00000000 0.18291139 0.12344485
v -0.02714131 0.18291139 0.12295939
v -0.04760562 0.18291139 0.12150511
v -0.06584863 0.18291139 0.11908821
v -0.08251229 0.18291139 0.11571878
v -0.09782153 0.18291139 0.11141044
v -0.11186167 0.18291139 0.10617969
v -0.12465730 0.18291139 0.10004507
v -0.13620350 0.18291139 0.09302584
v -0.14648070 0.18291139 0.08513988
v -0.15546268 0.18291139 0.07640057
v -0.16312126 0.18291139 0.06681127
v -0.16942932 0.18291139 0.05635519
v -0.17436265 0.18291139 0.04497405
v -0.17790135 0.18291139 0.03251424
v -0.18003063 0.18291139 0.01853728
v -0.18074141 0.18291139 0.00000000
v -0.18003063 0.18291139 -0.01780300
v -0.17790135 0.18291139 -0.03118390
v -0.17436265 0.18291139 -0.04303376
v -0.16942932 0.18291139 -0.05374208
v -0.16312126 0.18291139 -0.06342434
v -0.15546268 0.18291139 -0.07210417
v -0.14648070 0.18291139 -0.07976687
v -0.13620350 0.18291139 -0.08638334
v -0.12465730 0.18291139 -0.09192542
v -0.11186167 0.18291139 -0.09637883
v -0.09782153 0.18291139 -0.09975556
v -0.08251229 0.18291139 -0.10210554
v -0.06584863 0.18291139 -0.10352586
v -0.04760562 0.18291139 -0.10416637
v -0.02714131 0.18291139 -0.10423409
v -0.00000000 0.18291139 -0.10404752
v 0.02714131 0.18291139 -0.10423409
v 0.04760562 0.18291139 -0.10416637
v 0.06584863 0.18291139 -0.10352586
v 0.08251229 0.18291139 -0.10210554
v 0.09782153 0.18291139 -0.09975556
v 0.11186167 0.18291139 -0.09637883
v 0.12465730 0.18291139 -0.09192542
v 0.13620350 0.18291139 -0.08638334
v 0.14648070 0.18291139 -0.07976687
v 0.15546268 0.18291139 -0.07210417
v 0.16312126 0.18291139 -0.06342434
v 0.16942932 0.18291139 -0.05374208
v 0.17436265 0.18291139 -0.04303376
v 0.17790135 0.18291139 -0.03118390
v 0.18003063 0.18291139 -0.01780300
v 0.18435805 0.20443038 0.00000000
v 0.18363304 0.20443038 0.01886314
v 0.18146116 0.20443038 0.03308579
v 0.17785165 0.20443038 0.04576463
v 0.17281960 0.20443038 0.05734583
v 0.16638532 0.20443038 0.06798572
v 0.15857349 0.20443038 0.07774358
v 0.14941178 0.20443038 0.08663651
v 0.13892894 0.20443038 0.09466109
v 0.12715170 0.20443038 0.10180372
v 0.11410003 0.20443038 0.10804617
v 0.09977894 0.20443038 0.11336887
v 0.08416336 0.20443038 0.11775295
v 0.06716626 0.20443038 0.12118161
v 0.04855821 0.20443038 0.12364100
v 0.02768440 0.20443038 0.12512084
v 0.00000000 0.20443038 0.12561483
v -0.02768440 0.20443038 0.12512084
v -0.04855821 0.20443038 0.12364100
v -0.06716626 0.20443038 0.12118161
v -0.08416336 0.20443038 0.11775295
v -0.09977894 0.20443038 0.11336887
v -0.11410003 0.20443038 0.10804617
v -0.12715170 0.20443038 0.10180372
v -0.13892894 0.20443038 0.09466109
v -0.14941178 0.20443038 0.08663651
v -0.15857349 0.20443038 0.07774358
v -0.16638532 0.20443038 0.06798572
v -0.17281960 0.20443038 0.05734583
v -0.17785165 0.20443038 0.04576463
v -0.18146116 0.20443038 0.03308579
v -0.18363304 0.20443038 0.01886314
v -0.18435805 0.20443038 0.00000000
v -0.18363304 0.20443038 -0.01831095
v -0.18146116 0.20443038 -0.03208535
v -0.17785165 0.20443038 -0.04430549
v -0.17281960 0.20443038 -0.05538072
v -0.16638532 0.20443038 -0.06543868
v -0.15857349 0.20443038 -0.07451260
v -0.14941178 0.20443038 -0.08259590
v -0.13892894 0.20443038 -0.08966580
v -0.12715170 0.20443038 -0.09569758
v -0.11410003 0.20443038 -0.10067573
v -0.09977894 0.20443038 -0.10460417
v -0.08416336 0.20443038 -0.10751551
v -0.06716626 0.20443038 -0.10947841
v -0.04855821 0.20443038 -0.11060191
v -0.02768440 0.20443038 -0.11103903
v -0.00000000 0.20443038 -0.11102764
v 0.02768440 0.20443038 -0.11103903
v 0.04855821 0.20443038 -0.11060191
v 0.06716626 0.20443038 -0.10947841
v 0.08416336 0.20443038 -0.10751551
v 0.09977894 0.20443038 -0.10460417
v 0.11410003 0.20443038 -0.10067573
v 0.12715170 0.20443038 -0.09569758
v 0.13892894 0.20443038 -0.08966580
v 0.14941178 0.20443038 -0.08259590
v 0.15857349 0.20443038 -0.07451260
v 0.16638532 0.20443038 -0.06543868
v 0.17281960 0.20443038 -0.05538072
v 0.17785165 0.20443038 -0.04430549
v 0.18146116 0.20443038 -0.03208535
v 0.18363304 0.20443038 -0.01831095
v 0.18797468 0.22594937 0.00000000
v 0.18723546 0.22594937 0.01918900
v 0.18502097 0.22594937 0.03365734
v 0.18134065 0.22594937 0.04655521
v 0.17620988 0.22594937 0.05833647
v 0.16964938 0.22594937 0.06916017
v 0.16168429 0.22594937 0.07908660
v 0.15234286 0.22594937 0.08813315
v 0.14165437 0.22594937 0.09629635
v 0.12964609 0.22594937 0.10356237
v 0.11633838 0.22594937 0.10991266
v 0.10173635 0.22594937 0.11532730
v 0.08581443 0.22594937 0.11978712
v 0.06848389 0.22594937 0.12327501
v 0.04951080 0.22594937 0.12577688
v 0.02822750 0.22594937 0.12728229
v 0.00000000 0.22594937 0.12778481
v -0.02822750 0.22594937 0.12728229
v -0.04951080 0.22594937 0.12577688
v -0.06848389 0.22594937 0.12327501
v -0.08581443 0.22594937 0.11978712
v -0.10173635 0.22594937 0.11532730
v -0.11633838 0.22594937 0.10991266
v -0.12964609 0.22594937 0.10356237
v -0.14165437 0.22594937 0.09629635
v -0.15234286 0.22594937 0.08813315
v -0.16168429 0.22594937 0.07908660
v -0.16964938 0.22594937 0.06916017
v -0.17620988 0.22594937 0.05833647
v -0.18134065 0.22594937 0.04655521
v -0.18502097 0.22594937 0.03365734
v -0.18723546 0.22594937 0.01918900
v -0.18797468 0.22594937 0.00000000
v -0.18723546 0.22594937 -0.01885747
v -0.18502097 0.22594937 -0.03305670
v -0.18134065 0.22594937 -0.04567918
v -0.17620988 0.22594937 -0.05715667
v -0.16964938 0.22594937 -0.06763099
v -0.16168429 0.22594937 -0.07714680
v -0.15234286 0.22594937 -0.08570727
v -0.14165437 0.22594937 -0.09329731
v -0.12964609 0.22594937 -0.09989640
v -0.11633838 0.22594937 -0.10548763
v -0.10173635 0.22594937 -0.11006520
v -0.08581443 0.22594937 -0.11364083
v -0.06848389 0.22594937 -0.11624871
v -0.04951080 0.22594937 -0.11794855
v -0.02822750 0.22594937 -0.11882793
v -0.00000000 0.22594937 -0.11902704
v 0.02822750 0.22594937 -0.11882793
v 0.04951080 0.22594937 -0.11794855
v 0.06848389 0.22594937 -0.11624871
v 0.08581443 0.22594937 -0.11364083
v 0.10173635 0.22594937 -0.11006520
v 0.11633838 0.22594937 -0.10548763
v 0.12964609 0.22594937 -0.09989640
v 0.14165437 0.22594937 -0.09329731
v 0.15234286 0.22594937 -0.08570727
v 0.16168429 0.22594937 -0.07714680
v 0.16964938 0.22594937 -0.06763099
v 0.17620988 0.22594937 -0.05715667
v 0.18134065 0.22594937 -0.04567918
v 0.18502097 0.22594937 -0.03305670
v 0.18723546 0.22594937 -0.01885747
v 0.19159132 0.24746835 0.00000000
v 0.19083787 0.24746835 0.01951486
v 0.18858077 0.24746835 0.03422890
v 0.18482965 0.24746835 0.04734579
v 0.17960016 0.24746835 0.05932712
v 0.17291344 0.24746835 0.07033461
v 0.16479510 0.24746835 0.08042961
v 0.15527394 0.24746835 0.08962979
v 0.14437980 0.24746835 0.09793161
v 0.13214048 0.24746835 0.10532102
v 0.11857673 0.24746835 0.11177914
v 0.10369376 0.24746835 0.11728574
v 0.08746550 0.24746835 0.12182129
v 0.06980152 0.24746835 0.12536841
v 0.05046339 0.24746835 0.12791276
v 0.02877060 0.24746835 0.12944373
v 0.00000000 0.24746835 0.12995479
v -0.02877060 0.24746835 0.12944373
v -0.05046339 0.24746835 0.12791276
v -0.06980152 0.24746835 0.12536841
v -0.08746550 0.24746835 0.12182129
v -0.10369376 0.24746835 0.11728574
v -0.11857673 0.24746835 0.11177914
v -0.13214048 0.24746835 0.10532102
v -0.14437980 0.24746835 0.09793161
v -0.15527394 0.24746835 0.08962979
v -0.16479510 0.24746835 0.08042961
v -0.17291344 0.24746835 0.07033461
v -0.17960016 0.24746835 0.05932712
v -0.18482965 0.24746835 0.04734579
v -0.18858077 0.24746835 0.03422890
v -0.19083787 0.24746835 0.01951486
v -0.19159132 0.24746835 0.00000000
v -0.19083787 0.24746835 -0.01942717
v -0.18858077 0.24746835 -0.03407003
v -0.18482965 0.24746835 -0.04711408
v -0.17960016 0.24746835 -0.05901506
v -0.17291344 0.24746835 -0.06993015
v -0.16479510 0.24746835 -0.07991653
v -0.15527394 0.24746835 -0.08898815
v -0.14437980 0.24746835 -0.09713837
v -0.13214048 0.24746835 -0.10435138
v -0.11857673 0.24746835 -0.11060873
v -0.10369376 0.24746835 -0.11589392
v -0.08746550 0.24746835 -0.12019561
v -0.06980152 0.24746835 -0.12350996
v -0.05046339 0.24746835 -0.12584218
v -0.02877060 0.24746835 -0.12720757
v -0.00000000 0.24746835 -0.12763838
v 0.02877060 0.24746835 -0.12720757
v 0.05046339 0.24746835 -0.12584218
v 0.06980152 0.24746835 -0.12350996
v 0.08746550 0.24746835 -0.12019561
v 0.10369376 0.24746835 -0.11589392
v 0.11857673 0.24746835 -0.11060873
v 0.13214048 0.24746835 -0.10435138
v 0.14437980 0.24746835 -0.09713837
v 0.15527394 0.24746835 -0.08898815
v 0.16479510 0.24746835 -0.07991653
v 0.17291344 0.24746835 -0.06993015
v 0.17960016 0.24746835 -0.05901506
v 0.18482965 0.24746835 -0.04711408
v 0.18858077 0.24746835 -0.03407003
v 0.19083787 0.24746835 -0.01942717
v 0.19520796 0.26898734 0.00000000
v 0.19444029 0.26898734 0.01984072
v 0.19214058 0.26898734 0.03480045
v 0.18831864 0.26898734 0.04813637
v 0.18299044 0.26898734 0.06031776
v 0.17617749 0.26898734 0.07150906
v 0.16790591 0.26898734 0.08177262
v 0.15820502 0.26898734 0.09112642
v 0.14710524 0.26898734 0.09956687
v 0.13463488 0.26898734 0.10707967
v 0.12081508 0.26898734 0.11364563
v 0.10565117 0.26898734 0.11924417
v 0.08911657 0.26898734 0.12385546
v 0.07111915 0.26898734 0.12746180
v 0.05141598 0.26898734 0.13004865
v 0.02931370 0.26898734 0.13160518
v 0.00000000 0.26898734 0.13212477
v -0.02931370 0.26898734 0.13160518
v -0.05141598 0.26898734 0.13004865
v -0.07111915 0.26898734 0.12746180
v -0.08911657 0.26898734 0.12385546
v -0.10565117 0.26898734 0.11924417
v -0.12081508 0.26898734 0.11364563
v -0.13463488 0.26898734 0.10707967
v -0.14710524 0.26898734 0.09956687
v -0.15820502 0.26898734 0.09112642
v -0.16790591 0.26898734 0.08177262
v -0.17617749 0.26898734 0.07150906
v -0.18299044 0.26898734 0.06031776
v -0.18831864 0.26898734 0.04813637
v -0.19214058 0.26898734 0.03480045
v -0.19444029 0.26898734 0.01984072
v -0.19520796 0.26898734 0.00000000
v -0.19444029 0.26898734 -0.01984072
v -0.19214058 0.26898734 -0.03480045
v -0.18831864 0.26898734 -0.04813637
v -0.18299044 0.26898734 -0.06031776
v -0.17617749 0.26898734 -0.07150906
v -0.16790591 0.26898734 -0.08177262
v -0.15820502 0.26898734 -0.09112642
v -0.14710524 0.26898734 -0.09956687
v -0.13463488 0.26898734 -0.10707967
v -0.12081508 0.26898734 -0.11364563
v -0.10565117 0.26898734 -0.11924417
v -0.08911657 0.26898734 -0.12385546
v -0.07111915 0.26898734 -0.12746180
v -0.05141598 0.26898734 -0.13004865
v -0.02931370 0.26898734 -0.13160518
v -0.00000000 0.26898734 -0.13212477
v 0.02931370 0.26898734 -0.13160518
v 0.05141598 0.26898734 -0.13004865
v 0.07111915 0.26898734 -0.12746180
v 0.08911657 0.26898734 -0.12385546
v 0.10565117 0.26898734 -0.11924417
v 0.12081508 0.26898734 -0.11364563
v 0.13463488 0.26898734 -0.10707967
v 0.14710524 0.26898734 -0.09956687
v 0.15820502 0.26898734 -0.09112642
v 0.16790591 0.26898734 -0.08177262
v 0.17617749 0.26898734 -0.07150906
v 0.18299044 0.26898734 -0.06031776
v 0.18831864 0.26898734 -0.04813637
v 0.19214058 0.26898734 -0.03480045
v 0.19444029 0.26898734 -0.01984072
v 0.19882459 0.29050633 0.00000000
v 0.19804270 0.29050633 0.02016657
v 0.19570039 0.29050633 0.03537200
v 0.19180764 0.29050633 0.04892695
v 0.18638073 0.29050633 0.06130840
v 0.17944155 0.29050633 0.07268350
v 0.17101672 0.29050633 0.08311563
v 0.16113610 0.29050633 0.09262306
v 0.14983067 0.29050633 0.10120213
v 0.13712927 0.29050633 0.10883831
v 0.12305344 0.29050633 0.11551211
v 0.10760858 0.29050633 0.12120261
v 0.09076764 0.29050633 0.12588963
v 0.07243679 0.29050633 0.12955520
v 0.05236857 0.29050633 0.13218453
v 0.02985680 0.29050633 0.13376663
v 0.00000000 0.29050633 0.13429476
v -0.02985680 0.29050633 0.13376663
v -0.05236857 0.29050633 0.13218453
v -0.07243679 0.29050633 0.12955520
v -0.09076764 0.29050633 0.12588963
v -0.10760858 0.29050633 0.12120261
v -0.12305344 0.29050633 0.11551211
v -0.13712927 0.29050633 0.10883831
v -0.14983067 0.29050633 0.10120213
v -0.16113610 0.29050633 0.09262306
v -0.17101672 0.29050633 0.08311563
v -0.17944155 0.29050633 0.07268350
v -0.18638073 0.29050633 0.06130840
v -0.19180764 0.29050633 0.04892695
v -0.19570039 0.29050633 0.03537200
v -0.19804270 0.29050633 0.02016657
v -0.19882459 0.29050633 0.00000000
v -0.19804270 0.29050633 -0.02016657
v -0.19570039 0.29050633 -0.03537200
v -0.19180764 0.29050633 -0.04892695
v -0.18638073 0.29050633 -0.06130840
v -0.17944155 0.29050633 -0.07268350
v -0.17101672 0.29050633 -0.08311563
v -0.16113610 0.29050633 -0.09262306
v -0.14983067 0.29050633 -0.10120213
v -0.13712927 0.29050633 -0.10883831
v -0.12305344 0.29050633 -0.11551211
v -0.10760858 0.29050633 -0.12120261
v -0.09076764 0.29050633 -0.12588963
v -0.07243679 0.29050633 -0.12955520
v -0.05236857 0.29050633 -0.13218453
v -0.02985680 0.29050633 -0.13376663
v -0.00000000 0.29050633 -0.13429476
v 0.02985680 0.29050633 -0.13376663
v 0.05236857 0.29050633 -0.13218453
v 0.07243679 0.29050633 -0.12955520
v 0.09076764 0.29050633 -0.12588963
v 0.10760858 0.29050633 -0.12120261
v 0.12305344 0.29050633 -0.11551211
v 0.13712927 0.29050633 -0.10883831
v 0.14983067 0.29050633 -0.10120213
v 0.16113610 0.29050633 -0.09262306
v 0.17101672 0.29050633 -0.08311563
v 0.17944155 0.29050633 -0.07268350
v 0.18638073 0.29050633 -0.06130840
v 0.19180764 0.29050633 -0.04892695
v 0.19570039 0.29050633 -0.03537200
v 0.19804270 0.29050633 -0.02016657
v 0.19633816 0.31202532 0.00000000
v 0.19556604 0.31202532 0.01997921
v 0.19325302 0.31202532 0.03504336
v 0.18940896 0.31202532 0.04847237
v 0.18404991 0.31202532 0.06073878
v 0.17719751 0.31202532 0.07200820
v 0.16887804 0.31202532 0.08234340
v 0.15912098 0.31202532 0.09176249
v 0.14795693 0.31202532 0.10026186
v 0.13541437 0.31202532 0.10782709
v 0.12151457 0.31202532 0.11443888
v 0.10626286 0.31202532 0.12007651
v 0.08963253 0.31202532 0.12471998
v 0.07153091 0.31202532 0.12835150
v 0.05171366 0.31202532 0.13095640
v 0.02948342 0.31202532 0.13252380
v 0.00000000 0.31202532 0.13304702
v -0.02948342 0.31202532 0.13252380
v -0.05171366 0.31202532 0.13095640
v -0.07153091 0.31202532 0.12835150
v -0.08963253 0.31202532 0.12471998
v -0.10626286 0.31202532 0.12007651
v -0.12151457 0.31202532 0.11443888
v -0.13541437 0.31202532 0.10782709
v -0.14795693 0.31202532 0.10026186
v -0.15912098 0.31202532 0.09176249
v -0.16887804 0.31202532 0.08234340
v -0.17719751 0.31202532 0.07200820
v -0.18404991 0.31202532 0.06073878
v -0.18940896 0.31202532 0.04847237
v -0.19325302 0.31202532 0.03504336
v -0.19556604 0.31202532 0.01997921
v -0.19633816 0.31202532 0.00000000
v -0.19556604 0.31202532 -0.01997921
v -0.19325302 0.31202532 -0.03504336
v -0.18940896 0.31202532 -0.04847237
v -0.18404991 0.31202532 -0.06073878
v -0.17719751 0.31202532 -0.07200820
v -0.16887804 0.31202532 -0.08234340
v -0.15912098 0.31202532 -0.09176249
v -0.14795693 0.31202532 -0.10026186
v -0.13541437 0.31202532 -0.10782709
v -0.12151457 0.31202532 -0.11443888
v -0.10626286 0.31202532 -0.12007651
v -0.08963253 0.31202532 -0.12471998
v -0.07153091 0.31202532 -0.12835150
v -0.05171366 0.31202532 -0.13095640
v -0.02948342 0.31202532 -0.13252380
v -0.00000000 0.31202532 -0.13304702
v 0.02948342 0.31202532 -0.13252380
v 0.05171366 0.31202532 -0.13095640
v 0.07153091 0.31202532 -0.12835150
v 0.08963253 0.31202532 -0.12471998
v 0.10626286 0.31202532 -0.12007651
v 0.12151457 0.31202532 -0.11443888
v 0.13541437 0.31202532 -0.10782709
v 0.14795693 0.31202532 -0.10026186
v 0.15912098 0.31202532 -0.09176249
v 0.16887804 0.31202532 -0.08234340
v 0.17719751 0.31202532 -0.07200820
v 0.18404991 0.31202532 -0.06073878
v 0.18940896 0.31202532 -0.04847237
v 0.19325302 0.31202532 -0.03504336
v 0.19556604 0.31202532 -0.01997921
v 0.19091320 0.33354430 0.00000000
v 0.19016242 0.33354430 0.01954473
v 0.18791331 0.33354430 0.03428129
v 0.18417546 0.33354430 0.04741826
v 0.17896448 0.33354430 0.05941793
v 0.17230142 0.33354430 0.07044227
v 0.16421183 0.33354430 0.08055272
v 0.15472436 0.33354430 0.08976698
v 0.14386878 0.33354430 0.09808151
v 0.13167279 0.33354430 0.10548223
v 0.11815704 0.33354430 0.11195024
v 0.10332675 0.33354430 0.11746526
v 0.08715592 0.33354430 0.12200776
v 0.06955447 0.33354430 0.12556030
v 0.05028478 0.33354430 0.12810855
v 0.02866877 0.33354430 0.12964187
v 0.00000000 0.33354430 0.13015371
v -0.02866877 0.33354430 0.12964187
v -0.05028478 0.33354430 0.12810855
v -0.06955447 0.33354430 0.12556030
v -0.08715592 0.33354430 0.12200776
v -0.10332675 0.33354430 0.11746526
v -0.11815704 0.33354430 0.11195024
v -0.13167279 0.33354430 0.10548223
v -0.14386878 0.33354430 0.09808151
v -0.15472436 0.33354430 0.08976698
v -0.16421183 0.33354430 0.08055272
v -0.17230142 0.33354430 0.07044227
v -0.17896448 0.33354430 0.05941793
v -0.18417546 0.33354430 0.04741826
v -0.18791331 0.33354430 0.03428129
v -0.19016242 0.33354430 0.01954473
v -0.19091320 0.33354430 0.00000000
v -0.19016242 0.33354430 -0.01954473
v -0.18791331 0.33354430 -0.03428129
v -0.18417546 0.33354430 -0.04741826
v -0.17896448 0.33354430 -0.05941793
v -0.17230142 0.33354430 -0.07044227
v -0.16421183 0.33354430 -0.08055272
v -0.15472436 0.33354430 -0.08976698
v -0.14386878 0.33354430 -0.09808151
v -0.13167279 0.33354430 -0.10548223
v -0.11815704 0.33354430 -0.11195024
v -0.10332675 0.33354430 -0.11746526
v -0.08715592 0.33354430 -0.12200776
v -0.06955447 0.33354430 -0.12556030
v -0.05028478 0.33354430 -0.12810855
v -0.02866877 0.33354430 -0.12964187
v -0.00000000 0.33354430 -0.13015371
v 0.02866877 0.33354430 -0.12964187
v 0.05028478 0.33354430 -0.12810855
v 0.06955447 0.33354430 -0.12556030
v 0.08715592 0.33354430 -0.12200776
v 0.10332675 0.33354430 -0.11746526
v 0.11815704 0.33354430 -0.11195024
v 0.13167279 0.33354430 -0.10548223
v 0.14386878 0.33354430 -0.09808151
v 0.15472436 0.33354430 -0.08976698
v 0.16421183 0.33354430 -0.08055272
v 0.17230142 0.33354430 -0.07044227
v 0.17896448 0.33354430 -0.05941793
v 0.18417546 0.33354430 -0.04741826
v 0.18791331 0.33354430 -0.03428129
v 0.19016242 0.33354430 -0.01954473
v 0.18548825 0.35506329 0.00000000
v 0.18475880 0.35506329 0.01911025
v 0.18257360 0.35506329 0.03351922
v 0.17894196 0.35506329 0.04636415
v 0.17387906 0.35506329 0.05809707
v 0.16740534 0.35506329 0.06887634
v 0.15954561 0.35506329 0.07876203
v 0.15032774 0.35506329 0.08777146
v 0.13978063 0.35506329 0.09590117
v 0.12793120 0.35506329 0.10313736
v 0.11479951 0.35506329 0.10946159
v 0.10039063 0.35506329 0.11485402
v 0.08467932 0.35506329 0.11929553
v 0.06757802 0.35506329 0.12276910
v 0.04885590 0.35506329 0.12526071
v 0.02785412 0.35506329 0.12675994
v 0.00000000 0.35506329 0.12726040
v -0.02785412 0.35506329 0.12675994
v -0.04885590 0.35506329 0.12526071
v -0.06757802 0.35506329 0.12276910
v -0.08467932 0.35506329 0.11929553
v -0.10039063 0.35506329 0.11485402
v -0.11479951 0.35506329 0.10946159
v -0.12793120 0.35506329 0.10313736
v -0.13978063 0.35506329 0.09590117
v -0.15032774 0.35506329 0.08777146
v -0.15954561 0.35506329 0.07876203
v -0.16740534 0.35506329 0.06887634
v -0.17387906 0.35506329 0.05809707
v -0.17894196 0.35506329 0.04636415
v -0.18257360 0.35506329 0.03351922
v -0.18475880 0.35506329 0.01911025
v -0.18548825 0.35506329 0.00000000
v -0.18475880 0.35506329 -0.01911025
v -0.18257360 0.35506329 -0.03351922
v -0.17894196 0.35506329 -0.04636415
v -0.17387906 0.35506329 -0.05809707
v -0.16740534 0.35506329 -0.06887634
v -0.15954561 0.35506329 -0.07876203
v -0.15032774 0.35506329 -0.08777146
v -0.13978063 0.35506329 -0.09590117
v -0.12793120 0.35506329 -0.10313736
v -0.11479951 0.35506329 -0.10946159
v -0.10039063 0.35506329 -0.11485402
v -0.08467932 0.35506329 -0.11929553
v -0.06757802 0.35506329 -0.12276910
v -0.04885590 0.35506329 -0.12526071
v -0.02785412 0.35506329 -0.12675994
v -0.00000000 0.35506329 -0.12726040
v 0.02785412 0.35506329 -0.12675994
v 0.04885590 0.35506329 -0.12526071
v 0.06757802 0.35506329 -0.12276910
v 0.08467932 0.35506329 -0.11929553
v 0.10039063 0.35506329 -0.11485402
v 0.11479951 0.35506329 -0.10946159
v 0.12793120 0.35506329 -0.10313736
v 0.13978063 0.35506329 -0.09590117
v 0.15032774 0.35506329 -0.08777146
v 0.15954561 0.35506329 -0.07876203
v 0.16740534 0.35506329 -0.06887634
v 0.17387906 0.35506329 -0.05809707
v 0.17894196 0.35506329 -0.04636415
v 0.18257360 0.35506329 -0.03351922
v 0.18475880 0.35506329 -0.01911025
v 0.18006329 0.37658228 0.00000000
v 0.17935518 0.37658228 0.01867577
v 0.17723389 0.37658228 0.03275715
v 0.17370847 0.37658228 0.04531005
v 0.16879364 0.37658228 0.05677621
v 0.16250925 0.37658228 0.06731041
v 0.15487940 0.37658228 0.07697135
v 0.14593113 0.37658228 0.08577595
v 0.13569249 0.37658228 0.09372082
v 0.12418961 0.37658228 0.10079250
v 0.11144198 0.37658228 0.10697294
v 0.09745452 0.37658228 0.11224277
v 0.08220271 0.37658228 0.11658330
v 0.06560157 0.37658228 0.11997790
v 0.04742701 0.37658228 0.12241286
v 0.02703948 0.37658228 0.12387801
v 0.00000000 0.37658228 0.12436709
v -0.02703948 0.37658228 0.12387801
v -0.04742701 0.37658228 0.12241286
v -0.06560157 0.37658228 0.11997790
v -0.08220271 0.37658228 0.11658330
v -0.09745452 0.37658228 0.11224277
v -0.11144198 0.37658228 0.10697294
v -0.12418961 0.37658228 0.10079250
v -0.13569249 0.37658228 0.09372082
v -0.14593113 0.37658228 0.08577595
v -0.15487940 0.37658228 0.07697135
v -0.16250925 0.37658228 0.06731041
v -0.16879364 0.37658228 0.05677621
v -0.17370847 0.37658228 0.04531005
v -0.17723389 0.37658228 0.03275715
v -0.17935518 0.37658228 0.01867577
v -0.18006329 0.37658228 0.00000000
v -0.17935518 0.37658228 -0.01867577
v -0.17723389 0.37658228 -0.03275715
v -0.17370847 0.37658228 -0.04531005
v -0.16879364 0.37658228 -0.05677621
v -0.16250925 0.37658228 -0.06731041
v -0.15487940 0.37658228 -0.07697135
v -0.14593113 0.37658228 -0.08577595
v -0.13569249 0.37658228 -0.09372082
v -0.12418961 0.37658228 -0.10079250
v -0.11144198 0.37658228 -0.10697294
v -0.09745452 0.37658228 -0.11224277
v -0.08220271 0.37658228 -0.11658330
v -0.06560157 0.37658228 -0.11997790
v -0.04742701 0.37658228 -0.12241286
v -0.02703948 0.37658228 -0.12387801
v -0.00000000 0.37658228 -0.12436709
v 0.02703948 0.37658228 -0.12387801
v 0.04742701 0.37658228 -0.12241286
v 0.06560157 0.37658228 -0.11997790
v 0.08220271 0.37658228 -0.11658330
v 0.09745452 0.37658228 -0.11224277
v 0.11144198 0.37658228 -0.10697294
v 0.12418961 0.37658228 -0.10079250
v 0.13569249 0.37658228 -0.09372082
v 0.14593113 0.37658228 -0.08577595
v 0.15487940 0.37658228 -0.07697135
v 0.16250925 0.37658228 -0.06731041
v 0.16879364 0.37658228 -0.05677621
v 0.17370847 0.37658228 -0.04531005
v 0.17723389 0.37658228 -0.03275715
v 0.17935518 0.37658228 -0.01867577
v 0.17463834 0.39810127 0.00000000
v 0.17395156 0.39810127 0.01824129
v 0.17189418 0.39810127 0.03199508
v 0.16847497 0.39810127 0.04425594
v 0.16370822 0.39810127 0.05545536
v 0.15761317 0.39810127 0.06574449
v 0.15021319 0.39810127 0.07518067
v 0.14153451 0.39810127 0.08378043
v 0.13160434 0.39810127 0.09154047
v 0.12044802 0.39810127 0.09844764
v 0.10808445 0.39810127 0.10448430
v 0.09451840 0.39810127 0.10963152
v 0.07972610 0.39810127 0.11387108
v 0.06362513 0.39810127 0.11718671
v 0.04599813 0.39810127 0.11956502
v 0.02622483 0.39810127 0.12099607
v 0.00000000 0.39810127 0.12147378
v -0.02622483 0.39810127 0.12099607
v -0.04599813 0.39810127 0.11956502
v -0.06362513 0.39810127 0.11718671
v -0.07972610 0.39810127 0.11387108
v -0.09451840 0.39810127 0.10963152
v -0.10808445 0.39810127 0.10448430
v -0.12044802 0.39810127 0.09844764
v -0.13160434 0.39810127 0.09154047
v -0.14153451 0.39810127 0.08378043
v -0.15021319 0.39810127 0.07518067
v -0.15761317 0.39810127 0.06574449
v -0.16370822 0.39810127 0.05545536
v -0.16847497 0.39810127 0.04425594
v -0.17189418 0.39810127 0.03199508
v -0.17395156 0.39810127 0.01824129
v -0.17463834 0.39810127 0.00000000
v -0.17395156 0.39810127 -0.01824129
v -0.17189418 0.39810127 -0.03199508
v -0.16847497 0.39810127 -0.04425594
v -0.16370822 0.39810127 -0.05545536
v -0.15761317 0.39810127 -0.06574449
v -0.15021319 0.39810127 -0.07518067
v -0.14153451 0.39810127 -0.08378043
v -0.13160434 0.39810127 -0.09154047
v -0.12044802 0.39810127 -0.09844764
v -0.10808445 0.39810127 -0.10448430
v -0.09451840 0.39810127 -0.10963152
v -0.07972610 0.39810127 -0.11387108
v -0.06362513 0.39810127 -0.11718671
v -0.04599813 0.39810127 -0.11956502
v -0.02622483 0.39810127 -0.12099607
v -0.00000000 0.39810127 -0.12147378
v 0.02622483 0.39810127 -0.12099607
v 0.04599813 0.39810127 -0.11956502
v 0.06362513 0.39810127 -0.11718671
v 0.07972610 0.39810127 -0.11387108
v 0.09451840 0.39810127 -0.10963152
v 0.10808445 0.39810127 -0.10448430
v 0.12044802 0.39810127 -0.09844764
v 0.13160434 0.39810127 -0.09154047
v 0.14153451 0.39810127 -0.08378043
v 0.15021319 0.39810127 -0.07518067
v 0.15761317 0.39810127 -0.06574449
v 0.16370822 0.39810127 -0.05545536
v 0.16847497 0.39810127 -0.04425594
v 0.17189418 0.39810127 -0.03199508
v 0.17395156 0.39810127 -0.01824129
v 0.16921338 0.41962025 0.00000000
v 0.16854794 0.41962025 0.01780682
v 0.16655447 0.41962025 0.03123300
v 0.16324147 0.41962025 0.04320184
v 0.15862280 0.41962025 0.05413450
v 0.15271708 0.41962025 0.06417856
v 0.14554697 0.41962025 0.07338999
v 0.13713789 0.41962025 0.08178492
v 0.12751619 0.41962025 0.08936013
v 0.11670643 0.41962025 0.09610277
v 0.10472693 0.41962025 0.10199565
v 0.09158229 0.41962025 0.10702028
v 0.07724950 0.41962025 0.11115885
v 0.06164868 0.41962025 0.11439551
v 0.04456925 0.41962025 0.11671717
v 0.02541018 0.41962025 0.11811414
v 0.00000000 0.41962025 0.11858047
v -0.02541018 0.41962025 0.11811414
v -0.04456925 0.41962025 0.11671717
v -0.06164868 0.41962025 0.11439551
v -0.07724950 0.41962025 0.11115885
v -0.09158229 0.41962025 0.10702028
v -0.10472693 0.41962025 0.10199565
v -0.11670643 0.41962025 0.09610277
v -0.12751619 0.41962025 0.08936013
v -0.13713789 0.41962025 0.08178492
v -0.14554697 0.41962025 0.07338999
v -0.15271708 0.41962025 0.06417856
v -0.15862280 0.41962025 0.05413450
v -0.16324147 0.41962025 0.04320184
v -0.16655447 0.41962025 0.03123300
v -0.16854794 0.41962025 0.01780682
v -0.16921338 0.41962025 0.00000000
v -0.16854794 0.41962025 -0.01780682
v -0.16655447 0.41962025 -0.03123300
v -0.16324147 0.41962025 -0.04320184
v -0.15862280 0.41962025 -0.05413450
v -0.15271708 0.41962025 -0.06417856
v -0.14554697 0.41962025 -0.07338999
v -0.13713789 0.41962025 -0.08178492
v -0.12751619 0.41962025 -0.08936013
v -0.11670643 0.41962025 -0.09610277
v -0.10472693 0.41962025 -0.10199565
v -0.09158229 0.41962025 -0.10702028
v -0.07724950 0.41962025 -0.11115885
v -0.06164868 0.41962025 -0.11439551
v -0.04456925 0.41962025 -0.11671717
v -0.02541018 0.41962025 -0.11811414
v -0.00000000 0.41962025 -0.11858047
v 0.02541018 0.41962025 -0.11811414
v 0.04456925 0.41962025 -0.11671717
v 0.06164868 0.41962025 -0.11439551
v 0.07724950 0.41962025 -0.11115885
v 0.09158229 0.41962025 -0.10702028
v 0.10472693 0.41962025 -0.10199565
v 0.11670643 0.41962025 -0.09610277
v 0.12751619 0.41962025 -0.08936013
v 0.13713789 0.41962025 -0.08178492
v 0.14554697 0.41962025 -0.07338999
v 0.15271708 0.41962025 -0.06417856
v 0.15862280 0.41962025 -0.05413450
v 0.16324147 0.41962025 -0.04320184
v 0.16655447 0.41962025 -0.03123300
v 0.16854794 0.41962025 -0.01780682
v 0.16378843 0.44113924 0.00000000
v 0.16314432 0.44113924 0.01737234
v 0.16121476 0.44113924 0.03047093
v 0.15800798 0.44113924 0.04214773
v 0.15353737 0.44113924 0.05281364
v 0.14782099 0.44113924 0.06261263
v 0.14088076 0.44113924 0.07159931
v 0.13274127 0.44113924 0.07978940
v 0.12342804 0.44113924 0.08717978
v 0.11296484 0.44113924 0.09375791
v 0.10136940 0.44113924 0.09950700
v 0.08864618 0.44113924 0.10440903
v 0.07477289 0.44113924 0.10844663
v 0.05967223 0.44113924 0.11160431
v 0.04314036 0.44113924 0.11386933
v 0.02459554 0.44113924 0.11523221
v 0.00000000 0.44113924 0.11568716
v -0.02459554 0.44113924 0.11523221
v -0.04314036 0.44113924 0.11386933
v -0.05967223 0.44113924 0.11160431
v -0.07477289 0.44113924 0.10844663
v -0.08864618 0.44113924 0.10440903
v -0.10136940 0.44113924 0.09950700
v -0.11296484 0.44113924 0.09375791
v -0.12342804 0.44113924 0.08717978
v -0.13274127 0.44113924 0.07978940
v -0.14088076 0.44113924 0.07159931
v -0.14782099 0.44113924 0.06261263
v -0.15353737 0.44113924 0.05281364
v -0.15800798 0.44113924 0.04214773
v -0.16121476 0.44113924 0.03047093
v -0.16314432 0.44113924 0.01737234
v -0.16378843 0.44113924 0.00000000
v -0.16314432 0.44113924 -0.01737234
v -0.16121476 0.44113924 -0.03047093
v -0.15800798 0.44113924 -0.04214773
v -0.15353737 0.44113924 -0.05281364
v -0.14782099 0.44113924 -0.06261263
v -0.14088076 0.44113924 -0.07159931
v -0.13274127 0.44113924 -0.07978940
v -0.12342804 0.44113924 -0.08717978
v -0.11296484 0.44113924 -0.09375791
v -0.10136940 0.44113924 -0.09950700
v -0.08864618 0.44113924 -0.10440903
v -0.07477289 0.44113924 -0.10844663
v -0.05967223 0.44113924 -0.11160431
v -0.04314036 0.44113924 -0.11386933
v -0.02459554 0.44113924 -0.11523221
v -0.00000000 0.44113924 -0.11568716
v 0.02459554 0.44113924 -0.11523221
v 0.04314036 0.44113924 -0.11386933
v 0.05967223 0.44113924 -0.11160431
v 0.07477289 0.44113924 -0.10844663
v 0.08864618 0.44113924 -0.10440903
v 0.10136940 0.44113924 -0.09950700
v 0.11296484 0.44113924 -0.09375791
v 0.12342804 0.44113924 -0.08717978
v 0.13274127 0.44113924 -0.07978940
v 0.14088076 0.44113924 -0.07159931
v 0.14782099 0.44113924 -0.06261263
v 0.15353737 0.44113924 -0.05281364
v 0.15800798 0.44113924 -0.04214773
v 0.16121476 0.44113924 -0.03047093
v 0.16314432 0.44113924 -0.01737234
v 0.15836347 0.46265823 0.00000000
v 0.15774070 0.46265823 0.01693786
v 0.15587505 0.46265823 0.02970886
v 0.15277448 0.46265823 0.04109363
v 0.14845195 0.46265823 0.05149278
v 0.14292491 0.46265823 0.06104670
v 0.13621455 0.46265823 0.06980862
v 0.12834465 0.46265823 0.07779389
v 0.11933989 0.46265823 0.08499944
v 0.10922325 0.46265823 0.09141305
v 0.09801187 0.46265823 0.09701835
v 0.08571006 0.46265823 0.10179779
v 0.07229628 0.46265823 0.10573440
v 0.05769578 0.46265823 0.10881311
v 0.04171148 0.46265823 0.11102148
v 0.02378089 0.46265823 0.11235028
v 0.00000000 0.46265823 0.11279385
v -0.02378089 0.46265823 0.11235028
v -0.04171148 0.46265823 0.11102148
v -0.05769578 0.46265823 0.10881311
v -0.07229628 0.46265823 0.10573440
v -0.08571006 0.46265823 0.10179779
v -0.09801187 0.46265823 0.09701835
v -0.10922325 0.46265823 0.09141305
v -0.11933989 0.46265823 0.08499944
v -0.12834465 0.46265823 0.07779389
v -0.13621455 0.46265823 0.06980862
v -0.14292491 0.46265823 0.06104670
v -0.14845195 0.46265823 0.05149278
v -0.15277448 0.46265823 0.04109363
v -0.15587505 0.46265823 0.02970886
v -0.15774070 0.46265823 0.01693786
v -0.15836347 0.46265823 0.00000000
v -0.15774070 0.46265823 -0.01693786
v -0.15587505 0.46265823 -0.02970886
v -0.15277448 0.46265823 -0.04109363
v -0.14845195 0.46265823 -0.05149278
v -0.14292491 0.46265823 -0.06104670
v -0.13621455 0.46265823 -0.06980862
v -0.12834465 0.46265823 -0.07779389
v -0.11933989 0.46265823 -0.08499944
v -0.10922325 0.46265823 -0.09141305
v -0.09801187 0.46265823 -0.09701835
v -0.08571006 0.46265823 -0.10179779
v -0.07229628 0.46265823 -0.10573440
v -0.05769578 0.46265823 -0.10881311
v -0.04171148 0.46265823 -0.11102148
v -0.02378089 0.46265823 -0.11235028
v -0.00000000 0.46265823 -0.11279385
v 0.02378089 0.46265823 -0.11235028
v 0.04171148 0.46265823 -0.11102148
v 0.05769578 0.46265823 -0.10881311
v 0.07229628 0.46265823 -0.10573440
v 0.08571006 0.46265823 -0.10179779
v 0.09801187 0.46265823 -0.09701835
v 0.10922325 0.46265823 -0.09141305
v 0.11933989 0.46265823 -0.08499944
v 0.12834465 0.46265823 -0.07779389
v 0.13621455 0.46265823 -0.06980862
v 0.14292491 0.46265823 -0.06104670
v 0.14845195 0.46265823 -0.05149278
v 0.15277448 0.46265823 -0.04109363
v 0.15587505 0.46265823 -0.02970886
v 0.15774070 0.46265823 -0.01693786
v 0.15293852 0.48417722 0.00000000
v 0.15233707 0.48417722 0.01650338
v 0.15053534 0.48417722 0.02894679
v 0.14754099 0.48417722 0.04003952
v 0.14336653 0.48417722 0.05017193
v 0.13802882 0.48417722 0.05948078
v 0.13154833 0.48417722 0.06801794
v 0.12394803 0.48417722 0.07579838
v 0.11525174 0.48417722 0.08281909
v 0.10548166 0.48417722 0.08906818
v 0.09465434 0.48417722 0.09452971
v 0.08277395 0.48417722 0.09918654
v 0.06981967 0.48417722 0.10302218
v 0.05571934 0.48417722 0.10602191
v 0.04028260 0.48417722 0.10817363
v 0.02296624 0.48417722 0.10946835
v 0.00000000 0.48417722 0.10990054
v -0.02296624 0.48417722 0.10946835
v -0.04028260 0.48417722 0.10817363
v -0.05571934 0.48417722 0.10602191
v -0.06981967 0.48417722 0.10302218
v -0.08277395 0.48417722 0.09918654
v -0.09465434 0.48417722 0.09452971
v -0.10548166 0.48417722 0.08906818
v -0.11525174 0.48417722 0.08281909
v -0.12394803 0.48417722 0.07579838
v -0.13154833 0.48417722 0.06801794
v -0.13802882 0.48417722 0.05948078
v -0.14336653 0.48417722 0.05017193
v -0.14754099 0.48417722 0.04003952
v -0.15053534 0.48417722 0.02894679
v -0.15233707 0.48417722 0.01650338
v -0.15293852 0.48417722 0.00000000
v -0.15233707 0.48417722 -0.01650338
v -0.15053534 0.48417722 -0.02894679
v -0.14754099 0.48417722 -0.04003952
v -0.14336653 0.48417722 -0.05017193
v -0.13802882 0.48417722 -0.05948078
v -0.13154833 0.48417722 -0.06801794
v -0.12394803 0.48417722 -0.07579838
v -0.11525174 0.48417722 -0.08281909
v -0.10548166 0.48417722 -0.08906818
v -0.09465434 0.48417722 -0.09452971
v -0.08277395 0.48417722 -0.09918654
v -0.06981967 0.48417722 -0.10302218
v -0.05571934 0.48417722 -0.10602191
v -0.04028260 0.48417722 -0.10817363
v -0.02296624 0.48417722 -0.10946835
v -0.00000000 0.48417722 -0.10990054
v 0.02296624 0.48417722 -0.10946835
v 0.04028260 0.48417722 -0.10817363
v 0.05571934 0.48417722 -0.10602191
v 0.06981967 0.48417722 -0.10302218
v 0.08277395 0.48417722 -0.09918654
v 0.09465434 0.48417722 -0.09452971
v 0.10548166 0.48417722 -0.08906818
v 0.11525174 0.48417722 -0.08281909
v 0.12394803 0.48417722 -0.07579838
v 0.13154833 0.48417722 -0.06801794
v 0.13802882 0.48417722 -0.05948078
v 0.14336653 0.48417722 -0.05017193
v 0.14754099 0.48417722 -0.04003952
v 0.15053534 0.48417722 -0.02894679
v 0.15233707 0.48417722 -0.01650338
v 0.14751356 0.50569620 0.00000000
v 0.14693345 0.50569620 0.01606890
v 0.14519563 0.50569620 0.02818472
v 0.14230749 0.50569620 0.03898542
v 0.13828111 0.50569620 0.04885107
v 0.13313274 0.50569620 0.05791485
v 0.12688212 0.50569620 0.06622726
v 0.11955141 0.50569620 0.07380286
v 0.11116359 0.50569620 0.08063874
v 0.10174007 0.50569620 0.08672332
v 0.09129681 0.50569620 0.09204106
v 0.07983783 0.50569620 0.09657530
v 0.06734307 0.50569620 0.10030995
v 0.05374289 0.50569620 0.10323072
v 0.03885371 0.50569620 0.10532579
v 0.02215160 0.50569620 0.10658642
v 0.00000000 0.50569620 0.10700723
v -0.02215160 0.50569620 0.10658642
v -0.03885371 0.50569620 0.10532579
v -0.05374289 0.50569620 0.10323072
v -0.06734307 0.50569620 0.10030995
v -0.07983783 0.50569620 0.09657530
v -0.09129681 0.50569620 0.09204106
v -0.10174007 0.50569620 0.08672332
v -0.11116359 0.50569620 0.08063874
v -0.11955141 0.50569620 0.07380286
v -0.12688212 0.50569620 0.06622726
v -0.13313274 0.50569620 0.05791485
v -0.13828111 0.50569620 0.04885107
v -0.14230749 0.50569620 0.03898542
v -0.14519563 0.50569620 0.02818472
v -0.14693345 0.50569620 0.01606890
v -0.14751356 0.50569620 0.00000000
v -0.14693345 0.50569620 -0.01606890
v -0.14519563 0.50569620 -0.02818472
v -0.14230749 0.50569620 -0.03898542
v -0.13828111 0.50569620 -0.04885107
v -0.13313274 0.50569620 -0.05791485
v -0.12688212 0.50569620 -0.06622726
v -0.11955141 0.50569620 -0.07380286
v -0.11116359 0.50569620 -0.08063874
v -0.10174007 0.50569620 -0.08672332
v -0.09129681 0.50569620 -0.09204106
v -0.07983783 0.50569620 -0.09657530
v -0.06734307 0.50569620 -0.10030995
v -0.05374289 0.50569620 -0.10323072
v -0.03885371 0.50569620 -0.10532579
v -0.02215160 0.50569620 -0.10658642
v -0.00000000 0.50569620 -0.10700723
v 0.02215160 0.50569620 -0.10658642
v 0.03885371 0.50569620 -0.10532579
v 0.05374289 0.50569620 -0.10323072
v 0.06734307 0.50569620 -0.10030995
v 0.07983783 0.50569620 -0.09657530
v 0.09129681 0.50569620 -0.09204106
v 0.10174007 0.50569620 -0.08672332
v 0.11116359 0.50569620 -0.08063874
v 0.11955141 0.50569620 -0.07380286
v 0.12688212 0.50569620 -0.06622726
v 0.13313274 0.50569620 -0.05791485
v 0.13828111 0.50569620 -0.04885107
v 0.14230749 0.50569620 -0.03898542
v 0.14519563 0.50569620 -0.02818472
v 0.14693345 0.50569620 -0.01606890
v 0.14208861 0.52721519 0.00000000
v 0.14152983 0.52721519 0.01563442
v 0.13985592 0.52721519 0.02742265
v 0.13707399 0.52721519 0.03793131
v 0.13319568 0.52721519 0.04753021
v 0.12823665 0.52721519 0.05634892
v 0.12221591 0.52721519 0.06443658
v 0.11515479 0.52721519 0.07180735
v 0.10707544 0.52721519 0.07845840
v 0.09799848 0.52721519 0.08437845
v 0.08793928 0.52721519 0.08955241
v 0.07690172 0.52721519 0.09396405
v 0.06486646 0.52721519 0.09759773
v 0.05176644 0.52721519 0.10043952
v 0.03742483 0.52721519 0.10247794
v 0.02133695 0.52721519 0.10370449
v 0.00000000 0.52721519 0.10411392
v -0.02133695 0.52721519 0.10370449
v -0.03742483 0.52721519 0.10247794
v -0.05176644 0.52721519 0.10043952
v -0.06486646 0.52721519 0.09759773
v -0.07690172 0.52721519 0.09396405
v -0.08793928 0.52721519 0.08955241
v -0.09799848 0.52721519 0.08437845
v -0.10707544 0.52721519 0.07845840
v -0.11515479 0.52721519 0.07180735
v -0.12221591 0.52721519 0.06443658
v -0.12823665 0.52721519 0.05634892
v -0.13319568 0.52721519 0.04753021
v -0.13707399 0.52721519 0.03793131
v -0.13985592 0.52721519 0.02742265
v -0.14152983 0.52721519 0.01563442
v -0.14208861 0.52721519 0.00000000
v -0.14152983 0.52721519 -0.01563442
v -0.13985592 0.52721519 -0.02742265
v -0.13707399 0.52721519 -0.03793131
v -0.13319568 0.52721519 -0.04753021
v -0.12823665 0.52721519 -0.05634892
v -0.12221591 0.52721519 -0.06443658
v -0.11515479 0.52721519 -0.07180735
v -0.10707544 0.52721519 -0.07845840
v -0.09799848 0.52721519 -0.08437845
v -0.08793928 0.52721519 -0.08955241
v -0.07690172 0.52721519 -0.09396405
v -0.06486646 0.52721519 -0.09759773
v -0.05176644 0.52721519 -0.10043952
v -0.03742483 0.52721519 -0.10247794
v -0.02133695 0.52721519 -0.10370449
v -0.00000000 0.52721519 -0.10411392
v 0.02133695 0.52721519 -0.10370449
v 0.03742483 0.52721519 -0.10247794
v 0.05176644 0.52721519 -0.10043952
v 0.06486646 0.52721519 -0.09759773
v 0.07690172 0.52721519 -0.09396405
v 0.08793928 0.52721519 -0.08955241
v 0.09799848 0.52721519 -0.08437845
v 0.10707544 0.52721519 -0.07845840
v 0.11515479 0.52721519 -0.07180735
v 0.12221591 0.52721519 -0.06443658
v 0.12823665 0.52721519 -0.05634892
v 0.13319568 0.52721519 -0.04753021
v 0.13707399 0.52721519 -0.03793131
v 0.13985592 0.52721519 -0.02742265
v 0.14152983 0.52721519 -0.01563442
v 0.13666365 0.54873418 0.00000000
v 0.13612621 0.54873418 0.01519995
v 0.13451621 0.54873418 0.02666058
v 0.13184050 0.54873418 0.03687721
v 0.12811026 0.54873418 0.04620936
v 0.12334057 0.54873418 0.05478299
v 0.11754969 0.54873418 0.06264590
v 0.11075817 0.54873418 0.06981183
v 0.10298729 0.54873418 0.07627805
v 0.09425689 0.54873418 0.08203359
v 0.08458175 0.54873418 0.08706377
v 0.07396561 0.54873418 0.09135280
v 0.06238985 0.54873418 0.09488550
v 0.04979000 0.54873418 0.09764832
v 0.03599595 0.54873418 0.09963010
v 0.02052230 0.54873418 0.10082256
v 0.00000000 0.54873418 0.10122061
v -0.02052230 0.54873418 0.10082256
v -0.03599595 0.54873418 0.09963010
v -0.04979000 0.54873418 0.09764832
v -0.06238985 0.54873418 0.09488550
v -0.07396561 0.54873418 0.09135280
v -0.08458175 0.54873418 0.08706377
v -0.09425689 0.54873418 0.08203359
v -0.10298729 0.54873418 0.07627805
v -0.11075817 0.54873418 0.06981183
v -0.11754969 0.54873418 0.06264590
v -0.12334057 0.54873418 0.05478299
v -0.12811026 0.54873418 0.04620936
v -0.13184050 0.54873418 0.03687721
v -0.13451621 0.54873418 0.02666058
v -0.13612621 0.54873418 0.01519995
v -0.13666365 0.54873418 0.00000000
v -0.13612621 0.54873418 -0.01519995
v -0.13451621 0.54873418 -0.02666058
v -0.13184050 0.54873418 -0.03687721
v -0.12811026 0.54873418 -0.04620936
v -0.12334057 0.54873418 -0.05478299
v -0.11754969 0.54873418 -0.06264590
v -0.11075817 0.54873418 -0.06981183
v -0.10298729 0.54873418 -0.07627805
v -0.09425689 0.54873418 -0.08203359
v -0.08458175 0.54873418 -0.08706377
v -0.07396561 0.54873418 -0.09135280
v -0.06238985 0.54873418 -0.09488550
v -0.04979000 0.54873418 -0.09764832
v -0.03599595 0.54873418 -0.09963010
v -0.02052230 0.54873418 -0.10082256
v -0.00000000 0.54873418 -0.10122061
v 0.02052230 0.54873418 -0.10082256
v 0.03599595 0.54873418 -0.09963010
v 0.04979000 0.54873418 -0.09764832
v 0.06238985 0.54873418 -0.09488550
v 0.07396561 0.54873418 -0.09135280
v 0.08458175 0.54873418 -0.08706377
v 0.09425689 0.54873418 -0.08203359
v 0.10298729 0.54873418 -0.07627805
v 0.11075817 0.54873418 -0.06981183
v 0.11754969 0.54873418 -0.06264590
v 0.12334057 0.54873418 -0.05478299
v 0.12811026 0.54873418 -0.04620936
v 0.13184050 0.54873418 -0.03687721
v 0.13451621 0.54873418 -0.02666058
v 0.13612621 0.54873418 -0.01519995
v 0.13123870 0.57025316 0.00000000
v 0.13072259 0.57025316 0.01476547
v 0.12917649 0.57025316 0.02589851
v 0.12660700 0.57025316 0.03582310
v 0.12302484 0.57025316 0.04488850
v 0.11844448 0.57025316 0.05321707
v 0.11288348 0.57025316 0.06085521
v 0.10636155 0.57025316 0.06781632
v 0.09889914 0.57025316 0.07409770
v 0.09051530 0.57025316 0.07968873
v 0.08122422 0.57025316 0.08457512
v 0.07102949 0.57025316 0.08874156
v 0.05991325 0.57025316 0.09217328
v 0.04781355 0.57025316 0.09485712
v 0.03456706 0.57025316 0.09678225
v 0.01970766 0.57025316 0.09794063
v 0.00000000 0.57025316 0.09832731
v -0.01970766 0.57025316 0.09794063
v -0.03456706 0.57025316 0.09678225
v -0.04781355 0.57025316 0.09485712
v -0.05991325 0.57025316 0.09217328
v -0.07102949 0.57025316 0.08874156
v -0.08122422 0.57025316 0.08457512
v -0.09051530 0.57025316 0.07968873
v -0.09889914 0.57025316 0.07409770
v -0.10636155 0.57025316 0.06781632
v -0.11288348 0.57025316 0.06085521
v -0.11844448 0.57025316 0.05321707
v -0.12302484 0.57025316 0.04488850
v -0.12660700 0.57025316 0.03582310
v -0.12917649 0.57025316 0.02589851
v -0.13072259 0.57025316 0.01476547
v -0.13123870 0.57025316 0.00000000
v -0.13072259 0.57025316 -0.01476547
v -0.12917649 0.57025316 -0.02589851
v -0.12660700 0.57025316 -0.03582310
v -0.12302484 0.57025316 -0.04488850
v -0.11844448 0.57025316 -0.05321707
v -0.11288348 0.57025316 -0.06085521
v -0.10636155 0.57025316 -0.06781632
v -0.09889914 0.57025316 -0.07409770
v -0.09051530 0.57025316 -0.07968873
v -0.08122422 0.57025316 -0.08457512
v -0.07102949 0.57025316 -0.08874156
v -0.05991325 0.57025316 -0.09217328
v -0.04781355 0.57025316 -0.09485712
v -0.03456706 0.57025316 -0.09678225
v -0.01970766 0.57025316 -0.09794063
v -0.00000000 0.57025316 -0.09832731
v 0.01970766 0.57025316 -0.09794063
v 0.03456706 0.57025316 -0.09678225
v 0.04781355 0.57025316 -0.09485712
v 0.05991325 0.57025316 -0.09217328
v 0.07102949 0.57025316 -0.08874156
v 0.08122422 0.57025316 -0.08457512
v 0.09051530 0.57025316 -0.07968873
v 0.09889914 0.57025316 -0.07409770
v 0.10636155 0.57025316 -0.06781632
v 0.11288348 0.57025316 -0.06085521
v 0.11844448 0.57025316 -0.05321707
v 0.12302484 0.57025316 -0.04488850
v 0.12660700 0.57025316 -0.03582310
v 0.12917649 0.57025316 -0.02589851
v 0.13072259 0.57025316 -0.01476547
v 0.12581374 0.59177215 0.00000000
v 0.12531897 0.59177215 0.01433099
v 0.12383678 0.59177215 0.02513644
v 0.12137350 0.59177215 0.03476900
v 0.11793942 0.59177215 0.04356764
v 0.11354839 0.59177215 0.05165114
v 0.10821727 0.59177215 0.05906453
v 0.10196493 0.59177215 0.06582080
v 0.09481099 0.59177215 0.07191736
v 0.08677371 0.59177215 0.07734386
v 0.07786669 0.59177215 0.08208647
v 0.06809338 0.59177215 0.08613031
v 0.05743664 0.59177215 0.08946105
v 0.04583710 0.59177215 0.09206592
v 0.03313818 0.59177215 0.09393441
v 0.01889301 0.59177215 0.09505869
v 0.00000000 0.59177215 0.09543400
v -0.01889301 0.59177215 0.09505869
v -0.03313818 0.59177215 0.09393441
v -0.04583710 0.59177215 0.09206592
v -0.05743664 0.59177215 0.08946105
v -0.06809338 0.59177215 0.08613031
v -0.07786669 0.59177215 0.08208647
v -0.08677371 0.59177215 0.07734386
v -0.09481099 0.59177215 0.07191736
v -0.10196493 0.59177215 0.06582080
v -0.10821727 0.59177215 0.05906453
v -0.11354839 0.59177215 0.05165114
v -0.11793942 0.59177215 0.04356764
v -0.12137350 0.59177215 0.03476900
v -0.12383678 0.59177215 0.02513644
v -0.12531897 0.59177215 0.01433099
v -0.12581374 0.59177215 0.00000000
v -0.12531897 0.59177215 -0.01433099
v -0.12383678 0.59177215 -0.02513644
v -0.12137350 0.59177215 -0.03476900
v -0.11793942 0.59177215 -0.04356764
v -0.11354839 0.59177215 -0.05165114
v -0.10821727 0.59177215 -0.05906453
v -0.10196493 0.59177215 -0.06582080
v -0.09481099 0.59177215 -0.07191736
v -0.08677371 0.59177215 -0.07734386
v -0.07786669 0.59177215 -0.08208647
v -0.06809338 0.59177215 -0.08613031
v -0.05743664 0.59177215 -0.08946105
v -0.04583710 0.59177215 -0.09206592
v -0.03313818 0.59177215 -0.09393441
v -0.01889301 0.59177215 -0.09505869
v -0.00000000 0.59177215 -0.09543400
v 0.01889301 0.59177215 -0.09505869
v 0.03313818 0.59177215 -0.09393441
v 0.04583710 0.59177215 -0.09206592
v 0.05743664 0.59177215 -0.08946105
v 0.06809338 0.59177215 -0.08613031
v 0.07786669 0.59177215 -0.08208647
v 0.08677371 0.59177215 -0.07734386
v 0.09481099 0.59177215 -0.07191736
v 0.10196493 0.59177215 -0.06582080
v 0.10821727 0.59177215 -0.05906453
v 0.11354839 0.59177215 -0.05165114
v 0.11793942 0.59177215 -0.04356764
v 0.12137350 0.59177215 -0.03476900
v 0.12383678 0.59177215 -0.02513644
v 0.12531897 0.59177215 -0.01433099
v 0.08713080 0.61329114 0.00000000
v 0.08678815 0.61329114 0.01329956
v 0.08576168 0.61329114 0.02332731
v 0.08405577 0.61329114 0.03226660
v 0.08167753 0.61329114 0.04043198
v 0.07863658 0.61329114 0.04793369
v 0.07494457 0.61329114 0.05481353
v 0.07061459 0.61329114 0.06108353
v 0.06566022 0.61329114 0.06674131
v 0.06009409 0.61329114 0.07177725
v 0.05392565 0.61329114 0.07617853
v 0.04715725 0.61329114 0.07993132
v 0.03977706 0.61329114 0.08302234
v 0.03174394 0.61329114 0.08543974
v 0.02294945 0.61329114 0.08717374
v 0.01308413 0.61329114 0.08821711
v 0.00000000 0.61329114 0.08856540
v -0.01308413 0.61329114 0.08821711
v -0.02294945 0.61329114 0.08717374
v -0.03174394 0.61329114 0.08543974
v -0.03977706 0.61329114 0.08302234
v -0.04715725 0.61329114 0.07993132
v -0.05392565 0.61329114 0.07617853
v -0.06009409 0.61329114 0.07177725
v -0.06566022 0.61329114 0.06674131
v -0.07061459 0.61329114 0.06108353
v -0.07494457 0.61329114 0.05481353
v -0.07863658 0.61329114 0.04793369
v -0.08167753 0.61329114 0.04043198
v -0.08405577 0.61329114 0.03226660
v -0.08576168 0.61329114 0.02332731
v -0.08678815 0.61329114 0.01329956
v -0.08713080 0.61329114 0.00000000
v -0.08678815 0.61329114 -0.01329956
v -0.08576168 0.61329114 -0.02332731
v -0.08405577 0.61329114 -0.03226660
v -0.08167753 0.61329114 -0.04043198
v -0.07863658 0.61329114 -0.04793369
v -0.07494457 0.61329114 -0.05481353
v -0.07061459 0.61329114 -0.06108353
v -0.06566022 0.61329114 -0.06674131
v -0.06009409 0.61329114 -0.07177725
v -0.05392565 0.61329114 -0.07617853
v -0.04715725 0.61329114 -0.07993132
v -0.03977706 0.61329114 -0.08302234
v -0.03174394 0.61329114 -0.08543974
v -0.02294945 0.61329114 -0.08717374
v -0.01308413 0.61329114 -0.08821711
v -0.00000000 0.61329114 -0.08856540
v 0.01308413 0.61329114 -0.08821711
v 0.02294945 0.61329114 -0.08717374
v 0.03174394 0.61329114 -0.08543974
v 0.03977706 0.61329114 -0.08302234
v 0.04715725 0.61329114 -0.07993132
v 0.05392565 0.61329114 -0.07617853
v 0.06009409 0.61329114 -0.07177725
v 0.06566022 0.61329114 -0.06674131
v 0.07061459 0.61329114 -0.06108353
v 0.07494457 0.61329114 -0.05481353
v 0.07863658 0.61329114 -0.04793369
v 0.08167753 0.61329114 -0.04043198
v 0.08405577 0.61329114 -0.03226660
v 0.08576168 0.61329114 -0.02332731
v 0.08678815 0.61329114 -0.01329956
v 0.08375527 0.63481013 0.00000000
v 0.08342590 0.63481013 0.01304611
v 0.08243920 0.63481013 0.02288277
v 0.08079937 0.63481013 0.03165170
v 0.07851327 0.63481013 0.03966148
v 0.07559013 0.63481013 0.04702023
v 0.07204115 0.63481013 0.05376896
v 0.06787892 0.63481013 0.05991948
v 0.06311648 0.63481013 0.06546944
v 0.05776599 0.63481013 0.07040942
v 0.05183652 0.63481013 0.07472682
v 0.04533034 0.63481013 0.07840810
v 0.03823606 0.63481013 0.08144021
v 0.03051415 0.63481013 0.08381154
v 0.02206037 0.63481013 0.08551250
v 0.01257724 0.63481013 0.08653598
v 0.00000000 0.63481013 0.08687764
v -0.01257724 0.63481013 0.08653598
v -0.02206037 0.63481013 0.08551250
v -0.03051415 0.63481013 0.08381154
v -0.03823606 0.63481013 0.08144021
v -0.04533034 0.63481013 0.07840810
v -0.05183652 0.63481013 0.07472682
v -0.05776599 0.63481013 0.07040942
v -0.06311648 0.63481013 0.06546944
v -0.06787892 0.63481013 0.05991948
v -0.07204115 0.63481013 0.05376896
v -0.07559013 0.63481013 0.04702023
v -0.07851327 0.63481013 0.03966148
v -0.08079937 0.63481013 0.03165170
v -0.08243920 0.63481013 0.02288277
v -0.08342590 0.63481013 0.01304611
v -0.08375527 0.63481013 0.00000000
v -0.08342590 0.63481013 -0.01304611
v -0.08243920 0.63481013 -0.02288277
v -0.08079937 0.63481013 -0.03165170
v -0.07851327 0.63481013 -0.03966148
v -0.07559013 0.63481013 -0.04702023
v -0.07204115 0.63481013 -0.05376896
v -0.06787892 0.63481013 -0.05991948
v -0.06311648 0.63481013 -0.06546944
v -0.05776599 0.63481013 -0.07040942
v -0.05183652 0.63481013 -0.07472682
v -0.04533034 0.63481013 -0.07840810
v -0.03823606 0.63481013 -0.08144021
v -0.03051415 0.63481013 -0.08381154
v -0.02206037 0.63481013 -0.08551250
v -0.01257724 0.63481013 -0.08653598
v -0.00000000 0.63481013 -0.08687764
v 0.01257724 0.63481013 -0.08653598
v 0.02206037 0.63481013 -0.08551250
v 0.03051415 0.63481013 -0.08381154
v 0.03823606 0.63481013 -0.08144021
v 0.04533034 0.63481013 -0.07840810
v 0.05183652 0.63481013 -0.07472682
v 0.05776599 0.63481013 -0.07040942
v 0.06311648 0.63481013 -0.06546944
v 0.06787892 0.63481013 -0.05991948
v 0.07204115 0.63481013 -0.05376896
v 0.07559013 0.63481013 -0.04702023
v 0.07851327 0.63481013 -0.03966148
v 0.08079937 0.63481013 -0.03165170
v 0.08243920 0.63481013 -0.02288277
v 0.08342590 0.63481013 -0.01304611
v 0.08037975 0.65632911 0.00000000
v 0.08006365 0.65632911 0.01279267
v 0.07911671 0.65632911 0.02243823
v 0.07754297 0.65632911 0.03103681
v 0.07534901 0.65632911 0.03889098
v 0.07254367 0.65632911 0.04610678
v 0.06913773 0.65632911 0.05272440
v 0.06514324 0.65632911 0.05875543
v 0.06057274 0.65632911 0.06419757
v 0.05543789 0.65632911 0.06904158
v 0.04974739 0.65632911 0.07327510
v 0.04350342 0.65632911 0.07688487
v 0.03669506 0.65632911 0.07985808
v 0.02928436 0.65632911 0.08218334
v 0.02117129 0.65632911 0.08385125
v 0.01207035 0.65632911 0.08485486
v 0.00000000 0.65632911 0.08518987
v -0.01207035 0.65632911 0.08485486
v -0.02117129 0.65632911 0.08385125
v -0.02928436 0.65632911 0.08218334
v -0.03669506 0.65632911 0.07985808
v -0.04350342 0.65632911 0.07688487
v -0.04974739 0.65632911 0.07327510
v -0.05543789 0.65632911 0.06904158
v -0.06057274 0.65632911 0.06419757
v -0.06514324 0.65632911 0.05875543
v -0.06913773 0.65632911 0.05272440
v -0.07254367 0.65632911 0.04610678
v -0.07534901 0.65632911 0.03889098
v -0.07754297 0.65632911 0.03103681
v -0.07911671 0.65632911 0.02243823
v -0.08006365 0.65632911 0.01279267
v -0.08037975 0.65632911 0.00000000
v -0.08006365 0.65632911 -0.01279267
v -0.07911671 0.65632911 -0.02243823
v -0.07754297 0.65632911 -0.03103681
v -0.07534901 0.65632911 -0.03889098
v -0.07254367 0.65632911 -0.04610678
v -0.06913773 0.65632911 -0.05272440
v -0.06514324 0.65632911 -0.05875543
v -0.06057274 0.65632911 -0.06419757
v -0.05543789 0.65632911 -0.06904158
v -0.04974739 0.65632911 -0.07327510
v -0.04350342 0.65632911 -0.07688487
v -0.03669506 0.65632911 -0.07985808
v -0.02928436 0.65632911 -0.08218334
v -0.02117129 0.65632911 -0.08385125
v -0.01207035 0.65632911 -0.08485486
v -0.00000000 0.65632911 -0.08518987
v 0.01207035 0.65632911 -0.08485486
v 0.02117129 0.65632911 -0.08385125
v 0.02928436 0.65632911 -0.08218334
v 0.03669506 0.65632911 -0.07985808
v 0.04350342 0.65632911 -0.07688487
v 0.04974739 0.65632911 -0.07327510
v 0.05543789 0.65632911 -0.06904158
v 0.06057274 0.65632911 -0.06419757
v 0.06514324 0.65632911 -0.05875543
v 0.06913773 0.65632911 -0.05272440
v 0.07254367 0.65632911 -0.04610678
v 0.07534901 0.65632911 -0.03889098
v 0.07754297 0.65632911 -0.03103681
v 0.07911671 0.65632911 -0.02243823
v 0.08006365 0.65632911 -0.01279267
v 0.07700422 0.67784810 0.00000000
v 0.07670139 0.67784810 0.01253922
v 0.07579422 0.67784810 0.02199369
v 0.07428657 0.67784810 0.03042191
v 0.07218474 0.67784810 0.03812048
v 0.06949722 0.67784810 0.04519332
v 0.06623431 0.67784810 0.05167983
v 0.06240757 0.67784810 0.05759138
v 0.05802901 0.67784810 0.06292570
v 0.05310979 0.67784810 0.06767374
v 0.04765826 0.67784810 0.07182339
v 0.04167651 0.67784810 0.07536164
v 0.03515406 0.67784810 0.07827595
v 0.02805457 0.67784810 0.08055514
v 0.02028220 0.67784810 0.08219001
v 0.01156345 0.67784810 0.08317373
v 0.00000000 0.67784810 0.08350211
v -0.01156345 0.67784810 0.08317373
v -0.02028220 0.67784810 0.08219001
v -0.02805457 0.67784810 0.08055514
v -0.03515406 0.67784810 0.07827595
v -0.04167651 0.67784810 0.07536164
v -0.04765826 0.67784810 0.07182339
v -0.05310979 0.67784810 0.06767374
v -0.05802901 0.67784810 0.06292570
v -0.06240757 0.67784810 0.05759138
v -0.06623431 0.67784810 0.05167983
v -0.06949722 0.67784810 0.04519332
v -0.07218474 0.67784810 0.03812048
v -0.07428657 0.67784810 0.03042191
v -0.07579422 0.67784810 0.02199369
v -0.07670139 0.67784810 0.01253922
v -0.07700422 0.67784810 0.00000000
v -0.07670139 0.67784810 -0.01253922
v -0.07579422 0.67784810 -0.02199369
v -0.07428657 0.67784810 -0.03042191
v -0.07218474 0.67784810 -0.03812048
v -0.06949722 0.67784810 -0.04519332
v -0.06623431 0.67784810 -0.05167983
v -0.06240757 0.67784810 -0.05759138
v -0.05802901 0.67784810 -0.06292570
v -0.05310979 0.67784810 -0.06767374
v -0.04765826 0.67784810 -0.07182339
v -0.04167651 0.67784810 -0.07536164
v -0.03515406 0.67784810 -0.07827595
v -0.02805457 0.67784810 -0.08055514
v -0.02028220 0.67784810 -0.08219001
v -0.01156345 0.67784810 -0.08317373
v -0.00000000 0.67784810 -0.08350211
v 0.01156345 0.67784810 -0.08317373
v 0.02028220 0.67784810 -0.08219001
v 0.02805457 0.67784810 -0.08055514
v 0.03515406 0.67784810 -0.07827595
v 0.04167651 0.67784810 -0.07536164
v 0.04765826 0.67784810 -0.07182339
v 0.05310979 0.67784810 -0.06767374
v 0.05802901 0.67784810 -0.06292570
v 0.06240757 0.67784810 -0.05759138
v 0.06623431 0.67784810 -0.05167983
v 0.06949722 0.67784810 -0.04519332
v 0.07218474 0.67784810 -0.03812048
v 0.07428657 0.67784810 -0.03042191
v 0.07579422 0.67784810 -0.02199369
v 0.07670139 0.67784810 -0.01253922
v 0.07362869 0.69936709 0.00000000
v 0.07333914 0.69936709 0.01228577
v 0.07247174 0.69936709 0.02154915
v 0.07103018 0.69936709 0.02980702
v 0.06902048 0.69936709 0.03734998
v 0.06645077 0.69936709 0.04427986
v 0.06333089 0.69936709 0.05063527
v 0.05967190 0.69936709 0.05642733
v 0.05548527 0.69936709 0.06165383
v 0.05078169 0.69936709 0.06630591
v 0.04556913 0.69936709 0.07037168
v 0.03984959 0.69936709 0.07383842
v 0.03361306 0.69936709 0.07669382
v 0.02682478 0.69936709 0.07892694
v 0.01939312 0.69936709 0.08052877
v 0.01105656 0.69936709 0.08149260
v 0.00000000 0.69936709 0.08181435
v -0.01105656 0.69936709 0.08149260
v -0.01939312 0.69936709 0.08052877
v -0.02682478 0.69936709 0.07892694
v -0.03361306 0.69936709 0.07669382
v -0.03984959 0.69936709 0.07383842
v -0.04556913 0.69936709 0.07037168
v -0.05078169 0.69936709 0.06630591
v -0.05548527 0.69936709 0.06165383
v -0.05967190 0.69936709 0.05642733
v -0.06333089 0.69936709 0.05063527
v -0.06645077 0.69936709 0.04427986
v -0.06902048 0.69936709 0.03734998
v -0.07103018 0.69936709 0.02980702
v -0.07247174 0.69936709 0.02154915
v -0.07333914 0.69936709 0.01228577
v -0.07362869 0.69936709 0.00000000
v -0.07333914 0.69936709 -0.01228577
v -0.07247174 0.69936709 -0.02154915
v -0.07103018 0.69936709 -0.02980702
v -0.06902048 0.69936709 -0.03734998
v -0.06645077 0.69936709 -0.04427986
v -0.06333089 0.69936709 -0.05063527
v -0.05967190 0.69936709 -0.05642733
v -0.05548527 0.69936709 -0.06165383
v -0.05078169 0.69936709 -0.06630591
v -0.04556913 0.69936709 -0.07037168
v -0.03984959 0.69936709 -0.07383842
v -0.03361306 0.69936709 -0.07669382
v -0.02682478 0.69936709 -0.07892694
v -0.01939312 0.69936709 -0.08052877
v -0.01105656 0.69936709 -0.08149260
v -0.00000000 0.69936709 -0.08181435
v 0.01105656 0.69936709 -0.08149260
v 0.01939312 0.69936709 -0.08052877
v 0.02682478 0.69936709 -0.07892694
v 0.03361306 0.69936709 -0.07669382
v 0.03984959 0.69936709 -0.07383842
v 0.04556913 0.69936709 -0.07037168
v 0.05078169 0.69936709 -0.06630591
v 0.05548527 0.69936709 -0.06165383
v 0.05967190 0.69936709 -0.05642733
v 0.06333089 0.69936709 -0.05063527
v 0.06645077 0.69936709 -0.04427986
v 0.06902048 0.69936709 -0.03734998
v 0.07103018 0.69936709 -0.02980702
v 0.07247174 0.69936709 -0.02154915
v 0.07333914 0.69936709 -0.01228577
v 0.07025316 0.72088608 0.00000000
v 0.06997689 0.72088608 0.01203233
v 0.06914925 0.72088608 0.02110460
v 0.06777378 0.72088608 0.02919212
v 0.06585622 0.72088608 0.03657948
v 0.06340431 0.72088608 0.04336640
v 0.06042746 0.72088608 0.04959070
v 0.05693622 0.72088608 0.05526328
v 0.05294153 0.72088608 0.06038196
v 0.04845359 0.72088608 0.06493807
v 0.04348000 0.72088608 0.06891997
v 0.03802268 0.72088608 0.07231519
v 0.03207206 0.72088608 0.07511169
v 0.02559499 0.72088608 0.07729874
v 0.01850404 0.72088608 0.07886752
v 0.01054967 0.72088608 0.07981148
v 0.00000000 0.72088608 0.08012658
v -0.01054967 0.72088608 0.07981148
v -0.01850404 0.72088608 0.07886752
v -0.02559499 0.72088608 0.07729874
v -0.03207206 0.72088608 0.07511169
v -0.03802268 0.72088608 0.07231519
v -0.04348000 0.72088608 0.06891997
v -0.04845359 0.72088608 0.06493807
v -0.05294153 0.72088608 0.06038196
v -0.05693622 0.72088608 0.05526328
v -0.06042746 0.72088608 0.04959070
v -0.06340431 0.72088608 0.04336640
v -0.06585622 0.72088608 0.03657948
v -0.06777378 0.72088608 0.02919212
v -0.06914925 0.72088608 0.02110460
v -0.06997689 0.72088608 0.01203233
v -0.07025316 0.72088608 0.00000000
v -0.06997689 0.72088608 -0.01203233
v -0.06914925 0.72088608 -0.02110460
v -0.06777378 0.72088608 -0.02919212
v -0.06585622 0.72088608 -0.03657948
v -0.06340431 0.72088608 -0.04336640
v -0.06042746 0.72088608 -0.04959070
v -0.05693622 0.72088608 -0.05526328
v -0.05294153 0.72088608 -0.06038196
v -0.04845359 0.72088608 -0.06493807
v -0.04348000 0.72088608 -0.06891997
v -0.03802268 0.72088608 -0.07231519
v -0.03207206 0.72088608 -0.07511169
v -0.02559499 0.72088608 -0.07729874
v -0.01850404 0.72088608 -0.07886752
v -0.01054967 0.72088608 -0.07981148
v -0.00000000 0.72088608 -0.08012658
v 0.01054967 0.72088608 -0.07981148
v 0.01850404 0.72088608 -0.07886752
v 0.02559499 0.72088608 -0.07729874
v 0.03207206 0.72088608 -0.07511169
v 0.03802268 0.72088608 -0.07231519
v 0.04348000 0.72088608 -0.06891997
v 0.04845359 0.72088608 -0.06493807
v 0.05294153 0.72088608 -0.06038196
v 0.05693622 0.72088608 -0.05526328
v 0.06042746 0.72088608 -0.04959070
v 0.06340431 0.72088608 -0.04336640
v 0.06585622 0.72088608 -0.03657948
v 0.06777378 0.72088608 -0.02919212
v 0.06914925 0.72088608 -0.02110460
v 0.06997689 0.72088608 -0.01203233
v 0.06687764 0.74240506 0.00000000
v 0.06661464 0.74240506 0.01177888
v 0.06582676 0.74240506 0.02066006
v 0.06451738 0.74240506 0.02857723
v 0.06269196 0.74240506 0.03580898
v 0.06035786 0.74240506 0.04245295
v 0.05752404 0.74240506 0.04854614
v 0.05420055 0.74240506 0.05409923
v 0.05039779 0.74240506 0.05911010
v 0.04612549 0.74240506 0.06357023
v 0.04139087 0.74240506 0.06746826
v 0.03619576 0.74240506 0.07079196
v 0.03053106 0.74240506 0.07352956
v 0.02436520 0.74240506 0.07567054
v 0.01761495 0.74240506 0.07720628
v 0.01004278 0.74240506 0.07813035
v 0.00000000 0.74240506 0.07843882
v -0.01004278 0.74240506 0.07813035
v -0.01761495 0.74240506 0.07720628
v -0.02436520 0.74240506 0.07567054
v -0.03053106 0.74240506 0.07352956
v -0.03619576 0.74240506 0.07079196
v -0.04139087 0.74240506 0.06746826
v -0.04612549 0.74240506 0.06357023
v -0.05039779 0.74240506 0.05911010
v -0.05420055 0.74240506 0.05409923
v -0.05752404 0.74240506 0.04854614
v -0.06035786 0.74240506 0.04245295
v -0.06269196 0.74240506 0.03580898
v -0.06451738 0.74240506 0.02857723
v -0.06582676 0.74240506 0.02066006
v -0.06661464 0.74240506 0.01177888
v -0.06687764 0.74240506 0.00000000
v -0.06661464 0.74240506 -0.01177888
v -0.06582676 0.74240506 -0.02066006
v -0.06451738 0.74240506 -0.02857723
v -0.06269196 0.74240506 -0.03580898
v -0.06035786 0.74240506 -0.04245295
v -0.05752404 0.74240506 -0.04854614
v -0.05420055 0.74240506 -0.05409923
v -0.05039779 0.74240506 -0.05911010
v -0.04612549 0.74240506 -0.06357023
v -0.04139087 0.74240506 -0.06746826
v -0.03619576 0.74240506 -0.07079196
v -0.03053106 0.74240506 -0.07352956
v -0.02436520 0.74240506 -0.07567054
v -0.01761495 0.74240506 -0.07720628
v -0.01004278 0.74240506 -0.07813035
v -0.00000000 0.74240506 -0.07843882
v 0.01004278 0.74240506 -0.07813035
v 0.01761495 0.74240506 -0.07720628
v 0.02436520 0.74240506 -0.07567054
v 0.03053106 0.74240506 -0.07352956
v 0.03619576 0.74240506 -0.07079196
v 0.04139087 0.74240506 -0.06746826
v 0.04612549 0.74240506 -0.06357023
v 0.05039779 0.74240506 -0.05911010
v 0.05420055 0.74240506 -0.05409923
v 0.05752404 0.74240506 -0.04854614
v 0.06035786 0.74240506 -0.04245295
v 0.06269196 0.74240506 -0.03580898
v 0.06451738 0.74240506 -0.02857723
v 0.06582676 0.74240506 -0.02066006
v 0.06661464 0.74240506 -0.01177888
v 0.06350211 0.76392405 0.00000000
v 0.06325238 0.76392405 0.01152544
v 0.06250428 0.76392405 0.02021552
v 0.06126098 0.76392405 0.02796233
v 0.05952769 0.76392405 0.03503848
v 0.05731141 0.76392405 0.04153949
v 0.05462062 0.76392405 0.04750157
v 0.05146487 0.76392405 0.05293518
v 0.04785406 0.76392405 0.05783823
v 0.04379739 0.76392405 0.06220239
v 0.03930174 0.76392405 0.06601655
v 0.03436885 0.76392405 0.06926874
v 0.02899006 0.76392405 0.07194742
v 0.02313541 0.76392405 0.07404234
v 0.01672587 0.76392405 0.07554504
v 0.00953589 0.76392405 0.07644923
v 0.00000000 0.76392405 0.07675105
v -0.00953589 0.76392405 0.07644923
v -0.01672587 0.76392405 0.07554504
v -0.02313541 0.76392405 0.07404234
v -0.02899006 0.76392405 0.07194742
v -0.03436885 0.76392405 0.06926874
v -0.03930174 0.76392405 0.06601655
v -0.04379739 0.76392405 0.06220239
v -0.04785406 0.76392405 0.05783823
v -0.05146487 0.76392405 0.05293518
v -0.05462062 0.76392405 0.04750157
v -0.05731141 0.76392405 0.04153949
v -0.05952769 0.76392405 0.03503848
v -0.06126098 0.76392405 0.02796233
v -0.06250428 0.76392405 0.02021552
v -0.06325238 0.76392405 0.01152544
v -0.06350211 0.76392405 0.00000000
v -0.06325238 0.76392405 -0.01152544
v -0.06250428 0.76392405 -0.02021552
v -0.06126098 0.76392405 -0.02796233
v -0.05952769 0.76392405 -0.03503848
v -0.05731141 0.76392405 -0.04153949
v -0.05462062 0.76392405 -0.04750157
v -0.05146487 0.76392405 -0.05293518
v -0.04785406 0.76392405 -0.05783823
v -0.04379739 0.76392405 -0.06220239
v -0.03930174 0.76392405 -0.06601655
v -0.03436885 0.76392405 -0.06926874
v -0.02899006 0.76392405 -0.07194742
v -0.02313541 0.76392405 -0.07404234
v -0.01672587 0.76392405 -0.07554504
v -0.00953589 0.76392405 -0.07644923
v -0.00000000 0.76392405 -0.07675105
v 0.00953589 0.76392405 -0.07644923
v 0.01672587 0.76392405 -0.07554504
v 0.02313541 0.76392405 -0.07404234
v 0.02899006 0.76392405 -0.07194742
v 0.03436885 0.76392405 -0.06926874
v 0.03930174 0.76392405 -0.06601655
v 0.04379739 0.76392405 -0.06220239
v 0.04785406 0.76392405 -0.05783823
v 0.05146487 0.76392405 -0.05293518
v 0.05462062 0.76392405 -0.04750157
v 0.05731141 0.76392405 -0.04153949
v 0.05952769 0.76392405 -0.03503848
v 0.06126098 0.76392405 -0.02796233
v 0.06250428 0.76392405 -0.02021552
v 0.06325238 0.76392405 -0.01152544
v 0.06012658 0.78544304 0.00000000
v 0.05989013 0.78544304 0.01127199
v 0.05918179 0.78544304 0.01977098
v 0.05800458 0.78544304 0.02734744
v 0.05636343 0.78544304 0.03426798
v 0.05426495 0.78544304 0.04062603
v 0.05171720 0.78544304 0.04645701
v 0.04872920 0.78544304 0.05177113
v 0.04531032 0.78544304 0.05656636
v 0.04146929 0.78544304 0.06083456
v 0.03721261 0.78544304 0.06456484
v 0.03254193 0.78544304 0.06774551
v 0.02744906 0.78544304 0.07036529
v 0.02190562 0.78544304 0.07241414
v 0.01583679 0.78544304 0.07388379
v 0.00902900 0.78544304 0.07476810
v 0.00000000 0.78544304 0.07506329
v -0.00902900 0.78544304 0.07476810
v -0.01583679 0.78544304 0.07388379
v -0.02190562 0.78544304 0.07241414
v -0.02744906 0.78544304 0.07036529
v -0.03254193 0.78544304 0.06774551
v -0.03721261 0.78544304 0.06456484
v -0.04146929 0.78544304 0.06083456
v -0.04531032 0.78544304 0.05656636
v -0.04872920 0.78544304 0.05177113
v -0.05171720 0.78544304 0.04645701
v -0.05426495 0.78544304 0.04062603
v -0.05636343 0.78544304 0.03426798
v -0.05800458 0.78544304 0.02734744
v -0.05918179 0.78544304 0.01977098
v -0.05989013 0.78544304 0.01127199
v -0.06012658 0.78544304 0.00000000
v -0.05989013 0.78544304 -0.01127199
v -0.05918179 0.78544304 -0.01977098
v -0.05800458 0.78544304 -0.02734744
v -0.05636343 0.78544304 -0.03426798
v -0.05426495 0.78544304 -0.04062603
v -0.05171720 0.78544304 -0.04645701
v -0.04872920 0.78544304 -0.05177113
v -0.04531032 0.78544304 -0.05656636
v -0.04146929 0.78544304 -0.06083456
v -0.03721261 0.78544304 -0.06456484
v -0.03254193 0.78544304 -0.06774551
v -0.02744906 0.78544304 -0.07036529
v -0.02190562 0.78544304 -0.07241414
v -0.01583679 0.78544304 -0.07388379
v -0.00902900 0.78544304 -0.07476810
v -0.00000000 0.78544304 -0.07506329
v 0.00902900 0.78544304 -0.07476810
v 0.01583679 0.78544304 -0.07388379
v 0.02190562 0.78544304 -0.07241414
v 0.02744906 0.78544304 -0.07036529
v 0.03254193 0.78544304 -0.06774551
v 0.03721261 0.78544304 -0.06456484
v 0.04146929 0.78544304 -0.06083456
v 0.04531032 0.78544304 -0.05656636
v 0.04872920 0.78544304 -0.05177113
v 0.05171720 0.78544304 -0.04645701
v 0.05426495 0.78544304 -0.04062603
v 0.05636343 0.78544304 -0.03426798
v 0.05800458 0.78544304 -0.02734744
v 0.05918179 0.78544304 -0.01977098
v 0.05989013 0.78544304 -0.01127199
v 0.05675105 0.80696203 0.00000000
v 0.05652788 0.80696203 0.01101855
v 0.05585930 0.80696203 0.01932644
v 0.05474819 0.80696203 0.02673255
v 0.05319917 0.80696203 0.03349748
v 0.05121850 0.80696203 0.03971257
v 0.04881378 0.80696203 0.04541244
v 0.04599352 0.80696203 0.05060708
v 0.04276658 0.80696203 0.05529449
v 0.03914119 0.80696203 0.05946672
v 0.03512348 0.80696203 0.06311313
v 0.03071501 0.80696203 0.06622228
v 0.02590806 0.80696203 0.06878316
v 0.02067583 0.80696203 0.07078595
v 0.01494771 0.80696203 0.07222255
v 0.00852211 0.80696203 0.07308697
v 0.00000000 0.80696203 0.07337553
v -0.00852211 0.80696203 0.07308697
v -0.01494771 0.80696203 0.07222255
v -0.02067583 0.80696203 0.07078595
v -0.02590806 0.80696203 0.06878316
v -0.03071501 0.80696203 0.06622228
v -0.03512348 0.80696203 0.06311313
v -0.03914119 0.80696203 0.05946672
v -0.04276658 0.80696203 0.05529449
v -0.04599352 0.80696203 0.05060708
v -0.04881378 0.80696203 0.04541244
v -0.05121850 0.80696203 0.03971257
v -0.05319917 0.80696203 0.03349748
v -0.05474819 0.80696203 0.02673255
v -0.05585930 0.80696203 0.01932644
v -0.05652788 0.80696203 0.01101855
v -0.05675105 0.80696203 0.00000000
v -0.05652788 0.80696203 -0.01101855
v -0.05585930 0.80696203 -0.01932644
v -0.05474819 0.80696203 -0.02673255
v -0.05319917 0.80696203 -0.03349748
v -0.05121850 0.80696203 -0.03971257
v -0.04881378 0.80696203 -0.04541244
v -0.04599352 0.80696203 -0.05060708
v -0.04276658 0.80696203 -0.05529449
v -0.03914119 0.80696203 -0.05946672
v -0.03512348 0.80696203 -0.06311313
v -0.03071501 0.80696203 -0.06622228
v -0.02590806 0.80696203 -0.06878316
v -0.02067583 0.80696203 -0.07078595
v -0.01494771 0.80696203 -0.07222255
v -0.00852211 0.80696203 -0.07308697
v -0.00000000 0.80696203 -0.07337553
v 0.00852211 0.80696203 -0.07308697
v 0.01494771 0.80696203 -0.07222255
v 0.02067583 0.80696203 -0.07078595
v 0.02590806 0.80696203 -0.06878316
v 0.03071501 0.80696203 -0.06622228
v 0.03512348 0.80696203 -0.06311313
v 0.03914119 0.80696203 -0.05946672
v 0.04276658 0.80696203 -0.05529449
v 0.04599352 0.80696203 -0.05060708
v 0.04881378 0.80696203 -0.04541244
v 0.05121850 0.80696203 -0.03971257
v 0.05319917 0.80696203 -0.03349748
v 0.05474819 0.80696203 -0.02673255
v 0.05585930 0.80696203 -0.01932644
v 0.05652788 0.80696203 -0.01101855
v 0.05337553 0.82848101 0.00000000
v 0.05316562 0.82848101 0.01076510
v 0.05253682 0.82848101 0.01888190
v 0.05149179 0.82848101 0.02611765
v 0.05003490 0.82848101 0.03272698
v 0.04817205 0.82848101 0.03879912
v 0.04591036 0.82848101 0.04436788
v 0.04325785 0.82848101 0.04944303
v 0.04022285 0.82848101 0.05402262
v 0.03681309 0.82848101 0.05809888
v 0.03303435 0.82848101 0.06166142
v 0.02888810 0.82848101 0.06469906
v 0.02436706 0.82848101 0.06720103
v 0.01944604 0.82848101 0.06915775
v 0.01405862 0.82848101 0.07056131
v 0.00801522 0.82848101 0.07140585
v 0.00000000 0.82848101 0.07168776
v -0.00801522 0.82848101 0.07140585
v -0.01405862 0.82848101 0.07056131
v -0.01944604 0.82848101 0.06915775
v -0.02436706 0.82848101 0.06720103
v -0.02888810 0.82848101 0.06469906
v -0.03303435 0.82848101 0.06166142
v -0.03681309 0.82848101 0.05809888
v -0.04022285 0.82848101 0.05402262
v -0.04325785 0.82848101 0.04944303
v -0.04591036 0.82848101 0.04436788
v -0.04817205 0.82848101 0.03879912
v -0.05003490 0.82848101 0.03272698
v -0.05149179 0.82848101 0.02611765
v -0.05253682 0.82848101 0.01888190
v -0.05316562 0.82848101 0.01076510
v -0.05337553 0.82848101 0.00000000
v -0.05316562 0.82848101 -0.01076510
v -0.05253682 0.82848101 -0.01888190
v -0.05149179 0.82848101 -0.02611765
v -0.05003490 0.82848101 -0.03272698
v -0.04817205 0.82848101 -0.03879912
v -0.04591036 0.82848101 -0.04436788
v -0.04325785 0.82848101 -0.04944303
v -0.04022285 0.82848101 -0.05402262
v -0.03681309 0.82848101 -0.05809888
v -0.03303435 0.82848101 -0.06166142
v -0.02888810 0.82848101 -0.06469906
v -0.02436706 0.82848101 -0.06720103
v -0.01944604 0.82848101 -0.06915775
v -0.01405862 0.82848101 -0.07056131
v -0.00801522 0.82848101 -0.07140585
v -0.00000000 0.82848101 -0.07168776
v 0.00801522 0.82848101 -0.07140585
v 0.01405862 0.82848101 -0.07056131
v 0.01944604 0.82848101 -0.06915775
v 0.02436706 0.82848101 -0.06720103
v 0.02888810 0.82848101 -0.06469906
v 0.03303435 0.82848101 -0.06166142
v 0.03681309 0.82848101 -0.05809888
v 0.04022285 0.82848101 -0.05402262
v 0.04325785 0.82848101 -0.04944303
v 0.04591036 0.82848101 -0.04436788
v 0.04817205 0.82848101 -0.03879912
v 0.05003490 0.82848101 -0.03272698
v 0.05149179 0.82848101 -0.02611765
v 0.05253682 0.82848101 -0.01888190
v 0.05316562 0.82848101 -0.01076510
v 0.05000000 0.85000000 0.00000000
v 0.04980337 0.85000000 0.01051166
v 0.04921433 0.85000000 0.01843736
v 0.04823539 0.85000000 0.02550276
v 0.04687064 0.85000000 0.03195648
v 0.04512559 0.85000000 0.03788566
v 0.04300693 0.85000000 0.04332332
v 0.04052218 0.85000000 0.04827898
v 0.03767911 0.85000000 0.05275075
v 0.03448499 0.85000000 0.05673105
v 0.03094523 0.85000000 0.06020971
v 0.02706118 0.85000000 0.06317583
v 0.02282606 0.85000000 0.06561890
v 0.01821625 0.85000000 0.06752955
v 0.01316954 0.85000000 0.06890006
v 0.00750833 0.85000000 0.06972472
v 0.00000000 0.85000000 0.07000000
v -0.00750833 0.85000000 0.06972472
v -0.01316954 0.85000000 0.06890006
v -0.01821625 0.85000000 0.06752955
v -0.02282606 0.85000000 0.06561890
v -0.02706118 0.85000000 0.06317583
v -0.03094523 0.85000000 0.06020971
v -0.03448499 0.85000000 0.05673105
v -0.03767911 0.85000000 0.05275075
v -0.04052218 0.85000000 0.04827898
v -0.04300693 0.85000000 0.04332332
v -0.04512559 0.85000000 0.03788566
v -0.04687064 0.85000000 0.03195648
v -0.04823539 0.85000000 0.02550276
v -0.04921433 0.85000000 0.01843736
v -0.04980337 0.85000000 0.01051166
v -0.05000000 0.85000000 0.00000000
v -0.04980337 0.85000000 -0.01051166
v -0.04921433 0.85000000 -0.01843736
v -0.04823539 0.85000000 -0.02550276
v -0.04687064 0.85000000 -0.03195648
v -0.04512559 0.85000000 -0.03788566
v -0.04300693 0.85000000 -0.04332332
v -0.04052218 0.85000000 -0.04827898
v -0.03767911 0.85000000 -0.05275075
v -0.03448499 0.85000000 -0.05673105
v -0.03094523 0.85000000 -0.06020971
v -0.02706118 0.85000000 -0.06317583
v -0.02282606 0.85000000 -0.06561890
v -0.01821625 0.85000000 -0.06752955
v -0.01316954 0.85000000 -0.06890006
v -0.00750833 0.85000000 -0.06972472
v -0.00000000 0.85000000 -0.07000000
v 0.00750833 0.85000000 -0.06972472
v 0.01316954 0.85000000 -0.06890006
v 0.01821625 0.85000000 -0.06752955
v 0.02282606 0.85000000 -0.06561890
v 0.02706118 0.85000000 -0.06317583
v 0.03094523 0.85000000 -0.06020971
v 0.03448499 0.85000000 -0.05673105
v 0.03767911 0.85000000 -0.05275075
v 0.04052218 0.85000000 -0.04827898
v 0.04300693 0.85000000 -0.04332332
v 0.04512559 0.85000000 -0.03788566
v 0.04687064 0.85000000 -0.03195648
v 0.04823539 0.85000000 -0.02550276
v 0.04921433 0.85000000 -0.01843736
v 0.04980337 0.85000000 -0.01051166
f 1 65 2
f 2 65 66
f 2 66 3
f 3 66 67
f 3 67 4
f 4 67 68
f 4 68 5
f 5 68 69
f 5 69 6
f 6 69 70
f 6 70 7
f 7 70 71
f 7 71 8
f 8 71 72
f 8 72 9
f 9 72 73
f 9 73 10
f 10 73 74
f 10 74 11
f 11 74 75
f 11 75 12
f 12 75 76
f 12 76 13
f 13 76 77
f 13 77 14
f 14 77 78
f 14 78 15
f 15 78 79
f 15 79 16
f 16 79 80
f 16 80 17
f 17 80 81
f 17 81 18
f 18 81 82
f 18 82 19
f 19 82 83
f 19 83 20
f 20 83 84
f 20 84 21
f 21 84 85
f 21 85 22
f 22 85 86
f 22 86 23
f 23 86 87
f 23 87 24
f 24 87 88
f 24 88 25
f 25 88 89
f 25 89 26
f 26 89 90
f 26 90 27
f 27 90 91
f 27 91 28
f 28 91 92
f 28 92 29
f 29 92 93
f 29 93 30
f 30 93 94
f 30 94 31
f 31 94 95
f 31 95 32
f 32 95 96
f 32 96 33
f 33 96 97
f 33 97 34
f 34 97 98
f 34 98 35
f 35 98 99
f 35 99 36
f 36 99 100
f 36 100 37
f 37 100 101
f 37 101 38
f 38 101 102
f 38 102 39
f 39 102 103
f 39 103 40
f 40 103 104
f 40 104 41
f 41 104 105
f 41 105 42
f 42 105 106
f 42 106 43
f 43 106 107
f 43 107 44
f 44 107 108
f 44 108 45
f 45 108 109
f 45 109 46
f 46 109 110
f 46 110 47
f 47 110 111
f 47 111 48
f 48 111 112
f 48 112 49
f 49 112 113
f 49 113 50
f 50 113 114
f 50 114 51
f 51 114 115
f 51 115 52
f 52 115 116
f 52 116 53
f 53 116 117
f 53 117 54
f 54 117 118
f 54 118 55
f 55 118 119
f 55 119 56
f 56 119 120
f 56 120 57
f 57 120 121
f 57 121 58
f 58 121 122
f 58 122 59
f 59 122 123
f 59 123 60
f 60 123 124
f 60 124 61
f 61 124 125
f 61 125 62
f 62 125 126
f 62 126 63
f 63 126 127
f 63 127 64
f 64 127 128
f 64 128 1
f 1 128 65
f 65 129 66
f 66 129 130
f 66 130 67
f 67 130 131
f 67 131 68
f 68 131 132
f 68 132 69
f 69 132 133
f 69 133 70
f 70 133 134
f 70 134 71
f 71 134 135
f 71 135 72
f 72 135 136
f 72 136 73
f 73 136 137
f 73 137 74
f 74 137 138
f 74 138 75
f 75 138 139
f 75 139 76
f 76 139 140
f 76 140 77
f 77 140 141
f 77 141 78
f 78 141 142
f 78 142 79
f 79 142 143
f 79 143 80
f 80 143 144
f 80 144 81
f 81 144 145
f 81 145 82
f 82 145 146
f 82 146 83
f 83 146 147
f 83 147 84
f 84 147 148
f 84 148 85
f 85 148 149
f 85 149 86
f 86 149 150
f 86 150 87
f 87 150 151
f 87 151 88
f 88 151 152
f 88 152 89
f 89 152 153
f 89 153 90
f 90 153 154
f 90 154 91
f 91 154 155
f 91 155 92
f 92 155 156
f 92 156 93
f 93 156 157
f 93 157 94
f 94 157 158
f 94 158 95
f 95 158 159
f 95 159 96
f 96 159 160
f 96 160 97
f 97 160 161
f 97 161 98
f 98 161 162
f 98 162 99
f 99 162 163
f 99 163 100
f 100 163 164
f 100 164 101
f 101 164 165
f 101 165 102
f 102 165 166
f 102 166 103
f 103 166 167
f 103 167 104
f 104 167 168
f 104 168 105
f 105 168 169
f 105 169 106
f 106 169 170
f 106 170 107
f 107 170 171
f 107 171 108
f 108 171 172
f 108 172 109
f 109 172 173
f 109 173 110
f 110 173 174
f 110 174 111
f 111 174 175
f 111 175 112
f 112 175 176
f 112 176 113
f 113 176 177
f 113 177 114
f 114 177 178
f 114 178 115
f 115 178 179
f 115 179 116
f 116 179 180
f 116 180 117
f 117 180 181
f 117 181 118
f 118 181 182
f 118 182 119
f 119 182 183
f 119 183 120
f 120 183 184
f 120 184 121
f 121 184 185
f 121 185 122
f 122 185 186
f 122 186 123
f 123 186 187
f 123 187 124
f 124 187 188
f 124 188 125
f 125 188 189
f 125 189 126
f 126 189 190
f 126 190 127
f 127 190 191
f 127 191 128
f 128 191 192
f 128 192 65
f 65 192 129
f 129 193 130
f 130 193 194
f 130 194 131
f 131 194 195
f 131 195 132
f 132 195 196
f 132 196 133
f 133 196 197
f 133 197 134
f 134 197 198
f 134 198 135
f 135 198 199
f 135 199 136
f 136 199 200
f 136 200 137
f 137 200 201
f 137 201 138
f 138 201 202
f 138 202 139
f 139 202 203
f 139 203 140
f 140 203 204
f 140 204 141
f 141 204 205
f 141 205 142
f 142 205 206
f 142 206 143
f 143 206 207
f 143 207 144
f 144 207 208
f 144 208 145
f 145 208 209
f 145 209 146
f 146 209 210
f 146 210 147
f 147 210 211
f 147 211 148
f 148 211 212
f 148 212 149
f 149 212 213
f 149 213 150
f 150 213 214
f 150 214 151
f 151 214 215
f 151 215 152
f 152 215 216
f 152 216 153
f 153 216 217
f 153 217 154
f 154 217 218
f 154 218 155
f 155 218 219
f 155 219 156
f 156 219 220
f 156 220 157
f 157 220 221
f 157 221 158
f 158 221 222
f 158 222 159
f 159 222 223
f 159 223 160
f 160 223 224
f 160 224 161
f 161 224 225
f 161 225 162
f 162 225 226
f 162 226 163
f 163 226 227
f 163 227 164
f 164 227 228
f 164 228 165
f 165 228 229
f 165 229 166
f 166 229 230
f 166 230 167
f 167 230 231
f 167 231 168
f 168 231 232
f 168 232 169
f 169 232 233
f 169 233 170
f 170 233 234
f 170 234 171
f 171 234 235
f 171 235 172
f 172 235 236
f 172 236 173
f 173 236 237
f 173 237 174
f 174 237 238
f 174 238 175
f 175 238 239
f 175 239 176
f 176 239 240
f 176 240 177
f 177 240 241
f 177 241 178
f 178 241 242
f 178 242 179
f 179 242 243
f 179 243 180
f 180 243 244
f 180 244 181
f 181 244 245
f 181 245 182
f 182 245 246
f 182 246 183
f 183 246 247
f 183 247 184
f 184 247 248
f 184 248 185
f 185 248 249
f 185 249 186
f 186 249 250
f 186 250 187
f 187 250 251
f 187 251 188
f 188 251 252
f 188 252 189
f 189 252 253
f 189 253 190
f 190 253 254
f 190 254 191
f 191 254 255
f 191 255 192
f 192 255 256
f 192 256 129
f 129 256 193
f 193 257 194
f 194 257 258
f 194 258 195
f 195 258 259
f 195 259 196
f 196 259 260
f 196 260 197
f 197 260 261
f 197 261 198
f 198 261 262
f 198 262 199
f 199 262 263
f 199 263 200
f 200 263 264
f 200 264 201
f 201 264 265
f 201 265 202
f 202 265 266
f 202 266 203
f 203 266 267
f 203 267 204
f 204 267 268
f 204 268 205
f 205 268 269
f 205 269 206
f 206 269 270
f 206 270 207
f 207 270 271
f 207 271 208
f 208 271 272
f 208 272 209
f 209 272 273
f 209 273 210
f 210 273 274
f 210 274 211
f 211 274 275
f 211 275 212
f 212 275 276
f 212 276 213
f 213 276 277
f 213 277 214
f 214 277 278
f 214 278 215
f 215 278 279
f 215 279 216
f 216 279 280
f 216 280 217
f 217 280 281
f 217 281 218
f 218 281 282
f 218 282 219
f 219 282 283
f 219 283 220
f 220 283 284
f 220 284 221
f 221 284 285
f 221 285 222
f 222 285 286
f 222 286 223
f 223 286 287
f 223 287 224
f 224 287 288
f 224 288 225
f 225 288 289
f 225 289 226
f 226 289 290
f 226 290 227
f 227 290 291
f 227 291 228
f 228 291 292
f 228 292 229
f 229 292 293
f 229 293 230
f 230 293 294
f 230 294 231
f 231 294 295
f 231 295 232
f 232 295 296
f 232 296 233
f 233 296 297
f 233 297 234
f 234 297 298
f 234 298 235
f 235 298 299
f 235 299 236
f 236 299 300
f 236 300 237
f 237 300 301
f 237 301 238
f 238 301 302
f 238 302 239
f 239 302 303
f 239 303 240
f 240 303 304
f 240 304 241
f 241 304 305
f 241 305 242
f 242 305 306
f 242 306 243
f 243 306 307
f 243 307 244
f 244 307 308
f 244 308 245
f 245 308 309
f 245 309 246
f 246 309 310
f 246 310 247
f 247 310 311
f 247 311 248
f 248 311 312
f 248 312 249
f 249 312 313
f 249 313 250
f 250 313 314
f 250 314 251
f 251 314 315
f 251 315 252
f 252 315 316
f 252 316 253
f 253 316 317
f 253 317 254
f 254 317 318
f 254 318 255
f 255 318 319
f 255 319 256
f 256 319 320
f 256 320 193
f 193 320 257
f 257 321 258
f 258 321 322
f 258 322 259
f 259 322 323
f 259 323 260
f 260 323 324
f 260 324 261
f 261 324 325
f 261 325 262
f 262 325 326
f 262 326 263
f 263 326 327
f 263 327 264
f 264 327 328
f 264 328 265
f 265 328 329
f 265 329 266
f 266 329 330
f 266 330 267
f 267 330 331
f 267 331 268
f 268 331 332
f 268 332 269
f 269 332 333
f 269 333 270
f 270 333 334
f 270 334 271
f 271 334 335
f 271 335 272
f 272 335 336
f 272 336 273
f 273 336 337
f 273 337 274
f 274 337 338
f 274 338 275
f 275 338 339
f 275 339 276
f 276 339 340
f 276 340 277
f 277 340 341
f 277 341 278
f 278 341 342
f 278 342 279
f 279 342 343
f 279 343 280
f 280 343 344
f 280 344 281
f 281 344 345
f 281 345 282
f 282 345 346
f 282 346 283
f 283 346 347
f 283 347 284
f 284 347 348
f 284 348 285
f 285 348 349
f 285 349 286
f 286 349 350
f 286 350 287
f 287 350 351
f 287 351 288
f 288 351 352
f 288 352 289
f 289 352 353
f 289 353 290
f 290 353 354
f 290 354 291
f 291 354 355
f 291 355 292
f 292 355 356
f 292 356 293
f 293 356 357
f 293 357 294
f 294 357 358
f 294 358 295
f 295 358 359
f 295 359 296
f 296 359 360
f 296 360 297
f 297 360 361
f 297 361 298
f 298 361 362
f 298 362 299
f 299 362 363
f 299 363 300
f 300 363 364
f 300 364 301
f 301 364 365
f 301 365 302
f 302 365 366
f 302 366 303
f 303 366 367
f 303 367 304
f 304 367 368
f 304 368 305
f 305 368 369
f 305 369 306
f 306 369 370
f 306 370 307
f 307 370 371
f 307 371 308
f 308 371 372
f 308 372 309
f 309 372 373
f 309 373 310
f 310 373 374
f 310 374 311
f 311 374 375
f 311 375 312
f 312 375 376
f 312 376 313
f 313 376 377
f 313 377 314
f 314 377 378
f 314 378 315
f 315 378 379
f 315 379 316
f 316 379 380
f 316 380 317
f 317 380 381
f 317 381 318
f 318 381 382
f 318 382 319
f 319 382 383
f 319 383 320
f 320 383 384
f 320 384 257
f 257 384 321
f 321 385 322
f 322 385 386
f 322 386 323
f 323 386 387
f 323 387 324
f 324 387 388
f 324 388 325
f 325 388 389
f 325 389 326
f 326 389 390
f 326 390 327
f 327 390 391
f 327 391 328
f 328 391 392
f 328 392 329
f 329 392 393
f 329 393 330
f 330 393 394
f 330 394 331
f 331 394 395
f 331 395 332
f 332 395 396
f 332 396 333
f 333 396 397
f 333 397 334
f 334 397 398
f 334 398 335
f 335 398 399
f 335 399 336
f 336 399 400
f 336 400 337
f 337 400 401
f 337 401 338
f 338 401 402
f 338 402 339
f 339 402 403
f 339 403 340
f 340 403 404
f 340 404 341
f 341 404 405
f 341 405 342
f 342 405 406
f 342 406 343
f 343 406 407
f 343 407 344
f 344 407 408
f 344 408 345
f 345 408 409
f 345 409 346
f 346 409 410
f 346 410 347
f 347 410 411
f 347 411 348
f 348 411 412
f 348 412 349
f 349 412 413
f 349 413 350
f 350 413 414
f 350 414 351
f 351 414 415
f 351 415 352
f 352 415 416
f 352 416 353
f 353 416 417
f 353 417 354
f 354 417 418
f 354 418 355
f 355 418 419
f 355 419 356
f 356 419 420
f 356 420 357
f 357 420 421
f 357 421 358
f 358 421 422
f 358 422 359
f 359 422 423
f 359 423 360
f 360 423 424
f 360 424 361
f 361 424 425
f 361 425 362
f 362 425 426
f 362 426 363
f 363 426 427
f 363 427 364
f 364 427 428
f 364 428 365
f 365 428 429
f 365 429 366
f 366 429 430
f 366 430 367
f 367 430 431
f 367 431 368
f 368 431 432
f 368 432 369
f 369 432 433
f 369 433 370
f 370 433 434
f 370 434 371
f 371 434 435
f 371 435 372
f 372 435 436
f 372 436 373
f 373 436 437
f 373 437 374
f 374 437 438
f 374 438 375
f 375 438 439
f 375 439 376
f 376 439 440
f 376 440 377
f 377 440 441
f 377 441 378
f 378 441 442
f 378 442 379
f 379 442 443
f 379 443 380
f 380 443 444
f 380 444 381
f 381 444 445
f 381 445 382
f 382 445 446
f 382 446 383
f 383 446 447
f 383 447 384
f 384 447 448
f 384 448 321
f 321 448 385
f 385 449 386
f 386 449 450
f 386 450 387
f 387 450 451
f 387 451 388
f 388 451 452
f 388 452 389
f 389 452 453
f 389 453 390
f 390 453 454
f 390 454 391
f 391 454 455
f 391 455 392
f 392 455 456
f 392 456 393
f 393 456 457
f 393 457 394
f 394 457 458
f 394 458 395
f 395 458 459
f 395 459 396
f 396 459 460
f 396 460 397
f 397 460 461
f 397 461 398
f 398 461 462
f 398 462 399
f 399 462 463
f 399 463 400
f 400 463 464
f 400 464 401
f 401 464 465
f 401 465 402
f 402 465 466
f 402 466 403
f 403 466 467
f 403 467 404
f 404 467 468
f 404 468 405
f 405 468 469
f 405 469 406
f 406 469 470
f 406 470 407
f 407 470 471
f 407 471 408
f 408 471 472
f 408 472 409
f 409 472 473
f 409 473 410
f 410 473 474
f 410 474 411
f 411 474 475
f 411 475 412
f 412 475 476
f 412 476 413
f 413 476 477
f 413 477 414
f 414 477 478
f 414 478 415
f 415 478 479
f 415 479 416
f 416 479 480
f 416 480 417
f 417 480 481
f 417 481 418
f 418 481 482
f 418 482 419
f 419 482 483
f 419 483 420
f 420 483 484
f 420 484 421
f 421 484 485
f 421 485 422
f 422 485 486
f 422 486 423
f 423 486 487
f 423 487 424
f 424 487 488
f 424 488 425
f 425 488 489
f 425 489 426
f 426 489 490
f 426 490 427
f 427 490 491
f 427 491 428
f 428 491 492
f 428 492 429
f 429 492 493
f 429 493 430
f 430 493 494
f 430 494 431
f 431 494 495
f 431 495 432
f 432 495 496
f 432 496 433
f 433 496 497
f 433 497 434
f 434 497 498
f 434 498 435
f 435 498 499
f 435 499 436
f 436 499 500
f 436 500 437
f 437 500 501
f 437 501 438
f 438 501 502
f 438 502 439
f 439 502 503
f 439 503 440
f 440 503 504
f 440 504 441
f 441 504 505
f 441 505 442
f 442 505 506
f 442 506 443
f 443 506 507
f 443 507 444
f 444 507 508
f 444 508 445
f 445 508 509
f 445 509 446
f 446 509 510
f 446 510 447
f 447 510 511
f 447 511 448
f 448 511 512
f 448 512 385
f 385 512 449
f 449 513 450
f 450 513 514
f 450 514 451
f 451 514 515
f 451 515 452
f 452 515 516
f 452 516 453
f 453 516 517
f 453 517 454
f 454 517 518
f 454 518 455
f 455 518 519
f 455 519 456
f 456 519 520
f 456 520 457
f 457 520 521
f 457 521 458
f 458 521 522
f 458 522 459
f 459 522 523
f 459 523 460
f 460 523 524
f 460 524 461
f 461 524 525
f 461 525 462
f 462 525 526
f 462 526 463
f 463 526 527
f 463 527 464
f 464 527 528
f 464 528 465
f 465 528 529
f 465 529 466
f 466 529 530
f 466 530 467
f 467 530 531
f 467 531 468
f 468 531 532
f 468 532 469
f 469 532 533
f 469 533 470
f 470 533 534
f 470 534 471
f 471 534 535
f 471 535 472
f 472 535 536
f 472 536 473
f 473 536 537
f 473 537 474
f 474 537 538
f 474 538 475
f 475 538 539
f 475 539 476
f 476 539 540
f 476 540 477
f 477 540 541
f 477 541 478
f 478 541 542
f 478 542 479
f 479 542 543
f 479 543 480
f 480 543 544
f 480 544 481
f 481 544 545
f 481 545 482
f 482 545 546
f 482 546 483
f 483 546 547
f 483 547 484
f 484 547 548
f 484 548 485
f 485 548 549
f 485 549 486
f 486 549 550
f 486 550 487
f 487 550 551
f 487 551 488
f 488 551 552
f 488 552 489
f 489 552 553
f 489 553 490
f 490 553 554
f 490 554 491
f 491 554 555
f 491 555 492
f 492 555 556
f 492 556 493
f 493 556 557
f 493 557 494
f 494 557 558
f 494 558 495
f 495 558 559
f 495 559 496
f 496 559 560
f 496 560 497
f 497 560 561
f 497 561 498
f 498 561 562
f 498 562 499
f 499 562 563
f 499 563 500
f 500 563 564
f 500 564 501
f 501 564 565
f 501 565 502
f 502 565 566
f 502 566 503
f 503 566 567
f 503 567 504
f 504 567 568
f 504 568 505
f 505 568 569
f 505 569 506
f 506 569 570
f 506 570 507
f 507 570 571
f 507 571 508
f 508 571 572
f 508 572 509
f 509 572 573
f 509 573 510
f 510 573 574
f 510 574 511
f 511 574 575
f 511 575 512
f 512 575 576
f 512 576 449
f 449 576 513
f 513 577 514
f 514 577 578
f 514 578 515
f 515 578 579
f 515 579 516
f 516 579 580
f 516 580 517
f 517 580 581
f 517 581 518
f 518 581 582
f 518 582 519
f 519 582 583
f 519 583 520
f 520 583 584
f 520 584 521
f 521 584 585
f 521 585 522
f 522 585 586
f 522 586 523
f 523 586 587
f 523 587 524
f 524 587 588
f 524 588 525
f 525 588 589
f 525 589 526
f 526 589 590
f 526 590 527
f 527 590 591
f 527 591 528
f 528 591 592
f 528 592 529
f 529 592 593
f 529 593 530
f 530 593 594
f 530 594 531
f 531 594 595
f 531 595 532
f 532 595 596
f 532 596 533
f 533 596 597
f 533 597 534
f 534 597 598
f 534 598 535
f 535 598 599
f 535 599 536
f 536 599 600
f 536 600 537
f 537 600 601
f 537 601 538
f 538 601 602
f 538 602 539
f 539 602 603
f 539 603 540
f 540 603 604
f 540 604 541
f 541 604 605
f 541 605 542
f 542 605 606
f 542 606 543
f 543 606 607
f 543 607 544
f 544 607 608
f 544 608 545
f 545 608 609
f 545 609 546
f 546 609 610
f 546 610 547
f 547 610 611
f 547 611 548
f 548 611 612
f 548 612 549
f 549 612 613
f 549 613 550
f 550 613 614
f 550 614 551
f 551 614 615
f 551 615 552
f 552 615 616
f 552 616 553
f 553 616 617
f 553 617 554
f 554 617 618
f 554 618 555
f 555 618 619
f 555 619 556
f 556 619 620
f 556 620 557
f 557 620 621
f 557 621 558
f 558 621 622
f 558 622 559
f 559 622 623
f 559 623 560
f 560 623 624
f 560 624 561
f 561 624 625
f 561 625 562
f 562 625 626
f 562 626 563
f 563 626 627
f 563 627 564
f 564 627 628
f 564 628 565
f 565 628 629
f 565 629 566
f 566 629 630
f 566 630 567
f 567 630 631
f 567 631 568
f 568 631 632
f 568 632 569
f 569 632 633
f 569 633 570
f 570 633 634
f 570 634 571
f 571 634 635
f 571 635 572
f 572 635 636
f 572 636 573
f 573 636 637
f 573 637 574
f 574 637 638
f 574 638 575
f 575 638 639
f 575 639 576
f 576 639 640
f 576 640 513
f 513 640 577
f 577 641 578
f 578 641 642
f 578 642 579
f 579 642 643
f 579 643 580
f 580 643 644
f 580 644 581
f 581 644 645
f 581 645 582
f 582 645 646
f 582 646 583
f 583 646 647
f 583 647 584
f 584 647 648
f 584 648 585
f 585 648 649
f 585 649 586
f 586 649 650
f 586 650 587
f 587 650 651
f 587 651 588
f 588 651 652
f 588 652 589
f 589 652 653
f 589 653 590
f 590 653 654
f 590 654 591
f 591 654 655
f 591 655 592
f 592 655 656
f 592 656 593
f 593 656 657
f 593 657 594
f 594 657 658
f 594 658 595
f 595 658 659
f 595 659 596
f 596 659 660
f 596 660 597
f 597 660 661
f 597 661 598
f 598 661 662
f 598 662 599
f 599 662 663
f 599 663 600
f 600 663 664
f 600 664 601
f 601 664 665
f 601 665 602
f 602 665 666
f 602 666 603
f 603 666 667
f 603 667 604
f 604 667 668
f 604 668 605
f 605 668 669
f 605 669 606
f 606 669 670
f 606 670 607
f 607 670 671
f 607 671 608
f 608 671 672
f 608 672 609
f 609 672 673
f 609 673 610
f 610 673 674
f 610 674 611
f 611 674 675
f 611 675 612
f 612 675 676
f 612 676 613
f 613 676 677
f 613 677 614
f 614 677 678
f 614 678 615
f 615 678 679
f 615 679 616
f 616 679 680
f 616 680 617
f 617 680 681
f 617 681 618
f 618 681 682
f 618 682 619
f 619 682 683
f 619 683 620
f 620 683 684
f 620 684 621
f 621 684 685
f 621 685 622
f 622 685 686
f 622 686 623
f 623 686 687
f 623 687 624
f 624 687 688
f 624 688 625
f 625 688 689
f 625 689 626
f 626 689 690
f 626 690 627
f 627 690 691
f 627 691 628
f 628 691 692
f 628 692 629
f 629 692 693
f 629 693 630
f 630 693 694
f 630 694 631
f 631 694 695
f 631 695 632
f 632 695 696
f 632 696 633
f 633 696 697
f 633 697 634
f 634 697 698
f 634 698 635
f 635 698 699
f 635 699 636
f 636 699 700
f 636 700 637
f 637 700 701
f 637 701 638
f 638 701 702
f 638 702 639
f 639 702 703
f 639 703 640
f 640 703 704
f 640 704 577
f 577 704 641
f 641 705 642
f 642 705 706
f 642 706 643
f 643 706 707
f 643 707 644
f 644 707 708
f 644 708 645
f 645 708 709
f 645 709 646
f 646 709 710
f 646 710 647
f 647 710 711
f 647 711 648
f 648 711 712
f 648 712 649
f 649 712 713
f 649 713 650
f 650 713 714
f 650 714 651
f 651 714 715
f 651 715 652
f 652 715 716
f 652 716 653
f 653 716 717
f 653 717 654
f 654 717 718
f 654 718 655
f 655 718 719
f 655 719 656
f 656 719 720
f 656 720 657
f 657 720 721
f 657 721 658
f 658 721 722
f 658 722 659
f 659 722 723
f 659 723 660
f 660 723 724
f 660 724 661
f 661 724 725
f 661 725 662
f 662 725 726
f 662 726 663
f 663 726 727
f 663 727 664
f 664 727 728
f 664 728 665
f 665 728 729
f 665 729 666
f 666 729 730
f 666 730 667
f 667 730 731
f 667 731 668
f 668 731 732
f 668 732 669
f 669 732 733
f 669 733 670
f 670 733 734
f 670 734 671
f 671 734 735
f 671 735 672
f 672 735 736
f 672 736 673
f 673 736 737
f 673 737 674
f 674 737 738
f 674 738 675
f 675 738 739
f 675 739 676
f 676 739 740
f 676 740 677
f 677 740 741
f 677 741 678
f 678 741 742
f 678 742 679
f 679 742 743
f 679 743 680
f 680 743 744
f 680 744 681
f 681 744 745
f 681 745 682
f 682 745 746
f 682 746 683
f 683 746 747
f 683 747 684
f 684 747 748
f 684 748 685
f 685 748 749
f 685 749 686
f 686 749 750
f 686 750 687
f 687 750 751
f 687 751 688
f 688 751 752
f 688 752 689
f 689 752 753
f 689 753 690
f 690 753 754
f 690 754 691
f 691 754 755
f 691 755 692
f 692 755 756
f 692 756 693
f 693 756 757
f 693 757 694
f 694 757 758
f 694 758 695
f 695 758 759
f 695 759 696
f 696 759 760
f 696 760 697
f 697 760 761
f 697 761 698
f 698 761 762
f 698 762 699
f 699 762 763
f 699 763 700
f 700 763 764
f 700 764 701
f 701 764 765
f 701 765 702
f 702 765 766
f 702 766 703
f 703 766 767
f 703 767 704
f 704 767 768
f 704 768 641
f 641 768 705
f 705 769 706
f 706 769 770
f 706 770 707
f 707 770 771
f 707 771 708
f 708 771 772
f 708 772 709
f 709 772 773
f 709 773 710
f 710 773 774
f 710 774 711
f 711 774 775
f 711 775 712
f 712 775 776
f 712 776 713
f 713 776 777
f 713 777 714
f 714 777 778
f 714 778 715
f 715 778 779
f 715 779 716
f 716 779 780
f 716 780 717
f 717 780 781
f 717 781 718
f 718 781 782
f 718 782 719
f 719 782 783
f 719 783 720
f 720 783 784
f 720 784 721
f 721 784 785
f 721 785 722
f 722 785 786
f 722 786 723
f 723 786 787
f 723 787 724
f 724 787 788
f 724 788 725
f 725 788 789
f 725 789 726
f 726 789 790
f 726 790 727
f 727 790 791
f 727 791 728
f 728 791 792
f 728 792 729
f 729 792 793
f 729 793 730
f 730 793 794
f 730 794 731
f 731 794 795
f 731 795 732
f 732 795 796
f 732 796 733
f 733 796 797
f 733 797 734
f 734 797 798
f 734 798 735
f 735 798 799
f 735 799 736
f 736 799 800
f 736 800 737
f 737 800 801
f 737 801 738
f 738 801 802
f 738 802 739
f 739 802 803
f 739 803 740
f 740 803 804
f 740 804 741
f 741 804 805
f 741 805 742
f 742 805 806
f 742 806 743
f 743 806 807
f 743 807 744
f 744 807 808
f 744 808 745
f 745 808 809
f 745 809 746
f 746 809 810
f 746 810 747
f 747 810 811
f 747 811 748
f 748 811 812
f 748 812 749
f 749 812 813
f 749 813 750
f 750 813 814
f 750 814 751
f 751 814 815
f 751 815 752
f 752 815 816
f 752 816 753
f 753 816 817
f 753 817 754
f 754 817 818
f 754 818 755
f 755 818 819
f 755 819 756
f 756 819 820
f 756 820 757
f 757 820 821
f 757 821 758
f 758 821 822
f 758 822 759
f 759 822 823
f 759 823 760
f 760 823 824
f 760 824 761
f 761 824 825
f 761 825 762
f 762 825 826
f 762 826 763
f 763 826 827
f 763 827 764
f 764 827 828
f 764 828 765
f 765 828 829
f 765 829 766
f 766 829 830
f 766 830 767
f 767 830 831
f 767 831 768
f 768 831 832
f 768 832 705
f 705 832 769
f 769 833 770
f 770 833 834
f 770 834 771
f 771 834 835
f 771 835 772
f 772 835 836
f 772 836 773
f 773 836 837
f 773 837 774
f 774 837 838
f 774 838 775
f 775 838 839
f 775 839 776
f 776 839 840
f 776 840 777
f 777 840 841
f 777 841 778
f 778 841 842
f 778 842 779
f 779 842 843
f 779 843 780
f 780 843 844
f 780 844 781
f 781 844 845
f 781 845 782
f 782 845 846
f 782 846 783
f 783 846 847
f 783 847 784
f 784 847 848
f 784 848 785
f 785 848 849
f 785 849 786
f 786 849 850
f 786 850 787
f 787 850 851
f 787 851 788
f 788 851 852
f 788 852 789
f 789 852 853
f 789 853 790
f 790 853 854
f 790 854 791
f 791 854 855
f 791 855 792
f 792 855 856
f 792 856 793
f 793 856 857
f 793 857 794
f 794 857 858
f 794 858 795
f 795 858 859
f 795 859 796
f 796 859 860
f 796 860 797
f 797 860 861
f 797 861 798
f 798 861 862
f 798 862 799
f 799 862 863
f 799 863 800
f 800 863 864
f 800 864 801
f 801 864 865
f 801 865 802
f 802 865 866
f 802 866 803
f 803 866 867
f 803 867 804
f 804 867 868
f 804 868 805
f 805 868 869
f 805 869 806
f 806 869 870
f 806 870 807
f 807 870 871
f 807 871 808
f 808 871 872
f 808 872 809
f 809 872 873
f 809 873 810
f 810 873 874
f 810 874 811
f 811 874 875
f 811 875 812
f 812 875 876
f 812 876 813
f 813 876 877
f 813 877 814
f 814 877 878
f 814 878 815
f 815 878 879
f 815 879 816
f 816 879 880
f 816 880 817
f 817 880 881
f 817 881 818
f 818 881 882
f 818 882 819
f 819 882 883
f 819 883 820
f 820 883 884
f 820 884 821
f 821 884 885
f 821 885 822
f 822 885 886
f 822 886 823
f 823 886 887
f 823 887 824
f 824 887 888
f 824 888 825
f 825 888 889
f 825 889 826
f 826 889 890
f 826 890 827
f 827 890 891
f 827 891 828
f 828 891 892
f 828 892 829
f 829 892 893
f 829 893 830
f 830 893 894
f 830 894 831
f 831 894 895
f 831 895 832
f 832 895 896
f 832 896 769
f 769 896 833
f 833 897 834
f 834 897 898
f 834 898 835
f 835 898 899
f 835 899 836
f 836 899 900
f 836 900 837
f 837 900 901
f 837 901 838
f 838 901 902
f 838 902 839
f 839 902 903
f 839 903 840
f 840 903 904
f 840 904 841
f 841 904 905
f 841 905 842
f 842 905 906
f 842 906 843
f 843 906 907
f 843 907 844
f 844 907 908
f 844 908 845
f 845 908 909
f 845 909 846
f 846 909 910
f 846 910 847
f 847 910 911
f 847 911 848
f 848 911 912
f 848 912 849
f 849 912 913
f 849 913 850
f 850 913 914
f 850 914 851
f 851 914 915
f 851 915 852
f 852 915 916
f 852 916 853
f 853 916 917
f 853 917 854
f 854 917 918
f 854 918 855
f 855 918 919
f 855 919 856
f 856 919 920
f 856 920 857
f 857 920 921
f 857 921 858
f 858 921 922
f 858 922 859
f 859 922 923
f 859 923 860
f 860 923 924
f 860 924 861
f 861 924 925
f 861 925 862
f 862 925 926
f 862 926 863
f 863 926 927
f 863 927 864
f 864 927 928
f 864 928 865
f 865 928 929
f 865 929 866
f 866 929 930
f 866 930 867
f 867 930 931
f 867 931 868
f 868 931 932
f 868 932 869
f 869 932 933
f 869 933 870
f 870 933 934
f 870 934 871
f 871 934 935
f 871 935 872
f 872 935 936
f 872 936 873
f 873 936 937
f 873 937 874
f 874 937 938
f 874 938 875
f 875 938 939
f 875 939 876
f 876 939 940
f 876 940 877
f 877 940 941
f 877 941 878
f 878 941 942
f 878 942 879
f 879 942 943
f 879 943 880
f 880 943 944
f 880 944 881
f 881 944 945
f 881 945 882
f 882 945 946
f 882 946 883
f 883 946 947
f 883 947 884
f 884 947 948
f 884 948 885
f 885 948 949
f 885 949 886
f 886 949 950
f 886 950 887
f 887 950 951
f 887 951 888
f 888 951 952
f 888 952 889
f 889 952 953
f 889 953 890
f 890 953 954
f 890 954 891
f 891 954 955
f 891 955 892
f 892 955 956
f 892 956 893
f 893 956 957
f 893 957 894
f 894 957 958
f 894 958 895
f 895 958 959
f 895 959 896
f 896 959 960
f 896 960 833
f 833 960 897
f 897 961 898
f 898 961 962
f 898 962 899
f 899 962 963
f 899 963 900
f 900 963 964
f 900 964 901
f 901 964 965
f 901 965 902
f 902 965 966
f 902 966 903
f 903 966 967
f 903 967 904
f 904 967 968
f 904 968 905
f 905 968 969
f 905 969 906
f 906 969 970
f 906 970 907
f 907 970 971
f 907 971 908
f 908 971 972
f 908 972 909
f 909 972 973
f 909 973 910
f 910 973 974
f 910 974 911
f 911 974 975
f 911 975 912
f 912 975 976
f 912 976 913
f 913 976 977
f 913 977 914
f 914 977 978
f 914 978 915
f 915 978 979
f 915 979 916
f 916 979 980
f 916 980 917
f 917 980 981
f 917 981 918
f 918 981 982
f 918 982 919
f 919 982 983
f 919 983 920
f 920 983 984
f 920 984 921
f 921 984 985
f 921 985 922
f 922 985 986
f 922 986 923
f 923 986 987
f 923 987 924
f 924 987 988
f 924 988 925
f 925 988 989
f 925 989 926
f 926 989 990
f 926 990 927
f 927 990 991
f 927 991 928
f 928 991 992
f 928 992 929
f 929 992 993
f 929 993 930
f 930 993 994
f 930 994 931
f 931 994 995
f 931 995 932
f 932 995 996
f 932 996 933
f 933 996 997
f 933 997 934
f 934 997 998
f 934 998 935
f 935 998 999
f 935 999 936
f 936 999 1000
f 936 1000 937
f 937 1000 1001
f 937 1001 938
f 938 1001 1002
f 938 1002 939
f 939 1002 1003
f 939 1003 940
f 940 1003 1004
f 940 1004 941
f 941 1004 1005
f 941 1005 942
f 942 1005 1006
f 942 1006 943
f 943 1006 1007
f 943 1007 944
f 944 1007 1008
f 944 1008 945
f 945 1008 1009
f 945 1009 946
f 946 1009 1010
f 946 1010 947
f 947 1010 1011
f 947 1011 948
f 948 1011 1012
f 948 1012 949
f 949 1012 1013
f 949 1013 950
f 950 1013 1014
f 950 1014 951
f 951 1014 1015
f 951 1015 952
f 952 1015 1016
f 952 1016 953
f 953 1016 1017
f 953 1017 954
f 954 1017 1018
f 954 1018 955
f 955 1018 1019
f 955 1019 956
f 956 1019 1020
f 956 1020 957
f 957 1020 1021
f 957 1021 958
f 958 1021 1022
f 958 1022 959
f 959 1022 1023
f 959 1023 960
f 960 1023 1024
f 960 1024 897
f 897 1024 961
f 961 1025 962
f 962 1025 1026
f 962 1026 963
f 963 1026 1027
f 963 1027 964
f 964 1027 1028
f 964 1028 965
f 965 1028 1029
f 965 1029 966
f 966 1029 1030
f 966 1030 967
f 967 1030 1031
f 967 1031 968
f 968 1031 1032
f 968 1032 969
f 969 1032 1033
f 969 1033 970
f 970 1033 1034
f 970 1034 971
f 971 1034 1035
f 971 1035 972
f 972 1035 1036
f 972 1036 973
f 973 1036 1037
f 973 1037 974
f 974 1037 1038
f 974 1038 975
f 975 1038 1039
f 975 1039 976
f 976 1039 1040
f 976 1040 977
f 977 1040 1041
f 977 1041 978
f 978 1041 1042
f 978 1042 979
f 979 1042 1043
f 979 1043 980
f 980 1043 1044
f 980 1044 981
f 981 1044 1045
f 981 1045 982
f 982 1045 1046
f 982 1046 983
f 983 1046 1047
f 983 1047 984
f 984 1047 1048
f 984 1048 985
f 985 1048 1049
f 985 1049 986
f 986 1049 1050
f 986 1050 987
f 987 1050 1051
f 987 1051 988
f 988 1051 1052
f 988 1052 989
f 989 1052 1053
f 989 1053 990
f 990 1053 1054
f 990 1054 991
f 991 1054 1055
f 991 1055 992
f 992 1055 1056
f 992 1056 993
f 993 1056 1057
f 993 1057 994
f 994 1057 1058
f 994 1058 995
f 995 1058 1059
f 995 1059 996
f 996 1059 1060
f 996 1060 997
f 997 1060 1061
f 997 1061 998
f 998 1061 1062
f 998 1062 999
f 999 1062 1063
f 999 1063 1000
f 1000 1063 1064
f 1000 1064 1001
f 1001 1064 1065
f 1001 1065 1002
f 1002 1065 1066
f 1002 1066 1003
f 1003 1066 1067
f 1003 1067 1004
f 1004 1067 1068
f 1004 1068 1005
f 1005 1068 1069
f 1005 1069 1006
f 1006 1069 1070
f 1006 1070 1007
f 1007 1070 1071
f 1007 1071 1008
f 1008 1071 1072
f 1008 1072 1009
f 1009 1072 1073
f 1009 1073 1010
f 1010 1073 1074
f 1010 1074 1011
f 1011 1074 1075
f 1011 1075 1012
f 1012 1075 1076
f 1012 1076 1013
f 1013 1076 1077
f 1013 1077 1014
f 1014 1077 1078
f 1014 1078 1015
f 1015 1078 1079
f 1015 1079 1016
f 1016 1079 1080
f 1016 1080 1017
f 1017 1080 1081
f 1017 1081 1018
f 1018 1081 1082
f 1018 1082 1019
f 1019 1082 1083
f 1019 1083 1020
f 1020 1083 1084
f 1020 1084 1021
f 1021 1084 1085
f 1021 1085 1022
f 1022 1085 1086
f 1022 1086 1023
f 1023 1086 1087
f 1023 1087 1024
f 1024 1087 1088
f 1024 1088 961
f 961 1088 1025
f 1025 1089 1026
f 1026 1089 1090
f 1026 1090 1027
f 1027 1090 1091
f 1027 1091 1028
f 1028 1091 1092
f 1028 1092 1029
f 1029 1092 1093
f 1029 1093 1030
f 1030 1093 1094
f 1030 1094 1031
f 1031 1094 1095
f 1031 1095 1032
f 1032 1095 1096
f 1032 1096 1033
f 1033 1096 1097
f 1033 1097 1034
f 1034 1097 1098
f 1034 1098 1035
f 1035 1098 1099
f 1035 1099 1036
f 1036 1099 1100
f 1036 1100 1037
f 1037 1100 1101
f 1037 1101 1038
f 1038 1101 1102
f 1038 1102 1039
f 1039 1102 1103
f 1039 1103 1040
f 1040 1103 1104
f 1040 1104 1041
f 1041 1104 1105
f 1041 1105 1042
f 1042 1105 1106
f 1042 1106 1043
f 1043 1106 1107
f 1043 1107 1044
f 1044 1107 1108
f 1044 1108 1045
f 1045 1108 1109
f 1045 1109 1046
f 1046 1109 1110
f 1046 1110 1047
f 1047 1110 1111
f 1047 1111 1048
f 1048 1111 1112
f 1048 1112 1049
f 1049 1112 1113
f 1049 1113 1050
f 1050 1113 1114
f 1050 1114 1051
f 1051 1114 1115
f 1051 1115 1052
f 1052 1115 1116
f 1052 1116 1053
f 1053 1116 1117
f 1053 1117 1054
f 1054 1117 1118
f 1054 1118 1055
f 1055 1118 1119
f 1055 1119 1056
f 1056 1119 1120
f 1056 1120 1057
f 1057 1120 1121
f 1057 1121 1058
f 1058 1121 1122
f 1058 1122 1059
f 1059 1122 1123
f 1059 1123 1060
f 1060 1123 1124
f 1060 1124 1061
f 1061 1124 1125
f 1061 1125 1062
f 1062 1125 1126
f 1062 1126 1063
f 1063 1126 1127
f 1063 1127 1064
f 1064 1127 1128
f 1064 1128 1065
f 1065 1128 1129
f 1065 1129 1066
f 1066 1129 1130
f 1066 1130 1067
f 1067 1130 1131
f 1067 1131 1068
f 1068 1131 1132
f 1068 1132 1069
f 1069 1132 1133
f 1069 1133 1070
f 1070 1133 1134
f 1070 1134 1071
f 1071 1134 1135
f 1071 1135 1072
f 1072 1135 1136
f 1072 1136 1073
f 1073 1136 1137
f 1073 1137 1074
f 1074 1137 1138
f 1074 1138 1075
f 1075 1138 1139
f 1075 1139 1076
f 1076 1139 1140
f 1076 1140 1077
f 1077 1140 1141
f 1077 1141 1078
f 1078 1141 1142
f 1078 1142 1079
f 1079 1142 1143
f 1079 1143 1080
f 1080 1143 1144
f 1080 1144 1081
f 1081 1144 1145
f 1081 1145 1082
f 1082 1145 1146
f 1082 1146 1083
f 1083 1146 1147
f 1083 1147 1084
f 1084 1147 1148
f 1084 1148 1085
f 1085 1148 1149
f 1085 1149 1086
f 1086 1149 1150
f 1086 1150 1087
f 1087 1150 1151
f 1087 1151 1088
f 1088 1151 1152
f 1088 1152 1025
f 1025 1152 1089
f 1089 1153 1090
f 1090 1153 1154
f 1090 1154 1091
f 1091 1154 1155
f 1091 1155 1092
f 1092 1155 1156
f 1092 1156 1093
f 1093 1156 1157
f 1093 1157 1094
f 1094 1157 1158
f 1094 1158 1095
f 1095 1158 1159
f 1095 1159 1096
f 1096 1159 1160
f 1096 1160 1097
f 1097 1160 1161
f 1097 1161 1098
f 1098 1161 1162
f 1098 1162 1099
f 1099 1162 1163
f 1099 1163 1100
f 1100 1163 1164
f 1100 1164 1101
f 1101 1164 1165
f 1101 1165 1102
f 1102 1165 1166
f 1102 1166 1103
f 1103 1166 1167
f 1103 1167 1104
f 1104 1167 1168
f 1104 1168 1105
f 1105 1168 1169
f 1105 1169 1106
f 1106 1169 1170
f 1106 1170 1107
f 1107 1170 1171
f 1107 1171 1108
f 1108 1171 1172
f 1108 1172 1109
f 1109 1172 1173
f 1109 1173 1110
f 1110 1173 1174
f 1110 1174 1111
f 1111 1174 1175
f 1111 1175 1112
f 1112 1175 1176
f 1112 1176 1113
f 1113 1176 1177
f 1113 1177 1114
f 1114 1177 1178
f 1114 1178 1115
f 1115 1178 1179
f 1115 1179 1116
f 1116 1179 1180
f 1116 1180 1117
f 1117 1180 1181
f 1117 1181 1118
f 1118 1181 1182
f 1118 1182 1119
f 1119 1182 1183
f 1119 1183 1120
f 1120 1183 1184
f 1120 1184 1121
f 1121 1184 1185
f 1121 1185 1122
f 1122 1185 1186
f 1122 1186 1123
f 1123 1186 1187
f 1123 1187 1124
f 1124 1187 1188
f 1124 1188 1125
f 1125 1188 1189
f 1125 1189 1126
f 1126 1189 1190
f 1126 1190 1127
f 1127 1190 1191
f 1127 1191 1128
f 1128 1191 1192
f 1128 1192 1129
f 1129 1192 1193
f 1129 1193 1130
f 1130 1193 1194
f 1130 1194 1131
f 1131 1194 1195
f 1131 1195 1132
f 1132 1195 1196
f 1132 1196 1133
f 1133 1196 1197
f 1133 1197 1134
f 1134 1197 1198
f 1134 1198 1135
f 1135 1198 1199
f 1135 1199 1136
f 1136 1199 1200
f 1136 1200 1137
f 1137 1200 1201
f 1137 1201 1138
f 1138 1201 1202
f 1138 1202 1139
f 1139 1202 1203
f 1139 1203 1140
f 1140 1203 1204
f 1140 1204 1141
f 1141 1204 1205
f 1141 1205 1142
f 1142 1205 1206
f 1142 1206 1143
f 1143 1206 1207
f 1143 1207 1144
f 1144 1207 1208
f 1144 1208 1145
f 1145 1208 1209
f 1145 1209 1146
f 1146 1209 1210
f 1146 1210 1147
f 1147 1210 1211
f 1147 1211 1148
f 1148 1211 1212
f 1148 1212 1149
f 1149 1212 1213
f 1149 1213 1150
f 1150 1213 1214
f 1150 1214 1151
f 1151 1214 1215
f 1151 1215 1152
f 1152 1215 1216
f 1152 1216 1089
f 1089 1216 1153
f 1153 1217 1154
f 1154 1217 1218
f 1154 1218 1155
f 1155 1218 1219
f 1155 1219 1156
f 1156 1219 1220
f 1156 1220 1157
f 1157 1220 1221
f 1157 1221 1158
f 1158 1221 1222
f 1158 1222 1159
f 1159 1222 1223
f 1159 1223 1160
f 1160 1223 1224
f 1160 1224 1161
f 1161 1224 1225
f 1161 1225 1162
f 1162 1225 1226
f 1162 1226 1163
f 1163 1226 1227
f 1163 1227 1164
f 1164 1227 1228
f 1164 1228 1165
f 1165 1228 1229
f 1165 1229 1166
f 1166 1229 1230
f 1166 1230 1167
f 1167 1230 1231
f 1167 1231 1168
f 1168 1231 1232
f 1168 1232 1169
f 1169 1232 1233
f 1169 1233 1170
f 1170 1233 1234
f 1170 1234 1171
f 1171 1234 1235
f 1171 1235 1172
f 1172 1235 1236
f 1172 1236 1173
f 1173 1236 1237
f 1173 1237 1174
f 1174 1237 1238
f 1174 1238 1175
f 1175 1238 1239
f 1175 1239 1176
f 1176 1239 1240
f 1176 1240 1177
f 1177 1240 1241
f 1177 1241 1178
f 1178 1241 1242
f 1178 1242 1179
f 1179 1242 1243
f 1179 1243 1180
f 1180 1243 1244
f 1180 1244 1181
f 1181 1244 1245
f 1181 1245 1182
f 1182 1245 1246
f 1182 1246 1183
f 1183 1246 1247
f 1183 1247 1184
f 1184 1247 1248
f 1184 1248 1185
f 1185 1248 1249
f 1185 1249 1186
f 1186 1249 1250
f 1186 1250 1187
f 1187 1250 1251
f 1187 1251 1188
f 1188 1251 1252
f 1188 1252 1189
f 1189 1252 1253
f 1189 1253 1190
f 1190 1253 1254
f 1190 1254 1191
f 1191 1254 1255
f 1191 1255 1192
f 1192 1255 1256
f 1192 1256 1193
f 1193 1256 1257
f 1193 1257 1194
f 1194 1257 1258
f 1194 1258 1195
f 1195 1258 1259
f 1195 1259 1196
f 1196 1259 1260
f 1196 1260 1197
f 1197 1260 1261
f 1197 1261 1198
f 1198 1261 1262
f 1198 1262 1199
f 1199 1262 1263
f 1199 1263 1200
f 1200 1263 1264
f 1200 1264 1201
f 1201 1264 1265
f 1201 1265 1202
f 1202 1265 1266
f 1202 1266 1203
f 1203 1266 1267
f 1203 1267 1204
f 1204 1267 1268
f 1204 1268 1205
f 1205 1268 1269
f 1205 1269 1206
f 1206 1269 1270
f 1206 1270 1207
f 1207 1270 1271
f 1207 1271 1208
f 1208 1271 1272
f 1208 1272 1209
f 1209 1272 1273
f 1209 1273 1210
f 1210 1273 1274
f 1210 1274 1211
f 1211 1274 1275
f 1211 1275 1212
f 1212 1275 1276
f 1212 1276 1213
f 1213 1276 1277
f 1213 1277 1214
f 1214 1277 1278
f 1214 1278 1215
f 1215 1278 1279
f 1215 1279 1216
f 1216 1279 1280
f 1216 1280 1153
f 1153 1280 1217
f 1217 1281 1218
f 1218 1281 1282
f 1218 1282 1219
f 1219 1282 1283
f 1219 1283 1220
f 1220 1283 1284
f 1220 1284 1221
f 1221 1284 1285
f 1221 1285 1222
f 1222 1285 1286
f 1222 1286 1223
f 1223 1286 1287
f 1223 1287 1224
f 1224 1287 1288
f 1224 1288 1225
f 1225 1288 1289
f 1225 1289 1226
f 1226 1289 1290
f 1226 1290 1227
f 1227 1290 1291
f 1227 1291 1228
f 1228 1291 1292
f 1228 1292 1229
f 1229 1292 1293
f 1229 1293 1230
f 1230 1293 1294
f 1230 1294 1231
f 1231 1294 1295
f 1231 1295 1232
f 1232 1295 1296
f 1232 1296 1233
f 1233 1296 1297
f 1233 1297 1234
f 1234 1297 1298
f 1234 1298 1235
f 1235 1298 1299
f 1235 1299 1236
f 1236 1299 1300
f 1236 1300 1237
f 1237 1300 1301
f 1237 1301 1238
f 1238 1301 1302
f 1238 1302 1239
f 1239 1302 1303
f 1239 1303 1240
f 1240 1303 1304
f 1240 1304 1241
f 1241 1304 1305
f 1241 1305 1242
f 1242 1305 1306
f 1242 1306 1243
f 1243 1306 1307
f 1243 1307 1244
f 1244 1307 1308
f 1244 1308 1245
f 1245 1308 1309
f 1245 1309 1246
f 1246 1309 1310
f 1246 1310 1247
f 1247 1310 1311
f 1247 1311 1248
f 1248 1311 1312
f 1248 1312 1249
f 1249 1312 1313
f 1249 1313 1250
f 1250 1313 1314
f 1250 1314 1251
f 1251 1314 1315
f 1251 1315 1252
f 1252 1315 1316
f 1252 1316 1253
f 1253 1316 1317
f 1253 1317 1254
f 1254 1317 1318
f 1254 1318 1255
f 1255 1318 1319
f 1255 1319 1256
f 1256 1319 1320
f 1256 1320 1257
f 1257 1320 1321
f 1257 1321 1258
f 1258 1321 1322
f 1258 1322 1259
f 1259 1322 1323
f 1259 1323 1260
f 1260 1323 1324
f 1260 1324 1261
f 1261 1324 1325
f 1261 1325 1262
f 1262 1325 1326
f 1262 1326 1263
f 1263 1326 1327
f 1263 1327 1264
f 1264 1327 1328
f 1264 1328 1265
f 1265 1328 1329
f 1265 1329 1266
f 1266 1329 1330
f 1266 1330 1267
f 1267 1330 1331
f 1267 1331 1268
f 1268 1331 1332
f 1268 1332 1269
f 1269 1332 1333
f 1269 1333 1270
f 1270 1333 1334
f 1270 1334 1271
f 1271 1334 1335
f 1271 1335 1272
f 1272 1335 1336
f 1272 1336 1273
f 1273 1336 1337
f 1273 1337 1274
f 1274 1337 1338
f 1274 1338 1275
f 1275 1338 1339
f 1275 1339 1276
f 1276 1339 1340
f 1276 1340 1277
f 1277 1340 1341
f 1277 1341 1278
f 1278 1341 1342
f 1278 1342 1279
f 1279 1342 1343
f 1279 1343 1280
f 1280 1343 1344
f 1280 1344 1217
f 1217 1344 1281
f 1281 1345 1282
f 1282 1345 1346
f 1282 1346 1283
f 1283 1346 1347
f 1283 1347 1284
f 1284 1347 1348
f 1284 1348 1285
f 1285 1348 1349
f 1285 1349 1286
f 1286 1349 1350
f 1286 1350 1287
f 1287 1350 1351
f 1287 1351 1288
f 1288 1351 1352
f 1288 1352 1289
f 1289 1352 1353
f 1289 1353 1290
f 1290 1353 1354
f 1290 1354 1291
f 1291 1354 1355
f 1291 1355 1292
f 1292 1355 1356
f 1292 1356 1293
f 1293 1356 1357
f 1293 1357 1294
f 1294 1357 1358
f 1294 1358 1295
f 1295 1358 1359
f 1295 1359 1296
f 1296 1359 1360
f 1296 1360 1297
f 1297 1360 1361
f 1297 1361 1298
f 1298 1361 1362
f 1298 1362 1299
f 1299 1362 1363
f 1299 1363 1300
f 1300 1363 1364
f 1300 1364 1301
f 1301 1364 1365
f 1301 1365 1302
f 1302 1365 1366
f 1302 1366 1303
f 1303 1366 1367
f 1303 1367 1304
f 1304 1367 1368
f 1304 1368 1305
f 1305 1368 1369
f 1305 1369 1306
f 1306 1369 1370
f 1306 1370 1307
f 1307 1370 1371
f 1307 1371 1308
f 1308 1371 1372
f 1308 1372 1309
f 1309 1372 1373
f 1309 1373 1310
f 1310 1373 1374
f 1310 1374 1311
f 1311 1374 1375
f 1311 1375 1312
f 1312 1375 1376
f 1312 1376 1313
f 1313 1376 1377
f 1313 1377 1314
f 1314 1377 1378
f 1314 1378 1315
f 1315 1378 1379
f 1315 1379 1316
f 1316 1379 1380
f 1316 1380 1317
f 1317 1380 1381
f 1317 1381 1318
f 1318 1381 1382
f 1318 1382 1319
f 1319 1382 1383
f 1319 1383 1320
f 1320 1383 1384
f 1320 1384 1321
f 1321 1384 1385
f 1321 1385 1322
f 1322 1385 1386
f 1322 1386 1323
f 1323 1386 1387
f 1323 1387 1324
f 1324 1387 1388
f 1324 1388 1325
f 1325 1388 1389
f 1325 1389 1326
f 1326 1389 1390
f 1326 1390 1327
f 1327 1390 1391
f 1327 1391 1328
f 1328 1391 1392
f 1328 1392 1329
f 1329 1392 1393
f 1329 1393 1330
f 1330 1393 1394
f 1330 1394 1331
f 1331 1394 1395
f 1331 1395 1332
f 1332 1395 1396
f 1332 1396 1333
f 1333 1396 1397
f 1333 1397 1334
f 1334 1397 1398
f 1334 1398 1335
f 1335 1398 1399
f 1335 1399 1336
f 1336 1399 1400
f 1336 1400 1337
f 1337 1400 1401
f 1337 1401 1338
f 1338 1401 1402
f 1338 1402 1339
f 1339 1402 1403
f 1339 1403 1340
f 1340 1403 1404
f 1340 1404 1341
f 1341 1404 1405
f 1341 1405 1342
f 1342 1405 1406
f 1342 1406 1343
f 1343 1406 1407
f 1343 1407 1344
f 1344 1407 1408
f 1344 1408 1281
f 1281 1408 1345
f 1345 1409 1346
f 1346 1409 1410
f 1346 1410 1347
f 1347 1410 1411
f 1347 1411 1348
f 1348 1411 1412
f 1348 1412 1349
f 1349 1412 1413
f 1349 1413 1350
f 1350 1413 1414
f 1350 1414 1351
f 1351 1414 1415
f 1351 1415 1352
f 1352 1415 1416
f 1352 1416 1353
f 1353 1416 1417
f 1353 1417 1354
f 1354 1417 1418
f 1354 1418 1355
f 1355 1418 1419
f 1355 1419 1356
f 1356 1419 1420
f 1356 1420 1357
f 1357 1420 1421
f 1357 1421 1358
f 1358 1421 1422
f 1358 1422 1359
f 1359 1422 1423
f 1359 1423 1360
f 1360 1423 1424
f 1360 1424 1361
f 1361 1424 1425
f 1361 1425 1362
f 1362 1425 1426
f 1362 1426 1363
f 1363 1426 1427
f 1363 1427 1364
f 1364 1427 1428
f 1364 1428 1365
f 1365 1428 1429
f 1365 1429 1366
f 1366 1429 1430
f 1366 1430 1367
f 1367 1430 1431
f 1367 1431 1368
f 1368 1431 1432
f 1368 1432 1369
f 1369 1432 1433
f 1369 1433 1370
f 1370 1433 1434
f 1370 1434 1371
f 1371 1434 1435
f 1371 1435 1372
f 1372 1435 1436
f 1372 1436 1373
f 1373 1436 1437
f 1373 1437 1374
f 1374 1437 1438
f 1374 1438 1375
f 1375 1438 1439
f 1375 1439 1376
f 1376 1439 1440
f 1376 1440 1377
f 1377 1440 1441
f 1377 1441 1378
f 1378 1441 1442
f 1378 1442 1379
f 1379 1442 1443
f 1379 1443 1380
f 1380 1443 1444
f 1380 1444 1381
f 1381 1444 1445
f 1381 1445 1382
f 1382 1445 1446
f 1382 1446 1383
f 1383 1446 1447
f 1383 1447 1384
f 1384 1447 1448
f 1384 1448 1385
f 1385 1448 1449
f 1385 1449 1386
f 1386 1449 1450
f 1386 1450 1387
f 1387 1450 1451
f 1387 1451 1388
f 1388 1451 1452
f 1388 1452 1389
f 1389 1452 1453
f 1389 1453 1390
f 1390 1453 1454
f 1390 1454 1391
f 1391 1454 1455
f 1391 1455 1392
f 1392 1455 1456
f 1392 1456 1393
f 1393 1456 1457
f 1393 1457 1394
f 1394 1457 1458
f 1394 1458 1395
f 1395 1458 1459
f 1395 1459 1396
f 1396 1459 1460
f 1396 1460 1397
f 1397 1460 1461
f 1397 1461 1398
f 1398 1461 1462
f 1398 1462 1399
f 1399 1462 1463
f 1399 1463 1400
f 1400 1463 1464
f 1400 1464 1401
f 1401 1464 1465
f 1401 1465 1402
f 1402 1465 1466
f 1402 1466 1403
f 1403 1466 1467
f 1403 1467 1404
f 1404 1467 1468
f 1404 1468 1405
f 1405 1468 1469
f 1405 1469 1406
f 1406 1469 1470
f 1406 1470 1407
f 1407 1470 1471
f 1407 1471 1408
f 1408 1471 1472
f 1408 1472 1345
f 1345 1472 1409
f 1409 1473 1410
f 1410 1473 1474
f 1410 1474 1411
f 1411 1474 1475
f 1411 1475 1412
f 1412 1475 1476
f 1412 1476 1413
f 1413 1476 1477
f 1413 1477 1414
f 1414 1477 1478
f 1414 1478 1415
f 1415 1478 1479
f 1415 1479 1416
f 1416 1479 1480
f 1416 1480 1417
f 1417 1480 1481
f 1417 1481 1418
f 1418 1481 1482
f 1418 1482 1419
f 1419 1482 1483
f 1419 1483 1420
f 1420 1483 1484
f 1420 1484 1421
f 1421 1484 1485
f 1421 1485 1422
f 1422 1485 1486
f 1422 1486 1423
f 1423 1486 1487
f 1423 1487 1424
f 1424 1487 1488
f 1424 1488 1425
f 1425 1488 1489
f 1425 1489 1426
f 1426 1489 1490
f 1426 1490 1427
f 1427 1490 1491
f 1427 1491 1428
f 1428 1491 1492
f 1428 1492 1429
f 1429 1492 1493
f 1429 1493 1430
f 1430 1493 1494
f 1430 1494 1431
f 1431 1494 1495
f 1431 1495 1432
f 1432 1495 1496
f 1432 1496 1433
f 1433 1496 1497
f 1433 1497 1434
f 1434 1497 1498
f 1434 1498 1435
f 1435 1498 1499
f 1435 1499 1436
f 1436 1499 1500
f 1436 1500 1437
f 1437 1500 1501
f 1437 1501 1438
f 1438 1501 1502
f 1438 1502 1439
f 1439 1502 1503
f 1439 1503 1440
f 1440 1503 1504
f 1440 1504 1441
f 1441 1504 1505
f 1441 1505 1442
f 1442 1505 1506
f 1442 1506 1443
f 1443 1506 1507
f 1443 1507 1444
f 1444 1507 1508
f 1444 1508 1445
f 1445 1508 1509
f 1445 1509 1446
f 1446 1509 1510
f 1446 1510 1447
f 1447 1510 1511
f 1447 1511 1448
f 1448 1511 1512
f 1448 1512 1449
f 1449 1512 1513
f 1449 1513 1450
f 1450 1513 1514
f 1450 1514 1451
f 1451 1514 1515
f 1451 1515 1452
f 1452 1515 1516
f 1452 1516 1453
f 1453 1516 1517
f 1453 1517 1454
f 1454 1517 1518
f 1454 1518 1455
f 1455 1518 1519
f 1455 1519 1456
f 1456 1519 1520
f 1456 1520 1457
f 1457 1520 1521
f 1457 1521 1458
f 1458 1521 1522
f 1458 1522 1459
f 1459 1522 1523
f 1459 1523 1460
f 1460 1523 1524
f 1460 1524 1461
f 1461 1524 1525
f 1461 1525 1462
f 1462 1525 1526
f 1462 1526 1463
f 1463 1526 1527
f 1463 1527 1464
f 1464 1527 1528
f 1464 1528 1465
f 1465 1528 1529
f 1465 1529 1466
f 1466 1529 1530
f 1466 1530 1467
f 1467 1530 1531
f 1467 1531 1468
f 1468 1531 1532
f 1468 1532 1469
f 1469 1532 1533
f 1469 1533 1470
f 1470 1533 1534
f 1470 1534 1471
f 1471 1534 1535
f 1471 1535 1472
f 1472 1535 1536
f 1472 1536 1409
f 1409 1536 1473
f 1473 1537 1474
f 1474 1537 1538
f 1474 1538 1475
f 1475 1538 1539
f 1475 1539 1476
f 1476 1539 1540
f 1476 1540 1477
f 1477 1540 1541
f 1477 1541 1478
f 1478 1541 1542
f 1478 1542 1479
f 1479 1542 1543
f 1479 1543 1480
f 1480 1543 1544
f 1480 1544 1481
f 1481 1544 1545
f 1481 1545 1482
f 1482 1545 1546
f 1482 1546 1483
f 1483 1546 1547
f 1483 1547 1484
f 1484 1547 1548
f 1484 1548 1485
f 1485 1548 1549
f 1485 1549 1486
f 1486 1549 1550
f 1486 1550 1487
f 1487 1550 1551
f 1487 1551 1488
f 1488 1551 1552
f 1488 1552 1489
f 1489 1552 1553
f 1489 1553 1490
f 1490 1553 1554
f 1490 1554 1491
f 1491 1554 1555
f 1491 1555 1492
f 1492 1555 1556
f 1492 1556 1493
f 1493 1556 1557
f 1493 1557 1494
f 1494 1557 1558
f 1494 1558 1495
f 1495 1558 1559
f 1495 1559 1496
f 1496 1559 1560
f 1496 1560 1497
f 1497 1560 1561
f 1497 1561 1498
f 1498 1561 1562
f 1498 1562 1499
f 1499 1562 1563
f 1499 1563 1500
f 1500 1563 1564
f 1500 1564 1501
f 1501 1564 1565
f 1501 1565 1502
f 1502 1565 1566
f 1502 1566 1503
f 1503 1566 1567
f 1503 1567 1504
f 1504 1567 1568
f 1504 1568 1505
f 1505 1568 1569
f 1505 1569 1506
f 1506 1569 1570
f 1506 1570 1507
f 1507 1570 1571
f 1507 1571 1508
f 1508 1571 1572
f 1508 1572 1509
f 1509 1572 1573
f 1509 1573 1510
f 1510 1573 1574
f 1510 1574 1511
f 1511 1574 1575
f 1511 1575 1512
f 1512 1575 1576
f 1512 1576 1513
f 1513 1576 1577
f 1513 1577 1514
f 1514 1577 1578
f 1514 1578 1515
f 1515 1578 1579
f 1515 1579 1516
f 1516 1579 1580
f 1516 1580 1517
f 1517 1580 1581
f 1517 1581 1518
f 1518 1581 1582
f 1518 1582 1519
f 1519 1582 1583
f 1519 1583 1520
f 1520 1583 1584
f 1520 1584 1521
f 1521 1584 1585
f 1521 1585 1522
f 1522 1585 1586
f 1522 1586 1523
f 1523 1586 1587
f 1523 1587 1524
f 1524 1587 1588
f 1524 1588 1525
f 1525 1588 1589
f 1525 1589 1526
f 1526 1589 1590
f 1526 1590 1527
f 1527 1590 1591
f 1527 1591 1528
f 1528 1591 1592
f 1528 1592 1529
f 1529 1592 1593
f 1529 1593 1530
f 1530 1593 1594
f 1530 1594 1531
f 1531 1594 1595
f 1531 1595 1532
f 1532 1595 1596
f 1532 1596 1533
f 1533 1596 1597
f 1533 1597 1534
f 1534 1597 1598
f 1534 1598 1535
f 1535 1598 1599
f 1535 1599 1536
f 1536 1599 1600
f 1536 1600 1473
f 1473 1600 1537
f 1537 1601 1538
f 1538 1601 1602
f 1538 1602 1539
f 1539 1602 1603
f 1539 1603 1540
f 1540 1603 1604
f 1540 1604 1541
f 1541 1604 1605
f 1541 1605 1542
f 1542 1605 1606
f 1542 1606 1543
f 1543 1606 1607
f 1543 1607 1544
f 1544 1607 1608
f 1544 1608 1545
f 1545 1608 1609
f 1545 1609 1546
f 1546 1609 1610
f 1546 1610 1547
f 1547 1610 1611
f 1547 1611 1548
f 1548 1611 1612
f 1548 1612 1549
f 1549 1612 1613
f 1549 1613 1550
f 1550 1613 1614
f 1550 1614 1551
f 1551 1614 1615
f 1551 1615 1552
f 1552 1615 1616
f 1552 1616 1553
f 1553 1616 1617
f 1553 1617 1554
f 1554 1617 1618
f 1554 1618 1555
f 1555 1618 1619
f 1555 1619 1556
f 1556 1619 1620
f 1556 1620 1557
f 1557 1620 1621
f 1557 1621 1558
f 1558 1621 1622
f 1558 1622 1559
f 1559 1622 1623
f 1559 1623 1560
f 1560 1623 1624
f 1560 1624 1561
f 1561 1624 1625
f 1561 1625 1562
f 1562 1625 1626
f 1562 1626 1563
f 1563 1626 1627
f 1563 1627 1564
f 1564 1627 1628
f 1564 1628 1565
f 1565 1628 1629
f 1565 1629 1566
f 1566 1629 1630
f 1566 1630 1567
f 1567 1630 1631
f 1567 1631 1568
f 1568 1631 1632
f 1568 1632 1569
f 1569 1632 1633
f 1569 1633 1570
f 1570 1633 1634
f 1570 1634 1571
f 1571 1634 1635
f 1571 1635 1572
f 1572 1635 1636
f 1572 1636 1573
f 1573 1636 1637
f 1573 1637 1574
f 1574 1637 1638
f 1574 1638 1575
f 1575 1638 1639
f 1575 1639 1576
f 1576 1639 1640
f 1576 1640 1577
f 1577 1640 1641
f 1577 1641 1578
f 1578 1641 1642
f 1578 1642 1579
f 1579 1642 1643
f 1579 1643 1580
f 1580 1643 1644
f 1580 1644 1581
f 1581 1644 1645
f 1581 1645 1582
f 1582 1645 1646
f 1582 1646 1583
f 1583 1646 1647
f 1583 1647 1584
f 1584 1647 1648
f 1584 1648 1585
f 1585 1648 1649
f 1585 1649 1586
f 1586 1649 1650
f 1586 1650 1587
f 1587 1650 1651
f 1587 1651 1588
f 1588 1651 1652
f 1588 1652 1589
f 1589 1652 1653
f 1589 1653 1590
f 1590 1653 1654
f 1590 1654 1591
f 1591 1654 1655
f 1591 1655 1592
f 1592 1655 1656
f 1592 1656 1593
f 1593 1656 1657
f 1593 1657 1594
f 1594 1657 1658
f 1594 1658 1595
f 1595 1658 1659
f 1595 1659 1596
f 1596 1659 1660
f 1596 1660 1597
f 1597 1660 1661
f 1597 1661 1598
f 1598 1661 1662
f 1598 1662 1599
f 1599 1662 1663
f 1599 1663 1600
f 1600 1663 1664
f 1600 1664 1537
f 1537 1664 1601
f 1601 1665 1602
f 1602 1665 1666
f 1602 1666 1603
f 1603 1666 1667
f 1603 1667 1604
f 1604 1667 1668
f 1604 1668 1605
f 1605 1668 1669
f 1605 1669 1606
f 1606 1669 1670
f 1606 1670 1607
f 1607 1670 1671
f 1607 1671 1608
f 1608 1671 1672
f 1608 1672 1609
f 1609 1672 1673
f 1609 1673 1610
f 1610 1673 1674
f 1610 1674 1611
f 1611 1674 1675
f 1611 1675 1612
f 1612 1675 1676
f 1612 1676 1613
f 1613 1676 1677
f 1613 1677 1614
f 1614 1677 1678
f 1614 1678 1615
f 1615 1678 1679
f 1615 1679 1616
f 1616 1679 1680
f 1616 1680 1617
f 1617 1680 1681
f 1617 1681 1618
f 1618 1681 1682
f 1618 1682 1619
f 1619 1682 1683
f 1619 1683 1620
f 1620 1683 1684
f 1620 1684 1621
f 1621 1684 1685
f 1621 1685 1622
f 1622 1685 1686
f 1622 1686 1623
f 1623 1686 1687
f 1623 1687 1624
f 1624 1687 1688
f 1624 1688 1625
f 1625 1688 1689
f 1625 1689 1626
f 1626 1689 1690
f 1626 1690 1627
f 1627 1690 1691
f 1627 1691 1628
f 1628 1691 1692
f 1628 1692 1629
f 1629 1692 1693
f 1629 1693 1630
f 1630 1693 1694
f 1630 1694 1631
f 1631 1694 1695
f 1631 1695 1632
f 1632 1695 1696
f 1632 1696 1633
f 1633 1696 1697
f 1633 1697 1634
f 1634 1697 1698
f 1634 1698 1635
f 1635 1698 1699
f 1635 1699 1636
f 1636 1699 1700
f 1636 1700 1637
f 1637 1700 1701
f 1637 1701 1638
f 1638 1701 1702
f 1638 1702 1639
f 1639 1702 1703
f 1639 1703 1640
f 1640 1703 1704
f 1640 1704 1641
f 1641 1704 1705
f 1641 1705 1642
f 1642 1705 1706
f 1642 1706 1643
f 1643 1706 1707
f 1643 1707 1644
f 1644 1707 1708
f 1644 1708 1645
f 1645 1708 1709
f 1645 1709 1646
f 1646 1709 1710
f 1646 1710 1647
f 1647 1710 1711
f 1647 1711 1648
f 1648 1711 1712
f 1648 1712 1649
f 1649 1712 1713
f 1649 1713 1650
f 1650 1713 1714
f 1650 1714 1651
f 1651 1714 1715
f 1651 1715 1652
f 1652 1715 1716
f 1652 1716 1653
f 1653 1716 1717
f 1653 1717 1654
f 1654 1717 1718
f 1654 1718 1655
f 1655 1718 1719
f 1655 1719 1656
f 1656 1719 1720
f 1656 1720 1657
f 1657 1720 1721
f 1657 1721 1658
f 1658 1721 1722
f 1658 1722 1659
f 1659 1722 1723
f 1659 1723 1660
f 1660 1723 1724
f 1660 1724 1661
f 1661 1724 1725
f 1661 1725 1662
f 1662 1725 1726
f 1662 1726 1663
f 1663 1726 1727
f 1663 1727 1664
f 1664 1727 1728
f 1664 1728 1601
f 1601 1728 1665
f 1665 1729 1666
f 1666 1729 1730
f 1666 1730 1667
f 1667 1730 1731
f 1667 1731 1668
f 1668 1731 1732
f 1668 1732 1669
f 1669 1732 1733
f 1669 1733 1670
f 1670 1733 1734
f 1670 1734 1671
f 1671 1734 1735
f 1671 1735 1672
f 1672 1735 1736
f 1672 1736 1673
f 1673 1736 1737
f 1673 1737 1674
f 1674 1737 1738
f 1674 1738 1675
f 1675 1738 1739
f 1675 1739 1676
f 1676 1739 1740
f 1676 1740 1677
f 1677 1740 1741
f 1677 1741 1678
f 1678 1741 1742
f 1678 1742 1679
f 1679 1742 1743
f 1679 1743 1680
f 1680 1743 1744
f 1680 1744 1681
f 1681 1744 1745
f 1681 1745 1682
f 1682 1745 1746
f 1682 1746 1683
f 1683 1746 1747
f 1683 1747 1684
f 1684 1747 1748
f 1684 1748 1685
f 1685 1748 1749
f 1685 1749 1686
f 1686 1749 1750
f 1686 1750 1687
f 1687 1750 1751
f 1687 1751 1688
f 1688 1751 1752
f 1688 1752 1689
f 1689 1752 1753
f 1689 1753 1690
f 1690 1753 1754
f 1690 1754 1691
f 1691 1754 1755
f 1691 1755 1692
f 1692 1755 1756
f 1692 1756 1693
f 1693 1756 1757
f 1693 1757 1694
f 1694 1757 1758
f 1694 1758 1695
f 1695 1758 1759
f 1695 1759 1696
f 1696 1759 1760
f 1696 1760 1697
f 1697 1760 1761
f 1697 1761 1698
f 1698 1761 1762
f 1698 1762 1699
f 1699 1762 1763
f 1699 1763 1700
f 1700 1763 1764
f 1700 1764 1701
f 1701 1764 1765
f 1701 1765 1702
f 1702 1765 1766
f 1702 1766 1703
f 1703 1766 1767
f 1703 1767 1704
f 1704 1767 1768
f 1704 1768 1705
f 1705 1768 1769
f 1705 1769 1706
f 1706 1769 1770
f 1706 1770 1707
f 1707 1770 1771
f 1707 1771 1708
f 1708 1771 1772
f 1708 1772 1709
f 1709 1772 1773
f 1709 1773 1710
f 1710 1773 1774
f 1710 1774 1711
f 1711 1774 1775
f 1711 1775 1712
f 1712 1775 1776
f 1712 1776 1713
f 1713 1776 1777
f 1713 1777 1714
f 1714 1777 1778
f 1714 1778 1715
f 1715 1778 1779
f 1715 1779 1716
f 1716 1779 1780
f 1716 1780 1717
f 1717 1780 1781
f 1717 1781 1718
f 1718 1781 1782
f 1718 1782 1719
f 1719 1782 1783
f 1719 1783 1720
f 1720 1783 1784
f 1720 1784 1721
f 1721 1784 1785
f 1721 1785 1722
f 1722 1785 1786
f 1722 1786 1723
f 1723 1786 1787
f 1723 1787 1724
f 1724 1787 1788
f 1724 1788 1725
f 1725 1788 1789
f 1725 1789 1726
f 1726 1789 1790
f 1726 1790 1727
f 1727 1790 1791
f 1727 1791 1728
f 1728 1791 1792
f 1728 1792 1665
f 1665 1792 1729
f 1729 1793 1730
f 1730 1793 1794
f 1730 1794 1731
f 1731 1794 1795
f 1731 1795 1732
f 1732 1795 1796
f 1732 1796 1733
f 1733 1796 1797
f 1733 1797 1734
f 1734 1797 1798
f 1734 1798 1735
f 1735 1798 1799
f 1735 1799 1736
f 1736 1799 1800
f 1736 1800 1737
f 1737 1800 1801
f 1737 1801 1738
f 1738 1801 1802
f 1738 1802 1739
f 1739 1802 1803
f 1739 1803 1740
f 1740 1803 1804
f 1740 1804 1741
f 1741 1804 1805
f 1741 1805 1742
f 1742 1805 1806
f 1742 1806 1743
f 1743 1806 1807
f 1743 1807 1744
f 1744 1807 1808
f 1744 1808 1745
f 1745 1808 1809
f 1745 1809 1746
f 1746 1809 1810
f 1746 1810 1747
f 1747 1810 1811
f 1747 1811 1748
f 1748 1811 1812
f 1748 1812 1749
f 1749 1812 1813
f 1749 1813 1750
f 1750 1813 1814
f 1750 1814 1751
f 1751 1814 1815
f 1751 1815 1752
f 1752 1815 1816
f 1752 1816 1753
f 1753 1816 1817
f 1753 1817 1754
f 1754 1817 1818
f 1754 1818 1755
f 1755 1818 1819
f 1755 1819 1756
f 1756 1819 1820
f 1756 1820 1757
f 1757 1820 1821
f 1757 1821 1758
f 1758 1821 1822
f 1758 1822 1759
f 1759 1822 1823
f 1759 1823 1760
f 1760 1823 1824
f 1760 1824 1761
f 1761 1824 1825
f 1761 1825 1762
f 1762 1825 1826
f 1762 1826 1763
f 1763 1826 1827
f 1763 1827 1764
f 1764 1827 1828
f 1764 1828 1765
f 1765 1828 1829
f 1765 1829 1766
f 1766 1829 1830
f 1766 1830 1767
f 1767 1830 1831
f 1767 1831 1768
f 1768 1831 1832
f 1768 1832 1769
f 1769 1832 1833
f 1769 1833 1770
f 1770 1833 1834
f 1770 1834 1771
f 1771 1834 1835
f 1771 1835 1772
f 1772 1835 1836
f 1772 1836 1773
f 1773 1836 1837
f 1773 1837 1774
f 1774 1837 1838
f 1774 1838 1775
f 1775 1838 1839
f 1775 1839 1776
f 1776 1839 1840
f 1776 1840 1777
f 1777 1840 1841
f 1777 1841 1778
f 1778 1841 1842
f 1778 1842 1779
f 1779 1842 1843
f 1779 1843 1780
f 1780 1843 1844
f 1780 1844 1781
f 1781 1844 1845
f 1781 1845 1782
f 1782 1845 1846
f 1782 1846 1783
f 1783 1846 1847
f 1783 1847 1784
f 1784 1847 1848
f 1784 1848 1785
f 1785 1848 1849
f 1785 1849 1786
f 1786 1849 1850
f 1786 1850 1787
f 1787 1850 1851
f 1787 1851 1788
f 1788 1851 1852
f 1788 1852 1789
f 1789 1852 1853
f 1789 1853 1790
f 1790 1853 1854
f 1790 1854 1791
f 1791 1854 1855
f 1791 1855 1792
f 1792 1855 1856
f 1792 1856 1729
f 1729 1856 1793
f 1793 1857 1794
f 1794 1857 1858
f 1794 1858 1795
f 1795 1858 1859
f 1795 1859 1796
f 1796 1859 1860
f 1796 1860 1797
f 1797 1860 1861
f 1797 1861 1798
f 1798 1861 1862
f 1798 1862 1799
f 1799 1862 1863
f 1799 1863 1800
f 1800 1863 1864
f 1800 1864 1801
f 1801 1864 1865
f 1801 1865 1802
f 1802 1865 1866
f 1802 1866 1803
f 1803 1866 1867
f 1803 1867 1804
f 1804 1867 1868
f 1804 1868 1805
f 1805 1868 1869
f 1805 1869 1806
f 1806 1869 1870
f 1806 1870 1807
f 1807 1870 1871
f 1807 1871 1808
f 1808 1871 1872
f 1808 1872 1809
f 1809 1872 1873
f 1809 1873 1810
f 1810 1873 1874
f 1810 1874 1811
f 1811 1874 1875
f 1811 1875 1812
f 1812 1875 1876
f 1812 1876 1813
f 1813 1876 1877
f 1813 1877 1814
f 1814 1877 1878
f 1814 1878 1815
f 1815 1878 1879
f 1815 1879 1816
f 1816 1879 1880
f 1816 1880 1817
f 1817 1880 1881
f 1817 1881 1818
f 1818 1881 1882
f 1818 1882 1819
f 1819 1882 1883
f 1819 1883 1820
f 1820 1883 1884
f 1820 1884 1821
f 1821 1884 1885
f 1821 1885 1822
f 1822 1885 1886
f 1822 1886 1823
f 1823 1886 1887
f 1823 1887 1824
f 1824 1887 1888
f 1824 1888 1825
f 1825 1888 1889
f 1825 1889 1826
f 1826 1889 1890
f 1826 1890 1827
f 1827 1890 1891
f 1827 1891 1828
f 1828 1891 1892
f 1828 1892 1829
f 1829 1892 1893
f 1829 1893 1830
f 1830 1893 1894
f 1830 1894 1831
f 1831 1894 1895
f 1831 1895 1832
f 1832 1895 1896
f 1832 1896 1833
f 1833 1896 1897
f 1833 1897 1834
f 1834 1897 1898
f 1834 1898 1835
f 1835 1898 1899
f 1835 1899 1836
f 1836 1899 1900
f 1836 1900 1837
f 1837 1900 1901
f 1837 1901 1838
f 1838 1901 1902
f 1838 1902 1839
f 1839 1902 1903
f 1839 1903 1840
f 1840 1903 1904
f 1840 1904 1841
f 1841 1904 1905
f 1841 1905 1842
f 1842 1905 1906
f 1842 1906 1843
f 1843 1906 1907
f 1843 1907 1844
f 1844 1907 1908
f 1844 1908 1845
f 1845 1908 1909
f 1845 1909 1846
f 1846 1909 1910
f 1846 1910 1847
f 1847 1910 1911
f 1847 1911 1848
f 1848 1911 1912
f 1848 1912 1849
f 1849 1912 1913
f 1849 1913 1850
f 1850 1913 1914
f 1850 1914 1851
f 1851 1914 1915
f 1851 1915 1852
f 1852 1915 1916
f 1852 1916 1853
f 1853 1916 1917
f 1853 1917 1854
f 1854 1917 1918
f 1854 1918 1855
f 1855 1918 1919
f 1855 1919 1856
f 1856 1919 1920
f 1856 1920 1793
f 1793 1920 1857
f 1857 1921 1858
f 1858 1921 1922
f 1858 1922 1859
f 1859 1922 1923
f 1859 1923 1860
f 1860 1923 1924
f 1860 1924 1861
f 1861 1924 1925
f 1861 1925 1862
f 1862 1925 1926
f 1862 1926 1863
f 1863 1926 1927
f 1863 1927 1864
f 1864 1927 1928
f 1864 1928 1865
f 1865 1928 1929
f 1865 1929 1866
f 1866 1929 1930
f 1866 1930 1867
f 1867 1930 1931
f 1867 1931 1868
f 1868 1931 1932
f 1868 1932 1869
f 1869 1932 1933
f 1869 1933 1870
f 1870 1933 1934
f 1870 1934 1871
f 1871 1934 1935
f 1871 1935 1872
f 1872 1935 1936
f 1872 1936 1873
f 1873 1936 1937
f 1873 1937 1874
f 1874 1937 1938
f 1874 1938 1875
f 1875 1938 1939
f 1875 1939 1876
f 1876 1939 1940
f 1876 1940 1877
f 1877 1940 1941
f 1877 1941 1878
f 1878 1941 1942
f 1878 1942 1879
f 1879 1942 1943
f 1879 1943 1880
f 1880 1943 1944
f 1880 1944 1881
f 1881 1944 1945
f 1881 1945 1882
f 1882 1945 1946
f 1882 1946 1883
f 1883 1946 1947
f 1883 1947 1884
f 1884 1947 1948
f 1884 1948 1885
f 1885 1948 1949
f 1885 1949 1886
f 1886 1949 1950
f 1886 1950 1887
f 1887 1950 1951
f 1887 1951 1888
f 1888 1951 1952
f 1888 1952 1889
f 1889 1952 1953
f 1889 1953 1890
f 1890 1953 1954
f 1890 1954 1891
f 1891 1954 1955
f 1891 1955 1892
f 1892 1955 1956
f 1892 1956 1893
f 1893 1956 1957
f 1893 1957 1894
f 1894 1957 1958
f 1894 1958 1895
f 1895 1958 1959
f 1895 1959 1896
f 1896 1959 1960
f 1896 1960 1897
f 1897 1960 1961
f 1897 1961 1898
f 1898 1961 1962
f 1898 1962 1899
f 1899 1962 1963
f 1899 1963 1900
f 1900 1963 1964
f 1900 1964 1901
f 1901 1964 1965
f 1901 1965 1902
f 1902 1965 1966
f 1902 1966 1903
f 1903 1966 1967
f 1903 1967 1904
f 1904 1967 1968
f 1904 1968 1905
f 1905 1968 1969
f 1905 1969 1906
f 1906 1969 1970
f 1906 1970 1907
f 1907 1970 1971
f 1907 1971 1908
f 1908 1971 1972
f 1908 1972 1909
f 1909 1972 1973
f 1909 1973 1910
f 1910 1973 1974
f 1910 1974 1911
f 1911 1974 1975
f 1911 1975 1912
f 1912 1975 1976
f 1912 1976 1913
f 1913 1976 1977
f 1913 1977 1914
f 1914 1977 1978
f 1914 1978 1915
f 1915 1978 1979
f 1915 1979 1916
f 1916 1979 1980
f 1916 1980 1917
f 1917 1980 1981
f 1917 1981 1918
f 1918 1981 1982
f 1918 1982 1919
f 1919 1982 1983
f 1919 1983 1920
f 1920 1983 1984
f 1920 1984 1857
f 1857 1984 1921
f 1921 1985 1922
f 1922 1985 1986
f 1922 1986 1923
f 1923 1986 1987
f 1923 1987 1924
f 1924 1987 1988
f 1924 1988 1925
f 1925 1988 1989
f 1925 1989 1926
f 1926 1989 1990
f 1926 1990 1927
f 1927 1990 1991
f 1927 1991 1928
f 1928 1991 1992
f 1928 1992 1929
f 1929 1992 1993
f 1929 1993 1930
f 1930 1993 1994
f 1930 1994 1931
f 1931 1994 1995
f 1931 1995 1932
f 1932 1995 1996
f 1932 1996 1933
f 1933 1996 1997
f 1933 1997 1934
f 1934 1997 1998
f 1934 1998 1935
f 1935 1998 1999
f 1935 1999 1936
f 1936 1999 2000
f 1936 2000 1937
f 1937 2000 2001
f 1937 2001 1938
f 1938 2001 2002
f 1938 2002 1939
f 1939 2002 2003
f 1939 2003 1940
f 1940 2003 2004
f 1940 2004 1941
f 1941 2004 2005
f 1941 2005 1942
f 1942 2005 2006
f 1942 2006 1943
f 1943 2006 2007
f 1943 2007 1944
f 1944 2007 2008
f 1944 2008 1945
f 1945 2008 2009
f 1945 2009 1946
f 1946 2009 2010
f 1946 2010 1947
f 1947 2010 2011
f 1947 2011 1948
f 1948 2011 2012
f 1948 2012 1949
f 1949 2012 2013
f 1949 2013 1950
f 1950 2013 2014
f 1950 2014 1951
f 1951 2014 2015
f 1951 2015 1952
f 1952 2015 2016
f 1952 2016 1953
f 1953 2016 2017
f 1953 2017 1954
f 1954 2017 2018
f 1954 2018 1955
f 1955 2018 2019
f 1955 2019 1956
f 1956 2019 2020
f 1956 2020 1957
f 1957 2020 2021
f 1957 2021 1958
f 1958 2021 2022
f 1958 2022 1959
f 1959 2022 2023
f 1959 2023 1960
f 1960 2023 2024
f 1960 2024 1961
f 1961 2024 2025
f 1961 2025 1962
f 1962 2025 2026
f 1962 2026 1963
f 1963 2026 2027
f 1963 2027 1964
f 1964 2027 2028
f 1964 2028 1965
f 1965 2028 2029
f 1965 2029 1966
f 1966 2029 2030
f 1966 2030 1967
f 1967 2030 2031
f 1967 2031 1968
f 1968 2031 2032
f 1968 2032 1969
f 1969 2032 2033
f 1969 2033 1970
f 1970 2033 2034
f 1970 2034 1971
f 1971 2034 2035
f 1971 2035 1972
f 1972 2035 2036
f 1972 2036 1973
f 1973 2036 2037
f 1973 2037 1974
f 1974 2037 2038
f 1974 2038 1975
f 1975 2038 2039
f 1975 2039 1976
f 1976 2039 2040
f 1976 2040 1977
f 1977 2040 2041
f 1977 2041 1978
f 1978 2041 2042
f 1978 2042 1979
f 1979 2042 2043
f 1979 2043 1980
f 1980 2043 2044
f 1980 2044 1981
f 1981 2044 2045
f 1981 2045 1982
f 1982 2045 2046
f 1982 2046 1983
f 1983 2046 2047
f 1983 2047 1984
f 1984 2047 2048
f 1984 2048 1921
f 1921 2048 1985
f 1985 2049 1986
f 1986 2049 2050
f 1986 2050 1987
f 1987 2050 2051
f 1987 2051 1988
f 1988 2051 2052
f 1988 2052 1989
f 1989 2052 2053
f 1989 2053 1990
f 1990 2053 2054
f 1990 2054 1991
f 1991 2054 2055
f 1991 2055 1992
f 1992 2055 2056
f 1992 2056 1993
f 1993 2056 2057
f 1993 2057 1994
f 1994 2057 2058
f 1994 2058 1995
f 1995 2058 2059
f 1995 2059 1996
f 1996 2059 2060
f 1996 2060 1997
f 1997 2060 2061
f 1997 2061 1998
f 1998 2061 2062
f 1998 2062 1999
f 1999 2062 2063
f 1999 2063 2000
f 2000 2063 2064
f 2000 2064 2001
f 2001 2064 2065
f 2001 2065 2002
f 2002 2065 2066
f 2002 2066 2003
f 2003 2066 2067
f 2003 2067 2004
f 2004 2067 2068
f 2004 2068 2005
f 2005 2068 2069
f 2005 2069 2006
f 2006 2069 2070
f 2006 2070 2007
f 2007 2070 2071
f 2007 2071 2008
f 2008 2071 2072
f 2008 2072 2009
f 2009 2072 2073
f 2009 2073 2010
f 2010 2073 2074
f 2010 2074 2011
f 2011 2074 2075
f 2011 2075 2012
f 2012 2075 2076
f 2012 2076 2013
f 2013 2076 2077
f 2013 2077 2014
f 2014 2077 2078
f 2014 2078 2015
f 2015 2078 2079
f 2015 2079 2016
f 2016 2079 2080
f 2016 2080 2017
f 2017 2080 2081
f 2017 2081 2018
f 2018 2081 2082
f 2018 2082 2019
f 2019 2082 2083
f 2019 2083 2020
f 2020 2083 2084
f 2020 2084 2021
f 2021 2084 2085
f 2021 2085 2022
f 2022 2085 2086
f 2022 2086 2023
f 2023 2086 2087
f 2023 2087 2024
f 2024 2087 2088
f 2024 2088 2025
f 2025 2088 2089
f 2025 2089 2026
f 2026 2089 2090
f 2026 2090 2027
f 2027 2090 2091
f 2027 2091 2028
f 2028 2091 2092
f 2028 2092 2029
f 2029 2092 2093
f 2029 2093 2030
f 2030 2093 2094
f 2030 2094 2031
f 2031 2094 2095
f 2031 2095 2032
f 2032 2095 2096
f 2032 2096 2033
f 2033 2096 2097
f 2033 2097 2034
f 2034 2097 2098
f 2034 2098 2035
f 2035 2098 2099
f 2035 2099 2036
f 2036 2099 2100
f 2036 2100 2037
f 2037 2100 2101
f 2037 2101 2038
f 2038 2101 2102
f 2038 2102 2039
f 2039 2102 2103
f 2039 2103 2040
f 2040 2103 2104
f 2040 2104 2041
f 2041 2104 2105
f 2041 2105 2042
f 2042 2105 2106
f 2042 2106 2043
f 2043 2106 2107
f 2043 2107 2044
f 2044 2107 2108
f 2044 2108 2045
f 2045 2108 2109
f 2045 2109 2046
f 2046 2109 2110
f 2046 2110 2047
f 2047 2110 2111
f 2047 2111 2048
f 2048 2111 2112
f 2048 2112 1985
f 1985 2112 2049
f 2049 2113 2050
f 2050 2113 2114
f 2050 2114 2051
f 2051 2114 2115
f 2051 2115 2052
f 2052 2115 2116
f 2052 2116 2053
f 2053 2116 2117
f 2053 2117 2054
f 2054 2117 2118
f 2054 2118 2055
f 2055 2118 2119
f 2055 2119 2056
f 2056 2119 2120
f 2056 2120 2057
f 2057 2120 2121
f 2057 2121 2058
f 2058 2121 2122
f 2058 2122 2059
f 2059 2122 2123
f 2059 2123 2060
f 2060 2123 2124
f 2060 2124 2061
f 2061 2124 2125
f 2061 2125 2062
f 2062 2125 2126
f 2062 2126 2063
f 2063 2126 2127
f 2063 2127 2064
f 2064 2127 2128
f 2064 2128 2065
f 2065 2128 2129
f 2065 2129 2066
f 2066 2129 2130
f 2066 2130 2067
f 2067 2130 2131
f 2067 2131 2068
f 2068 2131 2132
f 2068 2132 2069
f 2069 2132 2133
f 2069 2133 2070
f 2070 2133 2134
f 2070 2134 2071
f 2071 2134 2135
f 2071 2135 2072
f 2072 2135 2136
f 2072 2136 2073
f 2073 2136 2137
f 2073 2137 2074
f 2074 2137 2138
f 2074 2138 2075
f 2075 2138 2139
f 2075 2139 2076
f 2076 2139 2140
f 2076 2140 2077
f 2077 2140 2141
f 2077 2141 2078
f 2078 2141 2142
f 2078 2142 2079
f 2079 2142 2143
f 2079 2143 2080
f 2080 2143 2144
f 2080 2144 2081
f 2081 2144 2145
f 2081 2145 2082
f 2082 2145 2146
f 2082 2146 2083
f 2083 2146 2147
f 2083 2147 2084
f 2084 2147 2148
f 2084 2148 2085
f 2085 2148 2149
f 2085 2149 2086
f 2086 2149 2150
f 2086 2150 2087
f 2087 2150 2151
f 2087 2151 2088
f 2088 2151 2152
f 2088 2152 2089
f 2089 2152 2153
f 2089 2153 2090
f 2090 2153 2154
f 2090 2154 2091
f 2091 2154 2155
f 2091 2155 2092
f 2092 2155 2156
f 2092 2156 2093
f 2093 2156 2157
f 2093 2157 2094
f 2094 2157 2158
f 2094 2158 2095
f 2095 2158 2159
f 2095 2159 2096
f 2096 2159 2160
f 2096 2160 2097
f 2097 2160 2161
f 2097 2161 2098
f 2098 2161 2162
f 2098 2162 2099
f 2099 2162 2163
f 2099 2163 2100
f 2100 2163 2164
f 2100 2164 2101
f 2101 2164 2165
f 2101 2165 2102
f 2102 2165 2166
f 2102 2166 2103
f 2103 2166 2167
f 2103 2167 2104
f 2104 2167 2168
f 2104 2168 2105
f 2105 2168 2169
f 2105 2169 2106
f 2106 2169 2170
f 2106 2170 2107
f 2107 2170 2171
f 2107 2171 2108
f 2108 2171 2172
f 2108 2172 2109
f 2109 2172 2173
f 2109 2173 2110
f 2110 2173 2174
f 2110 2174 2111
f 2111 2174 2175
f 2111 2175 2112
f 2112 2175 2176
f 2112 2176 2049
f 2049 2176 2113
f 2113 2177 2114
f 2114 2177 2178
f 2114 2178 2115
f 2115 2178 2179
f 2115 2179 2116
f 2116 2179 2180
f 2116 2180 2117
f 2117 2180 2181
f 2117 2181 2118
f 2118 2181 2182
f 2118 2182 2119
f 2119 2182 2183
f 2119 2183 2120
f 2120 2183 2184
f 2120 2184 2121
f 2121 2184 2185
f 2121 2185 2122
f 2122 2185 2186
f 2122 2186 2123
f 2123 2186 2187
f 2123 2187 2124
f 2124 2187 2188
f 2124 2188 2125
f 2125 2188 2189
f 2125 2189 2126
f 2126 2189 2190
f 2126 2190 2127
f 2127 2190 2191
f 2127 2191 2128
f 2128 2191 2192
f 2128 2192 2129
f 2129 2192 2193
f 2129 2193 2130
f 2130 2193 2194
f 2130 2194 2131
f 2131 2194 2195
f 2131 2195 2132
f 2132 2195 2196
f 2132 2196 2133
f 2133 2196 2197
f 2133 2197 2134
f 2134 2197 2198
f 2134 2198 2135
f 2135 2198 2199
f 2135 2199 2136
f 2136 2199 2200
f 2136 2200 2137
f 2137 2200 2201
f 2137 2201 2138
f 2138 2201 2202
f 2138 2202 2139
f 2139 2202 2203
f 2139 2203 2140
f 2140 2203 2204
f 2140 2204 2141
f 2141 2204 2205
f 2141 2205 2142
f 2142 2205 2206
f 2142 2206 2143
f 2143 2206 2207
f 2143 2207 2144
f 2144 2207 2208
f 2144 2208 2145
f 2145 2208 2209
f 2145 2209 2146
f 2146 2209 2210
f 2146 2210 2147
f 2147 2210 2211
f 2147 2211 2148
f 2148 2211 2212
f 2148 2212 2149
f 2149 2212 2213
f 2149 2213 2150
f 2150 2213 2214
f 2150 2214 2151
f 2151 2214 2215
f 2151 2215 2152
f 2152 2215 2216
f 2152 2216 2153
f 2153 2216 2217
f 2153 2217 2154
f 2154 2217 2218
f 2154 2218 2155
f 2155 2218 2219
f 2155 2219 2156
f 2156 2219 2220
f 2156 2220 2157
f 2157 2220 2221
f 2157 2221 2158
f 2158 2221 2222
f 2158 2222 2159
f 2159 2222 2223
f 2159 2223 2160
f 2160 2223 2224
f 2160 2224 2161
f 2161 2224 2225
f 2161 2225 2162
f 2162 2225 2226
f 2162 2226 2163
f 2163 2226 2227
f 2163 2227 2164
f 2164 2227 2228
f 2164 2228 2165
f 2165 2228 2229
f 2165 2229 2166
f 2166 2229 2230
f 2166 2230 2167
f 2167 2230 2231
f 2167 2231 2168
f 2168 2231 2232
f 2168 2232 2169
f 2169 2232 2233
f 2169 2233 2170
f 2170 2233 2234
f 2170 2234 2171
f 2171 2234 2235
f 2171 2235 2172
f 2172 2235 2236
f 2172 2236 2173
f 2173 2236 2237
f 2173 2237 2174
f 2174 2237 2238
f 2174 2238 2175
f 2175 2238 2239
f 2175 2239 2176
f 2176 2239 2240
f 2176 2240 2113
f 2113 2240 2177
f 2177 2241 2178
f 2178 2241 2242
f 2178 2242 2179
f 2179 2242 2243
f 2179 2243 2180
f 2180 2243 2244
f 2180 2244 2181
f 2181 2244 2245
f 2181 2245 2182
f 2182 2245 2246
f 2182 2246 2183
f 2183 2246 2247
f 2183 2247 2184
f 2184 2247 2248
f 2184 2248 2185
f 2185 2248 2249
f 2185 2249 2186
f 2186 2249 2250
f 2186 2250 2187
f 2187 2250 2251
f 2187 2251 2188
f 2188 2251 2252
f 2188 2252 2189
f 2189 2252 2253
f 2189 2253 2190
f 2190 2253 2254
f 2190 2254 2191
f 2191 2254 2255
f 2191 2255 2192
f 2192 2255 2256
f 2192 2256 2193
f 2193 2256 2257
f 2193 2257 2194
f 2194 2257 2258
f 2194 2258 2195
f 2195 2258 2259
f 2195 2259 2196
f 2196 2259 2260
f 2196 2260 2197
f 2197 2260 2261
f 2197 2261 2198
f 2198 2261 2262
f 2198 2262 2199
f 2199 2262 2263
f 2199 2263 2200
f 2200 2263 2264
f 2200 2264 2201
f 2201 2264 2265
f 2201 2265 2202
f 2202 2265 2266
f 2202 2266 2203
f 2203 2266 2267
f 2203 2267 2204
f 2204 2267 2268
f 2204 2268 2205
f 2205 2268 2269
f 2205 2269 2206
f 2206 2269 2270
f 2206 2270 2207
f 2207 2270 2271
f 2207 2271 2208
f 2208 2271 2272
f 2208 2272 2209
f 2209 2272 2273
f 2209 2273 2210
f 2210 2273 2274
f 2210 2274 2211
f 2211 2274 2275
f 2211 2275 2212
f 2212 2275 2276
f 2212 2276 2213
f 2213 2276 2277
f 2213 2277 2214
f 2214 2277 2278
f 2214 2278 2215
f 2215 2278 2279
f 2215 2279 2216
f 2216 2279 2280
f 2216 2280 2217
f 2217 2280 2281
f 2217 2281 2218
f 2218 2281 2282
f 2218 2282 2219
f 2219 2282 2283
f 2219 2283 2220
f 2220 2283 2284
f 2220 2284 2221
f 2221 2284 2285
f 2221 2285 2222
f 2222 2285 2286
f 2222 2286 2223
f 2223 2286 2287
f 2223 2287 2224
f 2224 2287 2288
f 2224 2288 2225
f 2225 2288 2289
f 2225 2289 2226
f 2226 2289 2290
f 2226 2290 2227
f 2227 2290 2291
f 2227 2291 2228
f 2228 2291 2292
f 2228 2292 2229
f 2229 2292 2293
f 2229 2293 2230
f 2230 2293 2294
f 2230 2294 2231
f 2231 2294 2295
f 2231 2295 2232
f 2232 2295 2296
f 2232 2296 2233
f 2233 2296 2297
f 2233 2297 2234
f 2234 2297 2298
f 2234 2298 2235
f 2235 2298 2299
f 2235 2299 2236
f 2236 2299 2300
f 2236 2300 2237
f 2237 2300 2301
f 2237 2301 2238
f 2238 2301 2302
f 2238 2302 2239
f 2239 2302 2303
f 2239 2303 2240
f 2240 2303 2304
f 2240 2304 2177
f 2177 2304 2241
f 2241 2305 2242
f 2242 2305 2306
f 2242 2306 2243
f 2243 2306 2307
f 2243 2307 2244
f 2244 2307 2308
f 2244 2308 2245
f 2245 2308 2309
f 2245 2309 2246
f 2246 2309 2310
f 2246 2310 2247
f 2247 2310 2311
f 2247 2311 2248
f 2248 2311 2312
f 2248 2312 2249
f 2249 2312 2313
f 2249 2313 2250
f 2250 2313 2314
f 2250 2314 2251
f 2251 2314 2315
f 2251 2315 2252
f 2252 2315 2316
f 2252 2316 2253
f 2253 2316 2317
f 2253 2317 2254
f 2254 2317 2318
f 2254 2318 2255
f 2255 2318 2319
f 2255 2319 2256
f 2256 2319 2320
f 2256 2320 2257
f 2257 2320 2321
f 2257 2321 2258
f 2258 2321 2322
f 2258 2322 2259
f 2259 2322 2323
f 2259 2323 2260
f 2260 2323 2324
f 2260 2324 2261
f 2261 2324 2325
f 2261 2325 2262
f 2262 2325 2326
f 2262 2326 2263
f 2263 2326 2327
f 2263 2327 2264
f 2264 2327 2328
f 2264 2328 2265
f 2265 2328 2329
f 2265 2329 2266
f 2266 2329 2330
f 2266 2330 2267
f 2267 2330 2331
f 2267 2331 2268
f 2268 2331 2332
f 2268 2332 2269
f 2269 2332 2333
f 2269 2333 2270
f 2270 2333 2334
f 2270 2334 2271
f 2271 2334 2335
f 2271 2335 2272
f 2272 2335 2336
f 2272 2336 2273
f 2273 2336 2337
f 2273 2337 2274
f 2274 2337 2338
f 2274 2338 2275
f 2275 2338 2339
f 2275 2339 2276
f 2276 2339 2340
f 2276 2340 2277
f 2277 2340 2341
f 2277 2341 2278
f 2278 2341 2342
f 2278 2342 2279
f 2279 2342 2343
f 2279 2343 2280
f 2280 2343 2344
f 2280 2344 2281
f 2281 2344 2345
f 2281 2345 2282
f 2282 2345 2346
f 2282 2346 2283
f 2283 2346 2347
f 2283 2347 2284
f 2284 2347 2348
f 2284 2348 2285
f 2285 2348 2349
f 2285 2349 2286
f 2286 2349 2350
f 2286 2350 2287
f 2287 2350 2351
f 2287 2351 2288
f 2288 2351 2352
f 2288 2352 2289
f 2289 2352 2353
f 2289 2353 2290
f 2290 2353 2354
f 2290 2354 2291
f 2291 2354 2355
f 2291 2355 2292
f 2292 2355 2356
f 2292 2356 2293
f 2293 2356 2357
f 2293 2357 2294
f 2294 2357 2358
f 2294 2358 2295
f 2295 2358 2359
f 2295 2359 2296
f 2296 2359 2360
f 2296 2360 2297
f 2297 2360 2361
f 2297 2361 2298
f 2298 2361 2362
f 2298 2362 2299
f 2299 2362 2363
f 2299 2363 2300
f 2300 2363 2364
f 2300 2364 2301
f 2301 2364 2365
f 2301 2365 2302
f 2302 2365 2366
f 2302 2366 2303
f 2303 2366 2367
f 2303 2367 2304
f 2304 2367 2368
f 2304 2368 2241
f 2241 2368 2305
f 2305 2369 2306
f 2306 2369 2370
f 2306 2370 2307
f 2307 2370 2371
f 2307 2371 2308
f 2308 2371 2372
f 2308 2372 2309
f 2309 2372 2373
f 2309 2373 2310
f 2310 2373 2374
f 2310 2374 2311
f 2311 2374 2375
f 2311 2375 2312
f 2312 2375 2376
f 2312 2376 2313
f 2313 2376 2377
f 2313 2377 2314
f 2314 2377 2378
f 2314 2378 2315
f 2315 2378 2379
f 2315 2379 2316
f 2316 2379 2380
f 2316 2380 2317
f 2317 2380 2381
f 2317 2381 2318
f 2318 2381 2382
f 2318 2382 2319
f 2319 2382 2383
f 2319 2383 2320
f 2320 2383 2384
f 2320 2384 2321
f 2321 2384 2385
f 2321 2385 2322
f 2322 2385 2386
f 2322 2386 2323
f 2323 2386 2387
f 2323 2387 2324
f 2324 2387 2388
f 2324 2388 2325
f 2325 2388 2389
f 2325 2389 2326
f 2326 2389 2390
f 2326 2390 2327
f 2327 2390 2391
f 2327 2391 2328
f 2328 2391 2392
f 2328 2392 2329
f 2329 2392 2393
f 2329 2393 2330
f 2330 2393 2394
f 2330 2394 2331
f 2331 2394 2395
f 2331 2395 2332
f 2332 2395 2396
f 2332 2396 2333
f 2333 2396 2397
f 2333 2397 2334
f 2334 2397 2398
f 2334 2398 2335
f 2335 2398 2399
f 2335 2399 2336
f 2336 2399 2400
f 2336 2400 2337
f 2337 2400 2401
f 2337 2401 2338
f 2338 2401 2402
f 2338 2402 2339
f 2339 2402 2403
f 2339 2403 2340
f 2340 2403 2404
f 2340 2404 2341
f 2341 2404 2405
f 2341 2405 2342
f 2342 2405 2406
f 2342 2406 2343
f 2343 2406 2407
f 2343 2407 2344
f 2344 2407 2408
f 2344 2408 2345
f 2345 2408 2409
f 2345 2409 2346
f 2346 2409 2410
f 2346 2410 2347
f 2347 2410 2411
f 2347 2411 2348
f 2348 2411 2412
f 2348 2412 2349
f 2349 2412 2413
f 2349 2413 2350
f 2350 2413 2414
f 2350 2414 2351
f 2351 2414 2415
f 2351 2415 2352
f 2352 2415 2416
f 2352 2416 2353
f 2353 2416 2417
f 2353 2417 2354
f 2354 2417 2418
f 2354 2418 2355
f 2355 2418 2419
f 2355 2419 2356
f 2356 2419 2420
f 2356 2420 2357
f 2357 2420 2421
f 2357 2421 2358
f 2358 2421 2422
f 2358 2422 2359
f 2359 2422 2423
f 2359 2423 2360
f 2360 2423 2424
f 2360 2424 2361
f 2361 2424 2425
f 2361 2425 2362
f 2362 2425 2426
f 2362 2426 2363
f 2363 2426 2427
f 2363 2427 2364
f 2364 2427 2428
f 2364 2428 2365
f 2365 2428 2429
f 2365 2429 2366
f 2366 2429 2430
f 2366 2430 2367
f 2367 2430 2431
f 2367 2431 2368
f 2368 2431 2432
f 2368 2432 2305
f 2305 2432 2369
f 2369 2433 2370
f 2370 2433 2434
f 2370 2434 2371
f 2371 2434 2435
f 2371 2435 2372
f 2372 2435 2436
f 2372 2436 2373
f 2373 2436 2437
f 2373 2437 2374
f 2374 2437 2438
f 2374 2438 2375
f 2375 2438 2439
f 2375 2439 2376
f 2376 2439 2440
f 2376 2440 2377
f 2377 2440 2441
f 2377 2441 2378
f 2378 2441 2442
f 2378 2442 2379
f 2379 2442 2443
f 2379 2443 2380
f 2380 2443 2444
f 2380 2444 2381
f 2381 2444 2445
f 2381 2445 2382
f 2382 2445 2446
f 2382 2446 2383
f 2383 2446 2447
f 2383 2447 2384
f 2384 2447 2448
f 2384 2448 2385
f 2385 2448 2449
f 2385 2449 2386
f 2386 2449 2450
f 2386 2450 2387
f 2387 2450 2451
f 2387 2451 2388
f 2388 2451 2452
f 2388 2452 2389
f 2389 2452 2453
f 2389 2453 2390
f 2390 2453 2454
f 2390 2454 2391
f 2391 2454 2455
f 2391 2455 2392
f 2392 2455 2456
f 2392 2456 2393
f 2393 2456 2457
f 2393 2457 2394
f 2394 2457 2458
f 2394 2458 2395
f 2395 2458 2459
f 2395 2459 2396
f 2396 2459 2460
f 2396 2460 2397
f 2397 2460 2461
f 2397 2461 2398
f 2398 2461 2462
f 2398 2462 2399
f 2399 2462 2463
f 2399 2463 2400
f 2400 2463 2464
f 2400 2464 2401
f 2401 2464 2465
f 2401 2465 2402
f 2402 2465 2466
f 2402 2466 2403
f 2403 2466 2467
f 2403 2467 2404
f 2404 2467 2468
f 2404 2468 2405
f 2405 2468 2469
f 2405 2469 2406
f 2406 2469 2470
f 2406 2470 2407
f 2407 2470 2471
f 2407 2471 2408
f 2408 2471 2472
f 2408 2472 2409
f 2409 2472 2473
f 2409 2473 2410
f 2410 2473 2474
f 2410 2474 2411
f 2411 2474 2475
f 2411 2475 2412
f 2412 2475 2476
f 2412 2476 2413
f 2413 2476 2477
f 2413 2477 2414
f 2414 2477 2478
f 2414 2478 2415
f 2415 2478 2479
f 2415 2479 2416
f 2416 2479 2480
f 2416 2480 2417
f 2417 2480 2481
f 2417 2481 2418
f 2418 2481 2482
f 2418 2482 2419
f 2419 2482 2483
f 2419 2483 2420
f 2420 2483 2484
f 2420 2484 2421
f 2421 2484 2485
f 2421 2485 2422
f 2422 2485 2486
f 2422 2486 2423
f 2423 2486 2487
f 2423 2487 2424
f 2424 2487 2488
f 2424 2488 2425
f 2425 2488 2489
f 2425 2489 2426
f 2426 2489 2490
f 2426 2490 2427
f 2427 2490 2491
f 2427 2491 2428
f 2428 2491 2492
f 2428 2492 2429
f 2429 2492 2493
f 2429 2493 2430
f 2430 2493 2494
f 2430 2494 2431
f 2431 2494 2495
f 2431 2495 2432
f 2432 2495 2496
f 2432 2496 2369
f 2369 2496 2433
f 2433 2497 2434
f 2434 2497 2498
f 2434 2498 2435
f 2435 2498 2499
f 2435 2499 2436
f 2436 2499 2500
f 2436 2500 2437
f 2437 2500 2501
f 2437 2501 2438
f 2438 2501 2502
f 2438 2502 2439
f 2439 2502 2503
f 2439 2503 2440
f 2440 2503 2504
f 2440 2504 2441
f 2441 2504 2505
f 2441 2505 2442
f 2442 2505 2506
f 2442 2506 2443
f 2443 2506 2507
f 2443 2507 2444
f 2444 2507 2508
f 2444 2508 2445
f 2445 2508 2509
f 2445 2509 2446
f 2446 2509 2510
f 2446 2510 2447
f 2447 2510 2511
f 2447 2511 2448
f 2448 2511 2512
f 2448 2512 2449
f 2449 2512 2513
f 2449 2513 2450
f 2450 2513 2514
f 2450 2514 2451
f 2451 2514 2515
f 2451 2515 2452
f 2452 2515 2516
f 2452 2516 2453
f 2453 2516 2517
f 2453 2517 2454
f 2454 2517 2518
f 2454 2518 2455
f 2455 2518 2519
f 2455 2519 2456
f 2456 2519 2520
f 2456 2520 2457
f 2457 2520 2521
f 2457 2521 2458
f 2458 2521 2522
f 2458 2522 2459
f 2459 2522 2523
f 2459 2523 2460
f 2460 2523 2524
f 2460 2524 2461
f 2461 2524 2525
f 2461 2525 2462
f 2462 2525 2526
f 2462 2526 2463
f 2463 2526 2527
f 2463 2527 2464
f 2464 2527 2528
f 2464 2528 2465
f 2465 2528 2529
f 2465 2529 2466
f 2466 2529 2530
f 2466 2530 2467
f 2467 2530 2531
f 2467 2531 2468
f 2468 2531 2532
f 2468 2532 2469
f 2469 2532 2533
f 2469 2533 2470
f 2470 2533 2534
f 2470 2534 2471
f 2471 2534 2535
f 2471 2535 2472
f 2472 2535 2536
f 2472 2536 2473
f 2473 2536 2537
f 2473 2537 2474
f 2474 2537 2538
f 2474 2538 2475
f 2475 2538 2539
f 2475 2539 2476
f 2476 2539 2540
f 2476 2540 2477
f 2477 2540 2541
f 2477 2541 2478
f 2478 2541 2542
f 2478 2542 2479
f 2479 2542 2543
f 2479 2543 2480
f 2480 2543 2544
f 2480 2544 2481
f 2481 2544 2545
f 2481 2545 2482
f 2482 2545 2546
f 2482 2546 2483
f 2483 2546 2547
f 2483 2547 2484
f 2484 2547 2548
f 2484 2548 2485
f 2485 2548 2549
f 2485 2549 2486
f 2486 2549 2550
f 2486 2550 2487
f 2487 2550 2551
f 2487 2551 2488
f 2488 2551 2552
f 2488 2552 2489
f 2489 2552 2553
f 2489 2553 2490
f 2490 2553 2554
f 2490 2554 2491
f 2491 2554 2555
f 2491 2555 2492
f 2492 2555 2556
f 2492 2556 2493
f 2493 2556 2557
f 2493 2557 2494
f 2494 2557 2558
f 2494 2558 2495
f 2495 2558 2559
f 2495 2559 2496
f 2496 2559 2560
f 2496 2560 2433
f 2433 2560 2497
f 2497 2561 2498
f 2498 2561 2562
f 2498 2562 2499
f 2499 2562 2563
f 2499 2563 2500
f 2500 2563 2564
f 2500 2564 2501
f 2501 2564 2565
f 2501 2565 2502
f 2502 2565 2566
f 2502 2566 2503
f 2503 2566 2567
f 2503 2567 2504
f 2504 2567 2568
f 2504 2568 2505
f 2505 2568 2569
f 2505 2569 2506
f 2506 2569 2570
f 2506 2570 2507
f 2507 2570 2571
f 2507 2571 2508
f 2508 2571 2572
f 2508 2572 2509
f 2509 2572 2573
f 2509 2573 2510
f 2510 2573 2574
f 2510 2574 2511
f 2511 2574 2575
f 2511 2575 2512
f 2512 2575 2576
f 2512 2576 2513
f 2513 2576 2577
f 2513 2577 2514
f 2514 2577 2578
f 2514 2578 2515
f 2515 2578 2579
f 2515 2579 2516
f 2516 2579 2580
f 2516 2580 2517
f 2517 2580 2581
f 2517 2581 2518
f 2518 2581 2582
f 2518 2582 2519
f 2519 2582 2583
f 2519 2583 2520
f 2520 2583 2584
f 2520 2584 2521
f 2521 2584 2585
f 2521 2585 2522
f 2522 2585 2586
f 2522 2586 2523
f 2523 2586 2587
f 2523 2587 2524
f 2524 2587 2588
f 2524 2588 2525
f 2525 2588 2589
f 2525 2589 2526
f 2526 2589 2590
f 2526 2590 2527
f 2527 2590 2591
f 2527 2591 2528
f 2528 2591 2592
f 2528 2592 2529
f 2529 2592 2593
f 2529 2593 2530
f 2530 2593 2594
f 2530 2594 2531
f 2531 2594 2595
f 2531 2595 2532
f 2532 2595 2596
f 2532 2596 2533
f 2533 2596 2597
f 2533 2597 2534
f 2534 2597 2598
f 2534 2598 2535
f 2535 2598 2599
f 2535 2599 2536
f 2536 2599 2600
f 2536 2600 2537
f 2537 2600 2601
f 2537 2601 2538
f 2538 2601 2602
f 2538 2602 2539
f 2539 2602 2603
f 2539 2603 2540
f 2540 2603 2604
f 2540 2604 2541
f 2541 2604 2605
f 2541 2605 2542
f 2542 2605 2606
f 2542 2606 2543
f 2543 2606 2607
f 2543 2607 2544
f 2544 2607 2608
f 2544 2608 2545
f 2545 2608 2609
f 2545 2609 2546
f 2546 2609 2610
f 2546 2610 2547
f 2547 2610 2611
f 2547 2611 2548
f 2548 2611 2612
f 2548 2612 2549
f 2549 2612 2613
f 2549 2613 2550
f 2550 2613 2614
f 2550 2614 2551
f 2551 2614 2615
f 2551 2615 2552
f 2552 2615 2616
f 2552 2616 2553
f 2553 2616 2617
f 2553 2617 2554
f 2554 2617 2618
f 2554 2618 2555
f 2555 2618 2619
f 2555 2619 2556
f 2556 2619 2620
f 2556 2620 2557
f 2557 2620 2621
f 2557 2621 2558
f 2558 2621 2622
f 2558 2622 2559
f 2559 2622 2623
f 2559 2623 2560
f 2560 2623 2624
f 2560 2624 2497
f 2497 2624 2561
f 2561 2625 2562
f 2562 2625 2626
f 2562 2626 2563
f 2563 2626 2627
f 2563 2627 2564
f 2564 2627 2628
f 2564 2628 2565
f 2565 2628 2629
f 2565 2629 2566
f 2566 2629 2630
f 2566 2630 2567
f 2567 2630 2631
f 2567 2631 2568
f 2568 2631 2632
f 2568 2632 2569
f 2569 2632 2633
f 2569 2633 2570
f 2570 2633 2634
f 2570 2634 2571
f 2571 2634 2635
f 2571 2635 2572
f 2572 2635 2636
f 2572 2636 2573
f 2573 2636 2637
f 2573 2637 2574
f 2574 2637 2638
f 2574 2638 2575
f 2575 2638 2639
f 2575 2639 2576
f 2576 2639 2640
f 2576 2640 2577
f 2577 2640 2641
f 2577 2641 2578
f 2578 2641 2642
f 2578 2642 2579
f 2579 2642 2643
f 2579 2643 2580
f 2580 2643 2644
f 2580 2644 2581
f 2581 2644 2645
f 2581 2645 2582
f 2582 2645 2646
f 2582 2646 2583
f 2583 2646 2647
f 2583 2647 2584
f 2584 2647 2648
f 2584 2648 2585
f 2585 2648 2649
f 2585 2649 2586
f 2586 2649 2650
f 2586 2650 2587
f 2587 2650 2651
f 2587 2651 2588
f 2588 2651 2652
f 2588 2652 2589
f 2589 2652 2653
f 2589 2653 2590
f 2590 2653 2654
f 2590 2654 2591
f 2591 2654 2655
f 2591 2655 2592
f 2592 2655 2656
f 2592 2656 2593
f 2593 2656 2657
f 2593 2657 2594
f 2594 2657 2658
f 2594 2658 2595
f 2595 2658 2659
f 2595 2659 2596
f 2596 2659 2660
f 2596 2660 2597
f 2597 2660 2661
f 2597 2661 2598
f 2598 2661 2662
f 2598 2662 2599
f 2599 2662 2663
f 2599 2663 2600
f 2600 2663 2664
f 2600 2664 2601
f 2601 2664 2665
f 2601 2665 2602
f 2602 2665 2666
f 2602 2666 2603
f 2603 2666 2667
f 2603 2667 2604
f 2604 2667 2668
f 2604 2668 2605
f 2605 2668 2669
f 2605 2669 2606
f 2606 2669 2670
f 2606 2670 2607
f 2607 2670 2671
f 2607 2671 2608
f 2608 2671 2672
f 2608 2672 2609
f 2609 2672 2673
f 2609 2673 2610
f 2610 2673 2674
f 2610 2674 2611
f 2611 2674 2675
f 2611 2675 2612
f 2612 2675 2676
f 2612 2676 2613
f 2613 2676 2677
f 2613 2677 2614
f 2614 2677 2678
f 2614 2678 2615
f 2615 2678 2679
f 2615 2679 2616
f 2616 2679 2680
f 2616 2680 2617
f 2617 2680 2681
f 2617 2681 2618
f 2618 2681 2682
f 2618 2682 2619
f 2619 2682 2683
f 2619 2683 2620
f 2620 2683 2684
f 2620 2684 2621
f 2621 2684 2685
f 2621 2685 2622
f 2622 2685 2686
f 2622 2686 2623
f 2623 2686 2687
f 2623 2687 2624
f 2624 2687 2688
f 2624 2688 2561
f 2561 2688 2625
f 2625 2689 2626
f 2626 2689 2690
f 2626 2690 2627
f 2627 2690 2691
f 2627 2691 2628
f 2628 2691 2692
f 2628 2692 2629
f 2629 2692 2693
f 2629 2693 2630
f 2630 2693 2694
f 2630 2694 2631
f 2631 2694 2695
f 2631 2695 2632
f 2632 2695 2696
f 2632 2696 2633
f 2633 2696 2697
f 2633 2697 2634
f 2634 2697 2698
f 2634 2698 2635
f 2635 2698 2699
f 2635 2699 2636
f 2636 2699 2700
f 2636 2700 2637
f 2637 2700 2701
f 2637 2701 2638
f 2638 2701 2702
f 2638 2702 2639
f 2639 2702 2703
f 2639 2703 2640
f 2640 2703 2704
f 2640 2704 2641
f 2641 2704 2705
f 2641 2705 2642
f 2642 2705 2706
f 2642 2706 2643
f 2643 2706 2707
f 2643 2707 2644
f 2644 2707 2708
f 2644 2708 2645
f 2645 2708 2709
f 2645 2709 2646
f 2646 2709 2710
f 2646 2710 2647
f 2647 2710 2711
f 2647 2711 2648
f 2648 2711 2712
f 2648 2712 2649
f 2649 2712 2713
f 2649 2713 2650
f 2650 2713 2714
f 2650 2714 2651
f 2651 2714 2715
f 2651 2715 2652
f 2652 2715 2716
f 2652 2716 2653
f 2653 2716 2717
f 2653 2717 2654
f 2654 2717 2718
f 2654 2718 2655
f 2655 2718 2719
f 2655 2719 2656
f 2656 2719 2720
f 2656 2720 2657
f 2657 2720 2721
f 2657 2721 2658
f 2658 2721 2722
f 2658 2722 2659
f 2659 2722 2723
f 2659 2723 2660
f 2660 2723 2724
f 2660 2724 2661
f 2661 2724 2725
f 2661 2725 2662
f 2662 2725 2726
f 2662 2726 2663
f 2663 2726 2727
f 2663 2727 2664
f 2664 2727 2728
f 2664 2728 2665
f 2665 2728 2729
f 2665 2729 2666
f 2666 2729 2730
f 2666 2730 2667
f 2667 2730 2731
f 2667 2731 2668
f 2668 2731 2732
f 2668 2732 2669
f 2669 2732 2733
f 2669 2733 2670
f 2670 2733 2734
f 2670 2734 2671
f 2671 2734 2735
f 2671 2735 2672
f 2672 2735 2736
f 2672 2736 2673
f 2673 2736 2737
f 2673 2737 2674
f 2674 2737 2738
f 2674 2738 2675
f 2675 2738 2739
f 2675 2739 2676
f 2676 2739 2740
f 2676 2740 2677
f 2677 2740 2741
f 2677 2741 2678
f 2678 2741 2742
f 2678 2742 2679
f 2679 2742 2743
f 2679 2743 2680
f 2680 2743 2744
f 2680 2744 2681
f 2681 2744 2745
f 2681 2745 2682
f 2682 2745 2746
f 2682 2746 2683
f 2683 2746 2747
f 2683 2747 2684
f 2684 2747 2748
f 2684 2748 2685
f 2685 2748 2749
f 2685 2749 2686
f 2686 2749 2750
f 2686 2750 2687
f 2687 2750 2751
f 2687 2751 2688
f 2688 2751 2752
f 2688 2752 2625
f 2625 2752 2689
f 2689 2753 2690
f 2690 2753 2754
f 2690 2754 2691
f 2691 2754 2755
f 2691 2755 2692
f 2692 2755 2756
f 2692 2756 2693
f 2693 2756 2757
f 2693 2757 2694
f 2694 2757 2758
f 2694 2758 2695
f 2695 2758 2759
f 2695 2759 2696
f 2696 2759 2760
f 2696 2760 2697
f 2697 2760 2761
f 2697 2761 2698
f 2698 2761 2762
f 2698 2762 2699
f 2699 2762 2763
f 2699 2763 2700
f 2700 2763 2764
f 2700 2764 2701
f 2701 2764 2765
f 2701 2765 2702
f 2702 2765 2766
f 2702 2766 2703
f 2703 2766 2767
f 2703 2767 2704
f 2704 2767 2768
f 2704 2768 2705
f 2705 2768 2769
f 2705 2769 2706
f 2706 2769 2770
f 2706 2770 2707
f 2707 2770 2771
f 2707 2771 2708
f 2708 2771 2772
f 2708 2772 2709
f 2709 2772 2773
f 2709 2773 2710
f 2710 2773 2774
f 2710 2774 2711
f 2711 2774 2775
f 2711 2775 2712
f 2712 2775 2776
f 2712 2776 2713
f 2713 2776 2777
f 2713 2777 2714
f 2714 2777 2778
f 2714 2778 2715
f 2715 2778 2779
f 2715 2779 2716
f 2716 2779 2780
f 2716 2780 2717
f 2717 2780 2781
f 2717 2781 2718
f 2718 2781 2782
f 2718 2782 2719
f 2719 2782 2783
f 2719 2783 2720
f 2720 2783 2784
f 2720 2784 2721
f 2721 2784 2785
f 2721 2785 2722
f 2722 2785 2786
f 2722 2786 2723
f 2723 2786 2787
f 2723 2787 2724
f 2724 2787 2788
f 2724 2788 2725
f 2725 2788 2789
f 2725 2789 2726
f 2726 2789 2790
f 2726 2790 2727
f 2727 2790 2791
f 2727 2791 2728
f 2728 2791 2792
f 2728 2792 2729
f 2729 2792 2793
f 2729 2793 2730
f 2730 2793 2794
f 2730 2794 2731
f 2731 2794 2795
f 2731 2795 2732
f 2732 2795 2796
f 2732 2796 2733
f 2733 2796 2797
f 2733 2797 2734
f 2734 2797 2798
f 2734 2798 2735
f 2735 2798 2799
f 2735 2799 2736
f 2736 2799 2800
f 2736 2800 2737
f 2737 2800 2801
f 2737 2801 2738
f 2738 2801 2802
f 2738 2802 2739
f 2739 2802 2803
f 2739 2803 2740
f 2740 2803 2804
f 2740 2804 2741
f 2741 2804 2805
f 2741 2805 2742
f 2742 2805 2806
f 2742 2806 2743
f 2743 2806 2807
f 2743 2807 2744
f 2744 2807 2808
f 2744 2808 2745
f 2745 2808 2809
f 2745 2809 2746
f 2746 2809 2810
f 2746 2810 2747
f 2747 2810 2811
f 2747 2811 2748
f 2748 2811 2812
f 2748 2812 2749
f 2749 2812 2813
f 2749 2813 2750
f 2750 2813 2814
f 2750 2814 2751
f 2751 2814 2815
f 2751 2815 2752
f 2752 2815 2816
f 2752 2816 2689
f 2689 2816 2753
f 2753 2817 2754
f 2754 2817 2818
f 2754 2818 2755
f 2755 2818 2819
f 2755 2819 2756
f 2756 2819 2820
f 2756 2820 2757
f 2757 2820 2821
f 2757 2821 2758
f 2758 2821 2822
f 2758 2822 2759
f 2759 2822 2823
f 2759 2823 2760
f 2760 2823 2824
f 2760 2824 2761
f 2761 2824 2825
f 2761 2825 2762
f 2762 2825 2826
f 2762 2826 2763
f 2763 2826 2827
f 2763 2827 2764
f 2764 2827 2828
f 2764 2828 2765
f 2765 2828 2829
f 2765 2829 2766
f 2766 2829 2830
f 2766 2830 2767
f 2767 2830 2831
f 2767 2831 2768
f 2768 2831 2832
f 2768 2832 2769
f 2769 2832 2833
f 2769 2833 2770
f 2770 2833 2834
f 2770 2834 2771
f 2771 2834 2835
f 2771 2835 2772
f 2772 2835 2836
f 2772 2836 2773
f 2773 2836 2837
f 2773 2837 2774
f 2774 2837 2838
f 2774 2838 2775
f 2775 2838 2839
f 2775 2839 2776
f 2776 2839 2840
f 2776 2840 2777
f 2777 2840 2841
f 2777 2841 2778
f 2778 2841 2842
f 2778 2842 2779
f 2779 2842 2843
f 2779 2843 2780
f 2780 2843 2844
f 2780 2844 2781
f 2781 2844 2845
f 2781 2845 2782
f 2782 2845 2846
f 2782 2846 2783
f 2783 2846 2847
f 2783 2847 2784
f 2784 2847 2848
f 2784 2848 2785
f 2785 2848 2849
f 2785 2849 2786
f 2786 2849 2850
f 2786 2850 2787
f 2787 2850 2851
f 2787 2851 2788
f 2788 2851 2852
f 2788 2852 2789
f 2789 2852 2853
f 2789 2853 2790
f 2790 2853 2854
f 2790 2854 2791
f 2791 2854 2855
f 2791 2855 2792
f 2792 2855 2856
f 2792 2856 2793
f 2793 2856 2857
f 2793 2857 2794
f 2794 2857 2858
f 2794 2858 2795
f 2795 2858 2859
f 2795 2859 2796
f 2796 2859 2860
f 2796 2860 2797
f 2797 2860 2861
f 2797 2861 2798
f 2798 2861 2862
f 2798 2862 2799
f 2799 2862 2863
f 2799 2863 2800
f 2800 2863 2864
f 2800 2864 2801
f 2801 2864 2865
f 2801 2865 2802
f 2802 2865 2866
f 2802 2866 2803
f 2803 2866 2867
f 2803 2867 2804
f 2804 2867 2868
f 2804 2868 2805
f 2805 2868 2869
f 2805 2869 2806
f 2806 2869 2870
f 2806 2870 2807
f 2807 2870 2871
f 2807 2871 2808
f 2808 2871 2872
f 2808 2872 2809
f 2809 2872 2873
f 2809 2873 2810
f 2810 2873 2874
f 2810 2874 2811
f 2811 2874 2875
f 2811 2875 2812
f 2812 2875 2876
f 2812 2876 2813
f 2813 2876 2877
f 2813 2877 2814
f 2814 2877 2878
f 2814 2878 2815
f 2815 2878 2879
f 2815 2879 2816
f 2816 2879 2880
f 2816 2880 2753
f 2753 2880 2817
f 2817 2881 2818
f 2818 2881 2882
f 2818 2882 2819
f 2819 2882 2883
f 2819 2883 2820
f 2820 2883 2884
f 2820 2884 2821
f 2821 2884 2885
f 2821 2885 2822
f 2822 2885 2886
f 2822 2886 2823
f 2823 2886 2887
f 2823 2887 2824
f 2824 2887 2888
f 2824 2888 2825
f 2825 2888 2889
f 2825 2889 2826
f 2826 2889 2890
f 2826 2890 2827
f 2827 2890 2891
f 2827 2891 2828
f 2828 2891 2892
f 2828 2892 2829
f 2829 2892 2893
f 2829 2893 2830
f 2830 2893 2894
f 2830 2894 2831
f 2831 2894 2895
f 2831 2895 2832
f 2832 2895 2896
f 2832 2896 2833
f 2833 2896 2897
f 2833 2897 2834
f 2834 2897 2898
f 2834 2898 2835
f 2835 2898 2899
f 2835 2899 2836
f 2836 2899 2900
f 2836 2900 2837
f 2837 2900 2901
f 2837 2901 2838
f 2838 2901 2902
f 2838 2902 2839
f 2839 2902 2903
f 2839 2903 2840
f 2840 2903 2904
f 2840 2904 2841
f 2841 2904 2905
f 2841 2905 2842
f 2842 2905 2906
f 2842 2906 2843
f 2843 2906 2907
f 2843 2907 2844
f 2844 2907 2908
f 2844 2908 2845
f 2845 2908 2909
f 2845 2909 2846
f 2846 2909 2910
f 2846 2910 2847
f 2847 2910 2911
f 2847 2911 2848
f 2848 2911 2912
f 2848 2912 2849
f 2849 2912 2913
f 2849 2913 2850
f 2850 2913 2914
f 2850 2914 2851
f 2851 2914 2915
f 2851 2915 2852
f 2852 2915 2916
f 2852 2916 2853
f 2853 2916 2917
f 2853 2917 2854
f 2854 2917 2918
f 2854 2918 2855
f 2855 2918 2919
f 2855 2919 2856
f 2856 2919 2920
f 2856 2920 2857
f 2857 2920 2921
f 2857 2921 2858
f 2858 2921 2922
f 2858 2922 2859
f 2859 2922 2923
f 2859 2923 2860
f 2860 2923 2924
f 2860 2924 2861
f 2861 2924 2925
f 2861 2925 2862
f 2862 2925 2926
f 2862 2926 2863
f 2863 2926 2927
f 2863 2927 2864
f 2864 2927 2928
f 2864 2928 2865
f 2865 2928 2929
f 2865 2929 2866
f 2866 2929 2930
f 2866 2930 2867
f 2867 2930 2931
f 2867 2931 2868
f 2868 2931 2932
f 2868 2932 2869
f 2869 2932 2933
f 2869 2933 2870
f 2870 2933 2934
f 2870 2934 2871
f 2871 2934 2935
f 2871 2935 2872
f 2872 2935 2936
f 2872 2936 2873
f 2873 2936 2937
f 2873 2937 2874
f 2874 2937 2938
f 2874 2938 2875
f 2875 2938 2939
f 2875 2939 2876
f 2876 2939 2940
f 2876 2940 2877
f 2877 2940 2941
f 2877 2941 2878
f 2878 2941 2942
f 2878 2942 2879
f 2879 2942 2943
f 2879 2943 2880
f 2880 2943 2944
f 2880 2944 2817
f 2817 2944 2881
f 2881 2945 2882
f 2882 2945 2946
f 2882 2946 2883
f 2883 2946 2947
f 2883 2947 2884
f 2884 2947 2948
f 2884 2948 2885
f 2885 2948 2949
f 2885 2949 2886
f 2886 2949 2950
f 2886 2950 2887
f 2887 2950 2951
f 2887 2951 2888
f 2888 2951 2952
f 2888 2952 2889
f 2889 2952 2953
f 2889 2953 2890
f 2890 2953 2954
f 2890 2954 2891
f 2891 2954 2955
f 2891 2955 2892
f 2892 2955 2956
f 2892 2956 2893
f 2893 2956 2957
f 2893 2957 2894
f 2894 2957 2958
f 2894 2958 2895
f 2895 2958 2959
f 2895 2959 2896
f 2896 2959 2960
f 2896 2960 2897
f 2897 2960 2961
f 2897 2961 2898
f 2898 2961 2962
f 2898 2962 2899
f 2899 2962 2963
f 2899 2963 2900
f 2900 2963 2964
f 2900 2964 2901
f 2901 2964 2965
f 2901 2965 2902
f 2902 2965 2966
f 2902 2966 2903
f 2903 2966 2967
f 2903 2967 2904
f 2904 2967 2968
f 2904 2968 2905
f 2905 2968 2969
f 2905 2969 2906
f 2906 2969 2970
f 2906 2970 2907
f 2907 2970 2971
f 2907 2971 2908
f 2908 2971 2972
f 2908 2972 2909
f 2909 2972 2973
f 2909 2973 2910
f 2910 2973 2974
f 2910 2974 2911
f 2911 2974 2975
f 2911 2975 2912
f 2912 2975 2976
f 2912 2976 2913
f 2913 2976 2977
f 2913 2977 2914
f 2914 2977 2978
f 2914 2978 2915
f 2915 2978 2979
f 2915 2979 2916
f 2916 2979 2980
f 2916 2980 2917
f 2917 2980 2981
f 2917 2981 2918
f 2918 2981 2982
f 2918 2982 2919
f 2919 2982 2983
f 2919 2983 2920
f 2920 2983 2984
f 2920 2984 2921
f 2921 2984 2985
f 2921 2985 2922
f 2922 2985 2986
f 2922 2986 2923
f 2923 2986 2987
f 2923 2987 2924
f 2924 2987 2988
f 2924 2988 2925
f 2925 2988 2989
f 2925 2989 2926
f 2926 2989 2990
f 2926 2990 2927
f 2927 2990 2991
f 2927 2991 2928
f 2928 2991 2992
f 2928 2992 2929
f 2929 2992 2993
f 2929 2993 2930
f 2930 2993 2994
f 2930 2994 2931
f 2931 2994 2995
f 2931 2995 2932
f 2932 2995 2996
f 2932 2996 2933
f 2933 2996 2997
f 2933 2997 2934
f 2934 2997 2998
f 2934 2998 2935
f 2935 2998 2999
f 2935 2999 2936
f 2936 2999 3000
f 2936 3000 2937
f 2937 3000 3001
f 2937 3001 2938
f 2938 3001 3002
f 2938 3002 2939
f 2939 3002 3003
f 2939 3003 2940
f 2940 3003 3004
f 2940 3004 2941
f 2941 3004 3005
f 2941 3005 2942
f 2942 3005 3006
f 2942 3006 2943
f 2943 3006 3007
f 2943 3007 2944
f 2944 3007 3008
f 2944 3008 2881
f 2881 3008 2945
f 2945 3009 2946
f 2946 3009 3010
f 2946 3010 2947
f 2947 3010 3011
f 2947 3011 2948
f 2948 3011 3012
f 2948 3012 2949
f 2949 3012 3013
f 2949 3013 2950
f 2950 3013 3014
f 2950 3014 2951
f 2951 3014 3015
f 2951 3015 2952
f 2952 3015 3016
f 2952 3016 2953
f 2953 3016 3017
f 2953 3017 2954
f 2954 3017 3018
f 2954 3018 2955
f 2955 3018 3019
f 2955 3019 2956
f 2956 3019 3020
f 2956 3020 2957
f 2957 3020 3021
f 2957 3021 2958
f 2958 3021 3022
f 2958 3022 2959
f 2959 3022 3023
f 2959 3023 2960
f 2960 3023 3024
f 2960 3024 2961
f 2961 3024 3025
f 2961 3025 2962
f 2962 3025 3026
f 2962 3026 2963
f 2963 3026 3027
f 2963 3027 2964
f 2964 3027 3028
f 2964 3028 2965
f 2965 3028 3029
f 2965 3029 2966
f 2966 3029 3030
f 2966 3030 2967
f 2967 3030 3031
f 2967 3031 2968
f 2968 3031 3032
f 2968 3032 2969
f 2969 3032 3033
f 2969 3033 2970
f 2970 3033 3034
f 2970 3034 2971
f 2971 3034 3035
f 2971 3035 2972
f 2972 3035 3036
f 2972 3036 2973
f 2973 3036 3037
f 2973 3037 2974
f 2974 3037 3038
f 2974 3038 2975
f 2975 3038 3039
f 2975 3039 2976
f 2976 3039 3040
f 2976 3040 2977
f 2977 3040 3041
f 2977 3041 2978
f 2978 3041 3042
f 2978 3042 2979
f 2979 3042 3043
f 2979 3043 2980
f 2980 3043 3044
f 2980 3044 2981
f 2981 3044 3045
f 2981 3045 2982
f 2982 3045 3046
f 2982 3046 2983
f 2983 3046 3047
f 2983 3047 2984
f 2984 3047 3048
f 2984 3048 2985
f 2985 3048 3049
f 2985 3049 2986
f 2986 3049 3050
f 2986 3050 2987
f 2987 3050 3051
f 2987 3051 2988
f 2988 3051 3052
f 2988 3052 2989
f 2989 3052 3053
f 2989 3053 2990
f 2990 3053 3054
f 2990 3054 2991
f 2991 3054 3055
f 2991 3055 2992
f 2992 3055 3056
f 2992 3056 2993
f 2993 3056 3057
f 2993 3057 2994
f 2994 3057 3058
f 2994 3058 2995
f 2995 3058 3059
f 2995 3059 2996
f 2996 3059 3060
f 2996 3060 2997
f 2997 3060 3061
f 2997 3061 2998
f 2998 3061 3062
f 2998 3062 2999
f 2999 3062 3063
f 2999 3063 3000
f 3000 3063 3064
f 3000 3064 3001
f 3001 3064 3065
f 3001 3065 3002
f 3002 3065 3066
f 3002 3066 3003
f 3003 3066 3067
f 3003 3067 3004
f 3004 3067 3068
f 3004 3068 3005
f 3005 3068 3069
f 3005 3069 3006
f 3006 3069 3070
f 3006 3070 3007
f 3007 3070 3071
f 3007 3071 3008
f 3008 3071 3072
f 3008 3072 2945
f 2945 3072 3009
f 3009 3073 3010
f 3010 3073 3074
f 3010 3074 3011
f 3011 3074 3075
f 3011 3075 3012
f 3012 3075 3076
f 3012 3076 3013
f 3013 3076 3077
f 3013 3077 3014
f 3014 3077 3078
f 3014 3078 3015
f 3015 3078 3079
f 3015 3079 3016
f 3016 3079 3080
f 3016 3080 3017
f 3017 3080 3081
f 3017 3081 3018
f 3018 3081 3082
f 3018 3082 3019
f 3019 3082 3083
f 3019 3083 3020
f 3020 3083 3084
f 3020 3084 3021
f 3021 3084 3085
f 3021 3085 3022
f 3022 3085 3086
f 3022 3086 3023
f 3023 3086 3087
f 3023 3087 3024
f 3024 3087 3088
f 3024 3088 3025
f 3025 3088 3089
f 3025 3089 3026
f 3026 3089 3090
f 3026 3090 3027
f 3027 3090 3091
f 3027 3091 3028
f 3028 3091 3092
f 3028 3092 3029
f 3029 3092 3093
f 3029 3093 3030
f 3030 3093 3094
f 3030 3094 3031
f 3031 3094 3095
f 3031 3095 3032
f 3032 3095 3096
f 3032 3096 3033
f 3033 3096 3097
f 3033 3097 3034
f 3034 3097 3098
f 3034 3098 3035
f 3035 3098 3099
f 3035 3099 3036
f 3036 3099 3100
f 3036 3100 3037
f 3037 3100 3101
f 3037 3101 3038
f 3038 3101 3102
f 3038 3102 3039
f 3039 3102 3103
f 3039 3103 3040
f 3040 3103 3104
f 3040 3104 3041
f 3041 3104 3105
f 3041 3105 3042
f 3042 3105 3106
f 3042 3106 3043
f 3043 3106 3107
f 3043 3107 3044
f 3044 3107 3108
f 3044 3108 3045
f 3045 3108 3109
f 3045 3109 3046
f 3046 3109 3110
f 3046 3110 3047
f 3047 3110 3111
f 3047 3111 3048
f 3048 3111 3112
f 3048 3112 3049
f 3049 3112 3113
f 3049 3113 3050
f 3050 3113 3114
f 3050 3114 3051
f 3051 3114 3115
f 3051 3115 3052
f 3052 3115 3116
f 3052 3116 3053
f 3053 3116 3117
f 3053 3117 3054
f 3054 3117 3118
f 3054 3118 3055
f 3055 3118 3119
f 3055 3119 3056
f 3056 3119 3120
f 3056 3120 3057
f 3057 3120 3121
f 3057 3121 3058
f 3058 3121 3122
f 3058 3122 3059
f 3059 3122 3123
f 3059 3123 3060
f 3060 3123 3124
f 3060 3124 3061
f 3061 3124 3125
f 3061 3125 3062
f 3062 3125 3126
f 3062 3126 3063
f 3063 3126 3127
f 3063 3127 3064
f 3064 3127 3128
f 3064 3128 3065
f 3065 3128 3129
f 3065 3129 3066
f 3066 3129 3130
f 3066 3130 3067
f 3067 3130 3131
f 3067 3131 3068
f 3068 3131 3132
f 3068 3132 3069
f 3069 3132 3133
f 3069 3133 3070
f 3070 3133 3134
f 3070 3134 3071
f 3071 3134 3135
f 3071 3135 3072
f 3072 3135 3136
f 3072 3136 3009
f 3009 3136 3073
f 3073 3137 3074
f 3074 3137 3138
f 3074 3138 3075
f 3075 3138 3139
f 3075 3139 3076
f 3076 3139 3140
f 3076 3140 3077
f 3077 3140 3141
f 3077 3141 3078
f 3078 3141 3142
f 3078 3142 3079
f 3079 3142 3143
f 3079 3143 3080
f 3080 3143 3144
f 3080 3144 3081
f 3081 3144 3145
f 3081 3145 3082
f 3082 3145 3146
f 3082 3146 3083
f 3083 3146 3147
f 3083 3147 3084
f 3084 3147 3148
f 3084 3148 3085
f 3085 3148 3149
f 3085 3149 3086
f 3086 3149 3150
f 3086 3150 3087
f 3087 3150 3151
f 3087 3151 3088
f 3088 3151 3152
f 3088 3152 3089
f 3089 3152 3153
f 3089 3153 3090
f 3090 3153 3154
f 3090 3154 3091
f 3091 3154 3155
f 3091 3155 3092
f 3092 3155 3156
f 3092 3156 3093
f 3093 3156 3157
f 3093 3157 3094
f 3094 3157 3158
f 3094 3158 3095
f 3095 3158 3159
f 3095 3159 3096
f 3096 3159 3160
f 3096 3160 3097
f 3097 3160 3161
f 3097 3161 3098
f 3098 3161 3162
f 3098 3162 3099
f 3099 3162 3163
f 3099 3163 3100
f 3100 3163 3164
f 3100 3164 3101
f 3101 3164 3165
f 3101 3165 3102
f 3102 3165 3166
f 3102 3166 3103
f 3103 3166 3167
f 3103 3167 3104
f 3104 3167 3168
f 3104 3168 3105
f 3105 3168 3169
f 3105 3169 3106
f 3106 3169 3170
f 3106 3170 3107
f 3107 3170 3171
f 3107 3171 3108
f 3108 3171 3172
f 3108 3172 3109
f 3109 3172 3173
f 3109 3173 3110
f 3110 3173 3174
f 3110 3174 3111
f 3111 3174 3175
f 3111 3175 3112
f 3112 3175 3176
f 3112 3176 3113
f 3113 3176 3177
f 3113 3177 3114
f 3114 3177 3178
f 3114 3178 3115
f 3115 3178 3179
f 3115 3179 3116
f 3116 3179 3180
f 3116 3180 3117
f 3117 3180 3181
f 3117 3181 3118
f 3118 3181 3182
f 3118 3182 3119
f 3119 3182 3183
f 3119 3183 3120
f 3120 3183 3184
f 3120 3184 3121
f 3121 3184 3185
f 3121 3185 3122
f 3122 3185 3186
f 3122 3186 3123
f 3123 3186 3187
f 3123 3187 3124
f 3124 3187 3188
f 3124 3188 3125
f 3125 3188 3189
f 3125 3189 3126
f 3126 3189 3190
f 3126 3190 3127
f 3127 3190 3191
f 3127 3191 3128
f 3128 3191 3192
f 3128 3192 3129
f 3129 3192 3193
f 3129 3193 3130
f 3130 3193 3194
f 3130 3194 3131
f 3131 3194 3195
f 3131 3195 3132
f 3132 3195 3196
f 3132 3196 3133
f 3133 3196 3197
f 3133 3197 3134
f 3134 3197 3198
f 3134 3198 3135
f 3135 3198 3199
f 3135 3199 3136
f 3136 3199 3200
f 3136 3200 3073
f 3073 3200 3137
f 3137 3201 3138
f 3138 3201 3202
f 3138 3202 3139
f 3139 3202 3203
f 3139 3203 3140
f 3140 3203 3204
f 3140 3204 3141
f 3141 3204 3205
f 3141 3205 3142
f 3142 3205 3206
f 3142 3206 3143
f 3143 3206 3207
f 3143 3207 3144
f 3144 3207 3208
f 3144 3208 3145
f 3145 3208 3209
f 3145 3209 3146
f 3146 3209 3210
f 3146 3210 3147
f 3147 3210 3211
f 3147 3211 3148
f 3148 3211 3212
f 3148 3212 3149
f 3149 3212 3213
f 3149 3213 3150
f 3150 3213 3214
f 3150 3214 3151
f 3151 3214 3215
f 3151 3215 3152
f 3152 3215 3216
f 3152 3216 3153
f 3153 3216 3217
f 3153 3217 3154
f 3154 3217 3218
f 3154 3218 3155
f 3155 3218 3219
f 3155 3219 3156
f 3156 3219 3220
f 3156 3220 3157
f 3157 3220 3221
f 3157 3221 3158
f 3158 3221 3222
f 3158 3222 3159
f 3159 3222 3223
f 3159 3223 3160
f 3160 3223 3224
f 3160 3224 3161
f 3161 3224 3225
f 3161 3225 3162
f 3162 3225 3226
f 3162 3226 3163
f 3163 3226 3227
f 3163 3227 3164
f 3164 3227 3228
f 3164 3228 3165
f 3165 3228 3229
f 3165 3229 3166
f 3166 3229 3230
f 3166 3230 3167
f 3167 3230 3231
f 3167 3231 3168
f 3168 3231 3232
f 3168 3232 3169
f 3169 3232 3233
f 3169 3233 3170
f 3170 3233 3234
f 3170 3234 3171
f 3171 3234 3235
f 3171 3235 3172
f 3172 3235 3236
f 3172 3236 3173
f 3173 3236 3237
f 3173 3237 3174
f 3174 3237 3238
f 3174 3238 3175
f 3175 3238 3239
f 3175 3239 3176
f 3176 3239 3240
f 3176 3240 3177
f 3177 3240 3241
f 3177 3241 3178
f 3178 3241 3242
f 3178 3242 3179
f 3179 3242 3243
f 3179 3243 3180
f 3180 3243 3244
f 3180 3244 3181
f 3181 3244 3245
f 3181 3245 3182
f 3182 3245 3246
f 3182 3246 3183
f 3183 3246 3247
f 3183 3247 3184
f 3184 3247 3248
f 3184 3248 3185
f 3185 3248 3249
f 3185 3249 3186
f 3186 3249 3250
f 3186 3250 3187
f 3187 3250 3251
f 3187 3251 3188
f 3188 3251 3252
f 3188 3252 3189
f 3189 3252 3253
f 3189 3253 3190
f 3190 3253 3254
f 3190 3254 3191
f 3191 3254 3255
f 3191 3255 3192
f 3192 3255 3256
f 3192 3256 3193
f 3193 3256 3257
f 3193 3257 3194
f 3194 3257 3258
f 3194 3258 3195
f 3195 3258 3259
f 3195 3259 3196
f 3196 3259 3260
f 3196 3260 3197
f 3197 3260 3261
f 3197 3261 3198
f 3198 3261 3262
f 3198 3262 3199
f 3199 3262 3263
f 3199 3263 3200
f 3200 3263 3264
f 3200 3264 3137
f 3137 3264 3201
f 3201 3265 3202
f 3202 3265 3266
f 3202 3266 3203
f 3203 3266 3267
f 3203 3267 3204
f 3204 3267 3268
f 3204 3268 3205
f 3205 3268 3269
f 3205 3269 3206
f 3206 3269 3270
f 3206 3270 3207
f 3207 3270 3271
f 3207 3271 3208
f 3208 3271 3272
f 3208 3272 3209
f 3209 3272 3273
f 3209 3273 3210
f 3210 3273 3274
f 3210 3274 3211
f 3211 3274 3275
f 3211 3275 3212
f 3212 3275 3276
f 3212 3276 3213
f 3213 3276 3277
f 3213 3277 3214
f 3214 3277 3278
f 3214 3278 3215
f 3215 3278 3279
f 3215 3279 3216
f 3216 3279 3280
f 3216 3280 3217
f 3217 3280 3281
f 3217 3281 3218
f 3218 3281 3282
f 3218 3282 3219
f 3219 3282 3283
f 3219 3283 3220
f 3220 3283 3284
f 3220 3284 3221
f 3221 3284 3285
f 3221 3285 3222
f 3222 3285 3286
f 3222 3286 3223
f 3223 3286 3287
f 3223 3287 3224
f 3224 3287 3288
f 3224 3288 3225
f 3225 3288 3289
f 3225 3289 3226
f 3226 3289 3290
f 3226 3290 3227
f 3227 3290 3291
f 3227 3291 3228
f 3228 3291 3292
f 3228 3292 3229
f 3229 3292 3293
f 3229 3293 3230
f 3230 3293 3294
f 3230 3294 3231
f 3231 3294 3295
f 3231 3295 3232
f 3232 3295 3296
f 3232 3296 3233
f 3233 3296 3297
f 3233 3297 3234
f 3234 3297 3298
f 3234 3298 3235
f 3235 3298 3299
f 3235 3299 3236
f 3236 3299 3300
f 3236 3300 3237
f 3237 3300 3301
f 3237 3301 3238
f 3238 3301 3302
f 3238 3302 3239
f 3239 3302 3303
f 3239 3303 3240
f 3240 3303 3304
f 3240 3304 3241
f 3241 3304 3305
f 3241 3305 3242
f 3242 3305 3306
f 3242 3306 3243
f 3243 3306 3307
f 3243 3307 3244
f 3244 3307 3308
f 3244 3308 3245
f 3245 3308 3309
f 3245 3309 3246
f 3246 3309 3310
f 3246 3310 3247
f 3247 3310 3311
f 3247 3311 3248
f 3248 3311 3312
f 3248 3312 3249
f 3249 3312 3313
f 3249 3313 3250
f 3250 3313 3314
f 3250 3314 3251
f 3251 3314 3315
f 3251 3315 3252
f 3252 3315 3316
f 3252 3316 3253
f 3253 3316 3317
f 3253 3317 3254
f 3254 3317 3318
f 3254 3318 3255
f 3255 3318 3319
f 3255 3319 3256
f 3256 3319 3320
f 3256 3320 3257
f 3257 3320 3321
f 3257 3321 3258
f 3258 3321 3322
f 3258 3322 3259
f 3259 3322 3323
f 3259 3323 3260
f 3260 3323 3324
f 3260 3324 3261
f 3261 3324 3325
f 3261 3325 3262
f 3262 3325 3326
f 3262 3326 3263
f 3263 3326 3327
f 3263 3327 3264
f 3264 3327 3328
f 3264 3328 3201
f 3201 3328 3265
f 3265 3329 3266
f 3266 3329 3330
f 3266 3330 3267
f 3267 3330 3331
f 3267 3331 3268
f 3268 3331 3332
f 3268 3332 3269
f 3269 3332 3333
f 3269 3333 3270
f 3270 3333 3334
f 3270 3334 3271
f 3271 3334 3335
f 3271 3335 3272
f 3272 3335 3336
f 3272 3336 3273
f 3273 3336 3337
f 3273 3337 3274
f 3274 3337 3338
f 3274 3338 3275
f 3275 3338 3339
f 3275 3339 3276
f 3276 3339 3340
f 3276 3340 3277
f 3277 3340 3341
f 3277 3341 3278
f 3278 3341 3342
f 3278 3342 3279
f 3279 3342 3343
f 3279 3343 3280
f 3280 3343 3344
f 3280 3344 3281
f 3281 3344 3345
f 3281 3345 3282
f 3282 3345 3346
f 3282 3346 3283
f 3283 3346 3347
f 3283 3347 3284
f 3284 3347 3348
f 3284 3348 3285
f 3285 3348 3349
f 3285 3349 3286
f 3286 3349 3350
f 3286 3350 3287
f 3287 3350 3351
f 3287 3351 3288
f 3288 3351 3352
f 3288 3352 3289
f 3289 3352 3353
f 3289 3353 3290
f 3290 3353 3354
f 3290 3354 3291
f 3291 3354 3355
f 3291 3355 3292
f 3292 3355 3356
f 3292 3356 3293
f 3293 3356 3357
f 3293 3357 3294
f 3294 3357 3358
f 3294 3358 3295
f 3295 3358 3359
f 3295 3359 3296
f 3296 3359 3360
f 3296 3360 3297
f 3297 3360 3361
f 3297 3361 3298
f 3298 3361 3362
f 3298 3362 3299
f 3299 3362 3363
f 3299 3363 3300
f 3300 3363 3364
f 3300 3364 3301
f 3301 3364 3365
f 3301 3365 3302
f 3302 3365 3366
f 3302 3366 3303
f 3303 3366 3367
f 3303 3367 3304
f 3304 3367 3368
f 3304 3368 3305
f 3305 3368 3369
f 3305 3369 3306
f 3306 3369 3370
f 3306 3370 3307
f 3307 3370 3371
f 3307 3371 3308
f 3308 3371 3372
f 3308 3372 3309
f 3309 3372 3373
f 3309 3373 3310
f 3310 3373 3374
f 3310 3374 3311
f 3311 3374 3375
f 3311 3375 3312
f 3312 3375 3376
f 3312 3376 3313
f 3313 3376 3377
f 3313 3377 3314
f 3314 3377 3378
f 3314 3378 3315
f 3315 3378 3379
f 3315 3379 3316
f 3316 3379 3380
f 3316 3380 3317
f 3317 3380 3381
f 3317 3381 3318
f 3318 3381 3382
f 3318 3382 3319
f 3319 3382 3383
f 3319 3383 3320
f 3320 3383 3384
f 3320 3384 3321
f 3321 3384 3385
f 3321 3385 3322
f 3322 3385 3386
f 3322 3386 3323
f 3323 3386 3387
f 3323 3387 3324
f 3324 3387 3388
f 3324 3388 3325
f 3325 3388 3389
f 3325 3389 3326
f 3326 3389 3390
f 3326 3390 3327
f 3327 3390 3391
f 3327 3391 3328
f 3328 3391 3392
f 3328 3392 3265
f 3265 3392 3329
f 3329 3393 3330
f 3330 3393 3394
f 3330 3394 3331
f 3331 3394 3395
f 3331 3395 3332
f 3332 3395 3396
f 3332 3396 3333
f 3333 3396 3397
f 3333 3397 3334
f 3334 3397 3398
f 3334 3398 3335
f 3335 3398 3399
f 3335 3399 3336
f 3336 3399 3400
f 3336 3400 3337
f 3337 3400 3401
f 3337 3401 3338
f 3338 3401 3402
f 3338 3402 3339
f 3339 3402 3403
f 3339 3403 3340
f 3340 3403 3404
f 3340 3404 3341
f 3341 3404 3405
f 3341 3405 3342
f 3342 3405 3406
f 3342 3406 3343
f 3343 3406 3407
f 3343 3407 3344
f 3344 3407 3408
f 3344 3408 3345
f 3345 3408 3409
f 3345 3409 3346
f 3346 3409 3410
f 3346 3410 3347
f 3347 3410 3411
f 3347 3411 3348
f 3348 3411 3412
f 3348 3412 3349
f 3349 3412 3413
f 3349 3413 3350
f 3350 3413 3414
f 3350 3414 3351
f 3351 3414 3415
f 3351 3415 3352
f 3352 3415 3416
f 3352 3416 3353
f 3353 3416 3417
f 3353 3417 3354
f 3354 3417 3418
f 3354 3418 3355
f 3355 3418 3419
f 3355 3419 3356
f 3356 3419 3420
f 3356 3420 3357
f 3357 3420 3421
f 3357 3421 3358
f 3358 3421 3422
f 3358 3422 3359
f 3359 3422 3423
f 3359 3423 3360
f 3360 3423 3424
f 3360 3424 3361
f 3361 3424 3425
f 3361 3425 3362
f 3362 3425 3426
f 3362 3426 3363
f 3363 3426 3427
f 3363 3427 3364
f 3364 3427 3428
f 3364 3428 3365
f 3365 3428 3429
f 3365 3429 3366
f 3366 3429 3430
f 3366 3430 3367
f 3367 3430 3431
f 3367 3431 3368
f 3368 3431 3432
f 3368 3432 3369
f 3369 3432 3433
f 3369 3433 3370
f 3370 3433 3434
f 3370 3434 3371
f 3371 3434 3435
f 3371 3435 3372
f 3372 3435 3436
f 3372 3436 3373
f 3373 3436 3437
f 3373 3437 3374
f 3374 3437 3438
f 3374 3438 3375
f 3375 3438 3439
f 3375 3439 3376
f 3376 3439 3440
f 3376 3440 3377
f 3377 3440 3441
f 3377 3441 3378
f 3378 3441 3442
f 3378 3442 3379
f 3379 3442 3443
f 3379 3443 3380
f 3380 3443 3444
f 3380 3444 3381
f 3381 3444 3445
f 3381 3445 3382
f 3382 3445 3446
f 3382 3446 3383
f 3383 3446 3447
f 3383 3447 3384
f 3384 3447 3448
f 3384 3448 3385
f 3385 3448 3449
f 3385 3449 3386
f 3386 3449 3450
f 3386 3450 3387
f 3387 3450 3451
f 3387 3451 3388
f 3388 3451 3452
f 3388 3452 3389
f 3389 3452 3453
f 3389 3453 3390
f 3390 3453 3454
f 3390 3454 3391
f 3391 3454 3455
f 3391 3455 3392
f 3392 3455 3456
f 3392 3456 3329
f 3329 3456 3393
f 3393 3457 3394
f 3394 3457 3458
f 3394 3458 3395
f 3395 3458 3459
f 3395 3459 3396
f 3396 3459 3460
f 3396 3460 3397
f 3397 3460 3461
f 3397 3461 3398
f 3398 3461 3462
f 3398 3462 3399
f 3399 3462 3463
f 3399 3463 3400
f 3400 3463 3464
f 3400 3464 3401
f 3401 3464 3465
f 3401 3465 3402
f 3402 3465 3466
f 3402 3466 3403
f 3403 3466 3467
f 3403 3467 3404
f 3404 3467 3468
f 3404 3468 3405
f 3405 3468 3469
f 3405 3469 3406
f 3406 3469 3470
f 3406 3470 3407
f 3407 3470 3471
f 3407 3471 3408
f 3408 3471 3472
f 3408 3472 3409
f 3409 3472 3473
f 3409 3473 3410
f 3410 3473 3474
f 3410 3474 3411
f 3411 3474 3475
f 3411 3475 3412
f 3412 3475 3476
f 3412 3476 3413
f 3413 3476 3477
f 3413 3477 3414
f 3414 3477 3478
f 3414 3478 3415
f 3415 3478 3479
f 3415 3479 3416
f 3416 3479 3480
f 3416 3480 3417
f 3417 3480 3481
f 3417 3481 3418
f 3418 3481 3482
f 3418 3482 3419
f 3419 3482 3483
f 3419 3483 3420
f 3420 3483 3484
f 3420 3484 3421
f 3421 3484 3485
f 3421 3485 3422
f 3422 3485 3486
f 3422 3486 3423
f 3423 3486 3487
f 3423 3487 3424
f 3424 3487 3488
f 3424 3488 3425
f 3425 3488 3489
f 3425 3489 3426
f 3426 3489 3490
f 3426 3490 3427
f 3427 3490 3491
f 3427 3491 3428
f 3428 3491 3492
f 3428 3492 3429
f 3429 3492 3493
f 3429 3493 3430
f 3430 3493 3494
f 3430 3494 3431
f 3431 3494 3495
f 3431 3495 3432
f 3432 3495 3496
f 3432 3496 3433
f 3433 3496 3497
f 3433 3497 3434
f 3434 3497 3498
f 3434 3498 3435
f 3435 3498 3499
f 3435 3499 3436
f 3436 3499 3500
f 3436 3500 3437
f 3437 3500 3501
f 3437 3501 3438
f 3438 3501 3502
f 3438 3502 3439
f 3439 3502 3503
f 3439 3503 3440
f 3440 3503 3504
f 3440 3504 3441
f 3441 3504 3505
f 3441 3505 3442
f 3442 3505 3506
f 3442 3506 3443
f 3443 3506 3507
f 3443 3507 3444
f 3444 3507 3508
f 3444 3508 3445
f 3445 3508 3509
f 3445 3509 3446
f 3446 3509 3510
f 3446 3510 3447
f 3447 3510 3511
f 3447 3511 3448
f 3448 3511 3512
f 3448 3512 3449
f 3449 3512 3513
f 3449 3513 3450
f 3450 3513 3514
f 3450 3514 3451
f 3451 3514 3515
f 3451 3515 3452
f 3452 3515 3516
f 3452 3516 3453
f 3453 3516 3517
f 3453 3517 3454
f 3454 3517 3518
f 3454 3518 3455
f 3455 3518 3519
f 3455 3519 3456
f 3456 3519 3520
f 3456 3520 3393
f 3393 3520 3457
f 3457 3521 3458
f 3458 3521 3522
f 3458 3522 3459
f 3459 3522 3523
f 3459 3523 3460
f 3460 3523 3524
f 3460 3524 3461
f 3461 3524 3525
f 3461 3525 3462
f 3462 3525 3526
f 3462 3526 3463
f 3463 3526 3527
f 3463 3527 3464
f 3464 3527 3528
f 3464 3528 3465
f 3465 3528 3529
f 3465 3529 3466
f 3466 3529 3530
f 3466 3530 3467
f 3467 3530 3531
f 3467 3531 3468
f 3468 3531 3532
f 3468 3532 3469
f 3469 3532 3533
f 3469 3533 3470
f 3470 3533 3534
f 3470 3534 3471
f 3471 3534 3535
f 3471 3535 3472
f 3472 3535 3536
f 3472 3536 3473
f 3473 3536 3537
f 3473 3537 3474
f 3474 3537 3538
f 3474 3538 3475
f 3475 3538 3539
f 3475 3539 3476
f 3476 3539 3540
f 3476 3540 3477
f 3477 3540 3541
f 3477 3541 3478
f 3478 3541 3542
f 3478 3542 3479
f 3479 3542 3543
f 3479 3543 3480
f 3480 3543 3544
f 3480 3544 3481
f 3481 3544 3545
f 3481 3545 3482
f 3482 3545 3546
f 3482 3546 3483
f 3483 3546 3547
f 3483 3547 3484
f 3484 3547 3548
f 3484 3548 3485
f 3485 3548 3549
f 3485 3549 3486
f 3486 3549 3550
f 3486 3550 3487
f 3487 3550 3551
f 3487 3551 3488
f 3488 3551 3552
f 3488 3552 3489
f 3489 3552 3553
f 3489 3553 3490
f 3490 3553 3554
f 3490 3554 3491
f 3491 3554 3555
f 3491 3555 3492
f 3492 3555 3556
f 3492 3556 3493
f 3493 3556 3557
f 3493 3557 3494
f 3494 3557 3558
f 3494 3558 3495
f 3495 3558 3559
f 3495 3559 3496
f 3496 3559 3560
f 3496 3560 3497
f 3497 3560 3561
f 3497 3561 3498
f 3498 3561 3562
f 3498 3562 3499
f 3499 3562 3563
f 3499 3563 3500
f 3500 3563 3564
f 3500 3564 3501
f 3501 3564 3565
f 3501 3565 3502
f 3502 3565 3566
f 3502 3566 3503
f 3503 3566 3567
f 3503 3567 3504
f 3504 3567 3568
f 3504 3568 3505
f 3505 3568 3569
f 3505 3569 3506
f 3506 3569 3570
f 3506 3570 3507
f 3507 3570 3571
f 3507 3571 3508
f 3508 3571 3572
f 3508 3572 3509
f 3509 3572 3573
f 3509 3573 3510
f 3510 3573 3574
f 3510 3574 3511
f 3511 3574 3575
f 3511 3575 3512
f 3512 3575 3576
f 3512 3576 3513
f 3513 3576 3577
f 3513 3577 3514
f 3514 3577 3578
f 3514 3578 3515
f 3515 3578 3579
f 3515 3579 3516
f 3516 3579 3580
f 3516 3580 3517
f 3517 3580 3581
f 3517 3581 3518
f 3518 3581 3582
f 3518 3582 3519
f 3519 3582 3583
f 3519 3583 3520
f 3520 3583 3584
f 3520 3584 3457
f 3457 3584 3521
f 3521 3585 3522
f 3522 3585 3586
f 3522 3586 3523
f 3523 3586 3587
f 3523 3587 3524
f 3524 3587 3588
f 3524 3588 3525
f 3525 3588 3589
f 3525 3589 3526
f 3526 3589 3590
f 3526 3590 3527
f 3527 3590 3591
f 3527 3591 3528
f 3528 3591 3592
f 3528 3592 3529
f 3529 3592 3593
f 3529 3593 3530
f 3530 3593 3594
f 3530 3594 3531
f 3531 3594 3595
f 3531 3595 3532
f 3532 3595 3596
f 3532 3596 3533
f 3533 3596 3597
f 3533 3597 3534
f 3534 3597 3598
f 3534 3598 3535
f 3535 3598 3599
f 3535 3599 3536
f 3536 3599 3600
f 3536 3600 3537
f 3537 3600 3601
f 3537 3601 3538
f 3538 3601 3602
f 3538 3602 3539
f 3539 3602 3603
f 3539 3603 3540
f 3540 3603 3604
f 3540 3604 3541
f 3541 3604 3605
f 3541 3605 3542
f 3542 3605 3606
f 3542 3606 3543
f 3543 3606 3607
f 3543 3607 3544
f 3544 3607 3608
f 3544 3608 3545
f 3545 3608 3609
f 3545 3609 3546
f 3546 3609 3610
f 3546 3610 3547
f 3547 3610 3611
f 3547 3611 3548
f 3548 3611 3612
f 3548 3612 3549
f 3549 3612 3613
f 3549 3613 3550
f 3550 3613 3614
f 3550 3614 3551
f 3551 3614 3615
f 3551 3615 3552
f 3552 3615 3616
f 3552 3616 3553
f 3553 3616 3617
f 3553 3617 3554
f 3554 3617 3618
f 3554 3618 3555
f 3555 3618 3619
f 3555 3619 3556
f 3556 3619 3620
f 3556 3620 3557
f 3557 3620 3621
f 3557 3621 3558
f 3558 3621 3622
f 3558 3622 3559
f 3559 3622 3623
f 3559 3623 3560
f 3560 3623 3624
f 3560 3624 3561
f 3561 3624 3625
f 3561 3625 3562
f 3562 3625 3626
f 3562 3626 3563
f 3563 3626 3627
f 3563 3627 3564
f 3564 3627 3628
f 3564 3628 3565
f 3565 3628 3629
f 3565 3629 3566
f 3566 3629 3630
f 3566 3630 3567
f 3567 3630 3631
f 3567 3631 3568
f 3568 3631 3632
f 3568 3632 3569
f 3569 3632 3633
f 3569 3633 3570
f 3570 3633 3634
f 3570 3634 3571
f 3571 3634 3635
f 3571 3635 3572
f 3572 3635 3636
f 3572 3636 3573
f 3573 3636 3637
f 3573 3637 3574
f 3574 3637 3638
f 3574 3638 3575
f 3575 3638 3639
f 3575 3639 3576
f 3576 3639 3640
f 3576 3640 3577
f 3577 3640 3641
f 3577 3641 3578
f 3578 3641 3642
f 3578 3642 3579
f 3579 3642 3643
f 3579 3643 3580
f 3580 3643 3644
f 3580 3644 3581
f 3581 3644 3645
f 3581 3645 3582
f 3582 3645 3646
f 3582 3646 3583
f 3583 3646 3647
f 3583 3647 3584
f 3584 3647 3648
f 3584 3648 3521
f 3521 3648 3585
f 3585 3649 3586
f 3586 3649 3650
f 3586 3650 3587
f 3587 3650 3651
f 3587 3651 3588
f 3588 3651 3652
f 3588 3652 3589
f 3589 3652 3653
f 3589 3653 3590
f 3590 3653 3654
f 3590 3654 3591
f 3591 3654 3655
f 3591 3655 3592
f 3592 3655 3656
f 3592 3656 3593
f 3593 3656 3657
f 3593 3657 3594
f 3594 3657 3658
f 3594 3658 3595
f 3595 3658 3659
f 3595 3659 3596
f 3596 3659 3660
f 3596 3660 3597
f 3597 3660 3661
f 3597 3661 3598
f 3598 3661 3662
f 3598 3662 3599
f 3599 3662 3663
f 3599 3663 3600
f 3600 3663 3664
f 3600 3664 3601
f 3601 3664 3665
f 3601 3665 3602
f 3602 3665 3666
f 3602 3666 3603
f 3603 3666 3667
f 3603 3667 3604
f 3604 3667 3668
f 3604 3668 3605
f 3605 3668 3669
f 3605 3669 3606
f 3606 3669 3670
f 3606 3670 3607
f 3607 3670 3671
f 3607 3671 3608
f 3608 3671 3672
f 3608 3672 3609
f 3609 3672 3673
f 3609 3673 3610
f 3610 3673 3674
f 3610 3674 3611
f 3611 3674 3675
f 3611 3675 3612
f 3612 3675 3676
f 3612 3676 3613
f 3613 3676 3677
f 3613 3677 3614
f 3614 3677 3678
f 3614 3678 3615
f 3615 3678 3679
f 3615 3679 3616
f 3616 3679 3680
f 3616 3680 3617
f 3617 3680 3681
f 3617 3681 3618
f 3618 3681 3682
f 3618 3682 3619
f 3619 3682 3683
f 3619 3683 3620
f 3620 3683 3684
f 3620 3684 3621
f 3621 3684 3685
f 3621 3685 3622
f 3622 3685 3686
f 3622 3686 3623
f 3623 3686 3687
f 3623 3687 3624
f 3624 3687 3688
f 3624 3688 3625
f 3625 3688 3689
f 3625 3689 3626
f 3626 3689 3690
f 3626 3690 3627
f 3627 3690 3691
f 3627 3691 3628
f 3628 3691 3692
f 3628 3692 3629
f 3629 3692 3693
f 3629 3693 3630
f 3630 3693 3694
f 3630 3694 3631
f 3631 3694 3695
f 3631 3695 3632
f 3632 3695 3696
f 3632 3696 3633
f 3633 3696 3697
f 3633 3697 3634
f 3634 3697 3698
f 3634 3698 3635
f 3635 3698 3699
f 3635 3699 3636
f 3636 3699 3700
f 3636 3700 3637
f 3637 3700 3701
f 3637 3701 3638
f 3638 3701 3702
f 3638 3702 3639
f 3639 3702 3703
f 3639 3703 3640
f 3640 3703 3704
f 3640 3704 3641
f 3641 3704 3705
f 3641 3705 3642
f 3642 3705 3706
f 3642 3706 3643
f 3643 3706 3707
f 3643 3707 3644
f 3644 3707 3708
f 3644 3708 3645
f 3645 3708 3709
f 3645 3709 3646
f 3646 3709 3710
f 3646 3710 3647
f 3647 3710 3711
f 3647 3711 3648
f 3648 3711 3712
f 3648 3712 3585
f 3585 3712 3649
f 3649 3713 3650
f 3650 3713 3714
f 3650 3714 3651
f 3651 3714 3715
f 3651 3715 3652
f 3652 3715 3716
f 3652 3716 3653
f 3653 3716 3717
f 3653 3717 3654
f 3654 3717 3718
f 3654 3718 3655
f 3655 3718 3719
f 3655 3719 3656
f 3656 3719 3720
f 3656 3720 3657
f 3657 3720 3721
f 3657 3721 3658
f 3658 3721 3722
f 3658 3722 3659
f 3659 3722 3723
f 3659 3723 3660
f 3660 3723 3724
f 3660 3724 3661
f 3661 3724 3725
f 3661 3725 3662
f 3662 3725 3726
f 3662 3726 3663
f 3663 3726 3727
f 3663 3727 3664
f 3664 3727 3728
f 3664 3728 3665
f 3665 3728 3729
f 3665 3729 3666
f 3666 3729 3730
f 3666 3730 3667
f 3667 3730 3731
f 3667 3731 3668
f 3668 3731 3732
f 3668 3732 3669
f 3669 3732 3733
f 3669 3733 3670
f 3670 3733 3734
f 3670 3734 3671
f 3671 3734 3735
f 3671 3735 3672
f 3672 3735 3736
f 3672 3736 3673
f 3673 3736 3737
f 3673 3737 3674
f 3674 3737 3738
f 3674 3738 3675
f 3675 3738 3739
f 3675 3739 3676
f 3676 3739 3740
f 3676 3740 3677
f 3677 3740 3741
f 3677 3741 3678
f 3678 3741 3742
f 3678 3742 3679
f 3679 3742 3743
f 3679 3743 3680
f 3680 3743 3744
f 3680 3744 3681
f 3681 3744 3745
f 3681 3745 3682
f 3682 3745 3746
f 3682 3746 3683
f 3683 3746 3747
f 3683 3747 3684
f 3684 3747 3748
f 3684 3748 3685
f 3685 3748 3749
f 3685 3749 3686
f 3686 3749 3750
f 3686 3750 3687
f 3687 3750 3751
f 3687 3751 3688
f 3688 3751 3752
f 3688 3752 3689
f 3689 3752 3753
f 3689 3753 3690
f 3690 3753 3754
f 3690 3754 3691
f 3691 3754 3755
f 3691 3755 3692
f 3692 3755 3756
f 3692 3756 3693
f 3693 3756 3757
f 3693 3757 3694
f 3694 3757 3758
f 3694 3758 3695
f 3695 3758 3759
f 3695 3759 3696
f 3696 3759 3760
f 3696 3760 3697
f 3697 3760 3761
f 3697 3761 3698
f 3698 3761 3762
f 3698 3762 3699
f 3699 3762 3763
f 3699 3763 3700
f 3700 3763 3764
f 3700 3764 3701
f 3701 3764 3765
f 3701 3765 3702
f 3702 3765 3766
f 3702 3766 3703
f 3703 3766 3767
f 3703 3767 3704
f 3704 3767 3768
f 3704 3768 3705
f 3705 3768 3769
f 3705 3769 3706
f 3706 3769 3770
f 3706 3770 3707
f 3707 3770 3771
f 3707 3771 3708
f 3708 3771 3772
f 3708 3772 3709
f 3709 3772 3773
f 3709 3773 3710
f 3710 3773 3774
f 3710 3774 3711
f 3711 3774 3775
f 3711 3775 3712
f 3712 3775 3776
f 3712 3776 3649
f 3649 3776 3713
f 3713 3777 3714
f 3714 3777 3778
f 3714 3778 3715
f 3715 3778 3779
f 3715 3779 3716
f 3716 3779 3780
f 3716 3780 3717
f 3717 3780 3781
f 3717 3781 3718
f 3718 3781 3782
f 3718 3782 3719
f 3719 3782 3783
f 3719 3783 3720
f 3720 3783 3784
f 3720 3784 3721
f 3721 3784 3785
f 3721 3785 3722
f 3722 3785 3786
f 3722 3786 3723
f 3723 3786 3787
f 3723 3787 3724
f 3724 3787 3788
f 3724 3788 3725
f 3725 3788 3789
f 3725 3789 3726
f 3726 3789 3790
f 3726 3790 3727
f 3727 3790 3791
f 3727 3791 3728
f 3728 3791 3792
f 3728 3792 3729
f 3729 3792 3793
f 3729 3793 3730
f 3730 3793 3794
f 3730 3794 3731
f 3731 3794 3795
f 3731 3795 3732
f 3732 3795 3796
f 3732 3796 3733
f 3733 3796 3797
f 3733 3797 3734
f 3734 3797 3798
f 3734 3798 3735
f 3735 3798 3799
f 3735 3799 3736
f 3736 3799 3800
f 3736 3800 3737
f 3737 3800 3801
f 3737 3801 3738
f 3738 3801 3802
f 3738 3802 3739
f 3739 3802 3803
f 3739 3803 3740
f 3740 3803 3804
f 3740 3804 3741
f 3741 3804 3805
f 3741 3805 3742
f 3742 3805 3806
f 3742 3806 3743
f 3743 3806 3807
f 3743 3807 3744
f 3744 3807 3808
f 3744 3808 3745
f 3745 3808 3809
f 3745 3809 3746
f 3746 3809 3810
f 3746 3810 3747
f 3747 3810 3811
f 3747 3811 3748
f 3748 3811 3812
f 3748 3812 3749
f 3749 3812 3813
f 3749 3813 3750
f 3750 3813 3814
f 3750 3814 3751
f 3751 3814 3815
f 3751 3815 3752
f 3752 3815 3816
f 3752 3816 3753
f 3753 3816 3817
f 3753 3817 3754
f 3754 3817 3818
f 3754 3818 3755
f 3755 3818 3819
f 3755 3819 3756
f 3756 3819 3820
f 3756 3820 3757
f 3757 3820 3821
f 3757 3821 3758
f 3758 3821 3822
f 3758 3822 3759
f 3759 3822 3823
f 3759 3823 3760
f 3760 3823 3824
f 3760 3824 3761
f 3761 3824 3825
f 3761 3825 3762
f 3762 3825 3826
f 3762 3826 3763
f 3763 3826 3827
f 3763 3827 3764
f 3764 3827 3828
f 3764 3828 3765
f 3765 3828 3829
f 3765 3829 3766
f 3766 3829 3830
f 3766 3830 3767
f 3767 3830 3831
f 3767 3831 3768
f 3768 3831 3832
f 3768 3832 3769
f 3769 3832 3833
f 3769 3833 3770
f 3770 3833 3834
f 3770 3834 3771
f 3771 3834 3835
f 3771 3835 3772
f 3772 3835 3836
f 3772 3836 3773
f 3773 3836 3837
f 3773 3837 3774
f 3774 3837 3838
f 3774 3838 3775
f 3775 3838 3839
f 3775 3839 3776
f 3776 3839 3840
f 3776 3840 3713
f 3713 3840 3777
f 3777 3841 3778
f 3778 3841 3842
f 3778 3842 3779
f 3779 3842 3843
f 3779 3843 3780
f 3780 3843 3844
f 3780 3844 3781
f 3781 3844 3845
f 3781 3845 3782
f 3782 3845 3846
f 3782 3846 3783
f 3783 3846 3847
f 3783 3847 3784
f 3784 3847 3848
f 3784 3848 3785
f 3785 3848 3849
f 3785 3849 3786
f 3786 3849 3850
f 3786 3850 3787
f 3787 3850 3851
f 3787 3851 3788
f 3788 3851 3852
f 3788 3852 3789
f 3789 3852 3853
f 3789 3853 3790
f 3790 3853 3854
f 3790 3854 3791
f 3791 3854 3855
f 3791 3855 3792
f 3792 3855 3856
f 3792 3856 3793
f 3793 3856 3857
f 3793 3857 3794
f 3794 3857 3858
f 3794 3858 3795
f 3795 3858 3859
f 3795 3859 3796
f 3796 3859 3860
f 3796 3860 3797
f 3797 3860 3861
f 3797 3861 3798
f 3798 3861 3862
f 3798 3862 3799
f 3799 3862 3863
f 3799 3863 3800
f 3800 3863 3864
f 3800 3864 3801
f 3801 3864 3865
f 3801 3865 3802
f 3802 3865 3866
f 3802 3866 3803
f 3803 3866 3867
f 3803 3867 3804
f 3804 3867 3868
f 3804 3868 3805
f 3805 3868 3869
f 3805 3869 3806
f 3806 3869 3870
f 3806 3870 3807
f 3807 3870 3871
f 3807 3871 3808
f 3808 3871 3872
f 3808 3872 3809
f 3809 3872 3873
f 3809 3873 3810
f 3810 3873 3874
f 3810 3874 3811
f 3811 3874 3875
f 3811 3875 3812
f 3812 3875 3876
f 3812 3876 3813
f 3813 3876 3877
f 3813 3877 3814
f 3814 3877 3878
f 3814 3878 3815
f 3815 3878 3879
f 3815 3879 3816
f 3816 3879 3880
f 3816 3880 3817
f 3817 3880 3881
f 3817 3881 3818
f 3818 3881 3882
f 3818 3882 3819
f 3819 3882 3883
f 3819 3883 3820
f 3820 3883 3884
f 3820 3884 3821
f 3821 3884 3885
f 3821 3885 3822
f 3822 3885 3886
f 3822 3886 3823
f 3823 3886 3887
f 3823 3887 3824
f 3824 3887 3888
f 3824 3888 3825
f 3825 3888 3889
f 3825 3889 3826
f 3826 3889 3890
f 3826 3890 3827
f 3827 3890 3891
f 3827 3891 3828
f 3828 3891 3892
f 3828 3892 3829
f 3829 3892 3893
f 3829 3893 3830
f 3830 3893 3894
f 3830 3894 3831
f 3831 3894 3895
f 3831 3895 3832
f 3832 3895 3896
f 3832 3896 3833
f 3833 3896 3897
f 3833 3897 3834
f 3834 3897 3898
f 3834 3898 3835
f 3835 3898 3899
f 3835 3899 3836
f 3836 3899 3900
f 3836 3900 3837
f 3837 3900 3901
f 3837 3901 3838
f 3838 3901 3902
f 3838 3902 3839
f 3839 3902 3903
f 3839 3903 3840
f 3840 3903 3904
f 3840 3904 3777
f 3777 3904 3841
f 3841 3905 3842
f 3842 3905 3906
f 3842 3906 3843
f 3843 3906 3907
f 3843 3907 3844
f 3844 3907 3908
f 3844 3908 3845
f 3845 3908 3909
f 3845 3909 3846
f 3846 3909 3910
f 3846 3910 3847
f 3847 3910 3911
f 3847 3911 3848
f 3848 3911 3912
f 3848 3912 3849
f 3849 3912 3913
f 3849 3913 3850
f 3850 3913 3914
f 3850 3914 3851
f 3851 3914 3915
f 3851 3915 3852
f 3852 3915 3916
f 3852 3916 3853
f 3853 3916 3917
f 3853 3917 3854
f 3854 3917 3918
f 3854 3918 3855
f 3855 3918 3919
f 3855 3919 3856
f 3856 3919 3920
f 3856 3920 3857
f 3857 3920 3921
f 3857 3921 3858
f 3858 3921 3922
f 3858 3922 3859
f 3859 3922 3923
f 3859 3923 3860
f 3860 3923 3924
f 3860 3924 3861
f 3861 3924 3925
f 3861 3925 3862
f 3862 3925 3926
f 3862 3926 3863
f 3863 3926 3927
f 3863 3927 3864
f 3864 3927 3928
f 3864 3928 3865
f 3865 3928 3929
f 3865 3929 3866
f 3866 3929 3930
f 3866 3930 3867
f 3867 3930 3931
f 3867 3931 3868
f 3868 3931 3932
f 3868 3932 3869
f 3869 3932 3933
f 3869 3933 3870
f 3870 3933 3934
f 3870 3934 3871
f 3871 3934 3935
f 3871 3935 3872
f 3872 3935 3936
f 3872 3936 3873
f 3873 3936 3937
f 3873 3937 3874
f 3874 3937 3938
f 3874 3938 3875
f 3875 3938 3939
f 3875 3939 3876
f 3876 3939 3940
f 3876 3940 3877
f 3877 3940 3941
f 3877 3941 3878
f 3878 3941 3942
f 3878 3942 3879
f 3879 3942 3943
f 3879 3943 3880
f 3880 3943 3944
f 3880 3944 3881
f 3881 3944 3945
f 3881 3945 3882
f 3882 3945 3946
f 3882 3946 3883
f 3883 3946 3947
f 3883 3947 3884
f 3884 3947 3948
f 3884 3948 3885
f 3885 3948 3949
f 3885 3949 3886
f 3886 3949 3950
f 3886 3950 3887
f 3887 3950 3951
f 3887 3951 3888
f 3888 3951 3952
f 3888 3952 3889
f 3889 3952 3953
f 3889 3953 3890
f 3890 3953 3954
f 3890 3954 3891
f 3891 3954 3955
f 3891 3955 3892
f 3892 3955 3956
f 3892 3956 3893
f 3893 3956 3957
f 3893 3957 3894
f 3894 3957 3958
f 3894 3958 3895
f 3895 3958 3959
f 3895 3959 3896
f 3896 3959 3960
f 3896 3960 3897
f 3897 3960 3961
f 3897 3961 3898
f 3898 3961 3962
f 3898 3962 3899
f 3899 3962 3963
f 3899 3963 3900
f 3900 3963 3964
f 3900 3964 3901
f 3901 3964 3965
f 3901 3965 3902
f 3902 3965 3966
f 3902 3966 3903
f 3903 3966 3967
f 3903 3967 3904
f 3904 3967 3968
f 3904 3968 3841
f 3841 3968 3905
f 3905 3969 3906
f 3906 3969 3970
f 3906 3970 3907
f 3907 3970 3971
f 3907 3971 3908
f 3908 3971 3972
f 3908 3972 3909
f 3909 3972 3973
f 3909 3973 3910
f 3910 3973 3974
f 3910 3974 3911
f 3911 3974 3975
f 3911 3975 3912
f 3912 3975 3976
f 3912 3976 3913
f 3913 3976 3977
f 3913 3977 3914
f 3914 3977 3978
f 3914 3978 3915
f 3915 3978 3979
f 3915 3979 3916
f 3916 3979 3980
f 3916 3980 3917
f 3917 3980 3981
f 3917 3981 3918
f 3918 3981 3982
f 3918 3982 3919
f 3919 3982 3983
f 3919 3983 3920
f 3920 3983 3984
f 3920 3984 3921
f 3921 3984 3985
f 3921 3985 3922
f 3922 3985 3986
f 3922 3986 3923
f 3923 3986 3987
f 3923 3987 3924
f 3924 3987 3988
f 3924 3988 3925
f 3925 3988 3989
f 3925 3989 3926
f 3926 3989 3990
f 3926 3990 3927
f 3927 3990 3991
f 3927 3991 3928
f 3928 3991 3992
f 3928 3992 3929
f 3929 3992 3993
f 3929 3993 3930
f 3930 3993 3994
f 3930 3994 3931
f 3931 3994 3995
f 3931 3995 3932
f 3932 3995 3996
f 3932 3996 3933
f 3933 3996 3997
f 3933 3997 3934
f 3934 3997 3998
f 3934 3998 3935
f 3935 3998 3999
f 3935 3999 3936
f 3936 3999 4000
f 3936 4000 3937
f 3937 4000 4001
f 3937 4001 3938
f 3938 4001 4002
f 3938 4002 3939
f 3939 4002 4003
f 3939 4003 3940
f 3940 4003 4004
f 3940 4004 3941
f 3941 4004 4005
f 3941 4005 3942
f 3942 4005 4006
f 3942 4006 3943
f 3943 4006 4007
f 3943 4007 3944
f 3944 4007 4008
f 3944 4008 3945
f 3945 4008 4009
f 3945 4009 3946
f 3946 4009 4010
f 3946 4010 3947
f 3947 4010 4011
f 3947 4011 3948
f 3948 4011 4012
f 3948 4012 3949
f 3949 4012 4013
f 3949 4013 3950
f 3950 4013 4014
f 3950 4014 3951
f 3951 4014 4015
f 3951 4015 3952
f 3952 4015 4016
f 3952 4016 3953
f 3953 4016 4017
f 3953 4017 3954
f 3954 4017 4018
f 3954 4018 3955
f 3955 4018 4019
f 3955 4019 3956
f 3956 4019 4020
f 3956 4020 3957
f 3957 4020 4021
f 3957 4021 3958
f 3958 4021 4022
f 3958 4022 3959
f 3959 4022 4023
f 3959 4023 3960
f 3960 4023 4024
f 3960 4024 3961
f 3961 4024 4025
f 3961 4025 3962
f 3962 4025 4026
f 3962 4026 3963
f 3963 4026 4027
f 3963 4027 3964
f 3964 4027 4028
f 3964 4028 3965
f 3965 4028 4029
f 3965 4029 3966
f 3966 4029 4030
f 3966 4030 3967
f 3967 4030 4031
f 3967 4031 3968
f 3968 4031 4032
f 3968 4032 3905
f 3905 4032 3969
f 3969 4033 3970
f 3970 4033 4034
f 3970 4034 3971
f 3971 4034 4035
f 3971 4035 3972
f 3972 4035 4036
f 3972 4036 3973
f 3973 4036 4037
f 3973 4037 3974
f 3974 4037 4038
f 3974 4038 3975
f 3975 4038 4039
f 3975 4039 3976
f 3976 4039 4040
f 3976 4040 3977
f 3977 4040 4041
f 3977 4041 3978
f 3978 4041 4042
f 3978 4042 3979
f 3979 4042 4043
f 3979 4043 3980
f 3980 4043 4044
f 3980 4044 3981
f 3981 4044 4045
f 3981 4045 3982
f 3982 4045 4046
f 3982 4046 3983
f 3983 4046 4047
f 3983 4047 3984
f 3984 4047 4048
f 3984 4048 3985
f 3985 4048 4049
f 3985 4049 3986
f 3986 4049 4050
f 3986 4050 3987
f 3987 4050 4051
f 3987 4051 3988
f 3988 4051 4052
f 3988 4052 3989
f 3989 4052 4053
f 3989 4053 3990
f 3990 4053 4054
f 3990 4054 3991
f 3991 4054 4055
f 3991 4055 3992
f 3992 4055 4056
f 3992 4056 3993
f 3993 4056 4057
f 3993 4057 3994
f 3994 4057 4058
f 3994 4058 3995
f 3995 4058 4059
f 3995 4059 3996
f 3996 4059 4060
f 3996 4060 3997
f 3997 4060 4061
f 3997 4061 3998
f 3998 4061 4062
f 3998 4062 3999
f 3999 4062 4063
f 3999 4063 4000
f 4000 4063 4064
f 4000 4064 4001
f 4001 4064 4065
f 4001 4065 4002
f 4002 4065 4066
f 4002 4066 4003
f 4003 4066 4067
f 4003 4067 4004
f 4004 4067 4068
f 4004 4068 4005
f 4005 4068 4069
f 4005 4069 4006
f 4006 4069 4070
f 4006 4070 4007
f 4007 4070 4071
f 4007 4071 4008
f 4008 4071 4072
f 4008 4072 4009
f 4009 4072 4073
f 4009 4073 4010
f 4010 4073 4074
f 4010 4074 4011
f 4011 4074 4075
f 4011 4075 4012
f 4012 4075 4076
f 4012 4076 4013
f 4013 4076 4077
f 4013 4077 4014
f 4014 4077 4078
f 4014 4078 4015
f 4015 4078 4079
f 4015 4079 4016
f 4016 4079 4080
f 4016 4080 4017
f 4017 4080 4081
f 4017 4081 4018
f 4018 4081 4082
f 4018 4082 4019
f 4019 4082 4083
f 4019 4083 4020
f 4020 4083 4084
f 4020 4084 4021
f 4021 4084 4085
f 4021 4085 4022
f 4022 4085 4086
f 4022 4086 4023
f 4023 4086 4087
f 4023 4087 4024
f 4024 4087 4088
f 4024 4088 4025
f 4025 4088 4089
f 4025 4089 4026
f 4026 4089 4090
f 4026 4090 4027
f 4027 4090 4091
f 4027 4091 4028
f 4028 4091 4092
f 4028 4092 4029
f 4029 4092 4093
f 4029 4093 4030
f 4030 4093 4094
f 4030 4094 4031
f 4031 4094 4095
f 4031 4095 4032
f 4032 4095 4096
f 4032 4096 3969
f 3969 4096 4033
f 4033 4097 4034
f 4034 4097 4098
f 4034 4098 4035
f 4035 4098 4099
f 4035 4099 4036
f 4036 4099 4100
f 4036 4100 4037
f 4037 4100 4101
f 4037 4101 4038
f 4038 4101 4102
f 4038 4102 4039
f 4039 4102 4103
f 4039 4103 4040
f 4040 4103 4104
f 4040 4104 4041
f 4041 4104 4105
f 4041 4105 4042
f 4042 4105 4106
f 4042 4106 4043
f 4043 4106 4107
f 4043 4107 4044
f 4044 4107 4108
f 4044 4108 4045
f 4045 4108 4109
f 4045 4109 4046
f 4046 4109 4110
f 4046 4110 4047
f 4047 4110 4111
f 4047 4111 4048
f 4048 4111 4112
f 4048 4112 4049
f 4049 4112 4113
f 4049 4113 4050
f 4050 4113 4114
f 4050 4114 4051
f 4051 4114 4115
f 4051 4115 4052
f 4052 4115 4116
f 4052 4116 4053
f 4053 4116 4117
f 4053 4117 4054
f 4054 4117 4118
f 4054 4118 4055
f 4055 4118 4119
f 4055 4119 4056
f 4056 4119 4120
f 4056 4120 4057
f 4057 4120 4121
f 4057 4121 4058
f 4058 4121 4122
f 4058 4122 4059
f 4059 4122 4123
f 4059 4123 4060
f 4060 4123 4124
f 4060 4124 4061
f 4061 4124 4125
f 4061 4125 4062
f 4062 4125 4126
f 4062 4126 4063
f 4063 4126 4127
f 4063 4127 4064
f 4064 4127 4128
f 4064 4128 4065
f 4065 4128 4129
f 4065 4129 4066
f 4066 4129 4130
f 4066 4130 4067
f 4067 4130 4131
f 4067 4131 4068
f 4068 4131 4132
f 4068 4132 4069
f 4069 4132 4133
f 4069 4133 4070
f 4070 4133 4134
f 4070 4134 4071
f 4071 4134 4135
f 4071 4135 4072
f 4072 4135 4136
f 4072 4136 4073
f 4073 4136 4137
f 4073 4137 4074
f 4074 4137 4138
f 4074 4138 4075
f 4075 4138 4139
f 4075 4139 4076
f 4076 4139 4140
f 4076 4140 4077
f 4077 4140 4141
f 4077 4141 4078
f 4078 4141 4142
f 4078 4142 4079
f 4079 4142 4143
f 4079 4143 4080
f 4080 4143 4144
f 4080 4144 4081
f 4081 4144 4145
f 4081 4145 4082
f 4082 4145 4146
f 4082 4146 4083
f 4083 4146 4147
f 4083 4147 4084
f 4084 4147 4148
f 4084 4148 4085
f 4085 4148 4149
f 4085 4149 4086
f 4086 4149 4150
f 4086 4150 4087
f 4087 4150 4151
f 4087 4151 4088
f 4088 4151 4152
f 4088 4152 4089
f 4089 4152 4153
f 4089 4153 4090
f 4090 4153 4154
f 4090 4154 4091
f 4091 4154 4155
f 4091 4155 4092
f 4092 4155 4156
f 4092 4156 4093
f 4093 4156 4157
f 4093 4157 4094
f 4094 4157 4158
f 4094 4158 4095
f 4095 4158 4159
f 4095 4159 4096
f 4096 4159 4160
f 4096 4160 4033
f 4033 4160 4097
f 4097 4161 4098
f 4098 4161 4162
f 4098 4162 4099
f 4099 4162 4163
f 4099 4163 4100
f 4100 4163 4164
f 4100 4164 4101
f 4101 4164 4165
f 4101 4165 4102
f 4102 4165 4166
f 4102 4166 4103
f 4103 4166 4167
f 4103 4167 4104
f 4104 4167 4168
f 4104 4168 4105
f 4105 4168 4169
f 4105 4169 4106
f 4106 4169 4170
f 4106 4170 4107
f 4107 4170 4171
f 4107 4171 4108
f 4108 4171 4172
f 4108 4172 4109
f 4109 4172 4173
f 4109 4173 4110
f 4110 4173 4174
f 4110 4174 4111
f 4111 4174 4175
f 4111 4175 4112
f 4112 4175 4176
f 4112 4176 4113
f 4113 4176 4177
f 4113 4177 4114
f 4114 4177 4178
f 4114 4178 4115
f 4115 4178 4179
f 4115 4179 4116
f 4116 4179 4180
f 4116 4180 4117
f 4117 4180 4181
f 4117 4181 4118
f 4118 4181 4182
f 4118 4182 4119
f 4119 4182 4183
f 4119 4183 4120
f 4120 4183 4184
f 4120 4184 4121
f 4121 4184 4185
f 4121 4185 4122
f 4122 4185 4186
f 4122 4186 4123
f 4123 4186 4187
f 4123 4187 4124
f 4124 4187 4188
f 4124 4188 4125
f 4125 4188 4189
f 4125 4189 4126
f 4126 4189 4190
f 4126 4190 4127
f 4127 4190 4191
f 4127 4191 4128
f 4128 4191 4192
f 4128 4192 4129
f 4129 4192 4193
f 4129 4193 4130
f 4130 4193 4194
f 4130 4194 4131
f 4131 4194 4195
f 4131 4195 4132
f 4132 4195 4196
f 4132 4196 4133
f 4133 4196 4197
f 4133 4197 4134
f 4134 4197 4198
f 4134 4198 4135
f 4135 4198 4199
f 4135 4199 4136
f 4136 4199 4200
f 4136 4200 4137
f 4137 4200 4201
f 4137 4201 4138
f 4138 4201 4202
f 4138 4202 4139
f 4139 4202 4203
f 4139 4203 4140
f 4140 4203 4204
f 4140 4204 4141
f 4141 4204 4205
f 4141 4205 4142
f 4142 4205 4206
f 4142 4206 4143
f 4143 4206 4207
f 4143 4207 4144
f 4144 4207 4208
f 4144 4208 4145
f 4145 4208 4209
f 4145 4209 4146
f 4146 4209 4210
f 4146 4210 4147
f 4147 4210 4211
f 4147 4211 4148
f 4148 4211 4212
f 4148 4212 4149
f 4149 4212 4213
f 4149 4213 4150
f 4150 4213 4214
f 4150 4214 4151
f 4151 4214 4215
f 4151 4215 4152
f 4152 4215 4216
f 4152 4216 4153
f 4153 4216 4217
f 4153 4217 4154
f 4154 4217 4218
f 4154 4218 4155
f 4155 4218 4219
f 4155 4219 4156
f 4156 4219 4220
f 4156 4220 4157
f 4157 4220 4221
f 4157 4221 4158
f 4158 4221 4222
f 4158 4222 4159
f 4159 4222 4223
f 4159 4223 4160
f 4160 4223 4224
f 4160 4224 4097
f 4097 4224 4161
f 4161 4225 4162
f 4162 4225 4226
f 4162 4226 4163
f 4163 4226 4227
f 4163 4227 4164
f 4164 4227 4228
f 4164 4228 4165
f 4165 4228 4229
f 4165 4229 4166
f 4166 4229 4230
f 4166 4230 4167
f 4167 4230 4231
f 4167 4231 4168
f 4168 4231 4232
f 4168 4232 4169
f 4169 4232 4233
f 4169 4233 4170
f 4170 4233 4234
f 4170 4234 4171
f 4171 4234 4235
f 4171 4235 4172
f 4172 4235 4236
f 4172 4236 4173
f 4173 4236 4237
f 4173 4237 4174
f 4174 4237 4238
f 4174 4238 4175
f 4175 4238 4239
f 4175 4239 4176
f 4176 4239 4240
f 4176 4240 4177
f 4177 4240 4241
f 4177 4241 4178
f 4178 4241 4242
f 4178 4242 4179
f 4179 4242 4243
f 4179 4243 4180
f 4180 4243 4244
f 4180 4244 4181
f 4181 4244 4245
f 4181 4245 4182
f 4182 4245 4246
f 4182 4246 4183
f 4183 4246 4247
f 4183 4247 4184
f 4184 4247 4248
f 4184 4248 4185
f 4185 4248 4249
f 4185 4249 4186
f 4186 4249 4250
f 4186 4250 4187
f 4187 4250 4251
f 4187 4251 4188
f 4188 4251 4252
f 4188 4252 4189
f 4189 4252 4253
f 4189 4253 4190
f 4190 4253 4254
f 4190 4254 4191
f 4191 4254 4255
f 4191 4255 4192
f 4192 4255 4256
f 4192 4256 4193
f 4193 4256 4257
f 4193 4257 4194
f 4194 4257 4258
f 4194 4258 4195
f 4195 4258 4259
f 4195 4259 4196
f 4196 4259 4260
f 4196 4260 4197
f 4197 4260 4261
f 4197 4261 4198
f 4198 4261 4262
f 4198 4262 4199
f 4199 4262 4263
f 4199 4263 4200
f 4200 4263 4264
f 4200 4264 4201
f 4201 4264 4265
f 4201 4265 4202
f 4202 4265 4266
f 4202 4266 4203
f 4203 4266 4267
f 4203 4267 4204
f 4204 4267 4268
f 4204 4268 4205
f 4205 4268 4269
f 4205 4269 4206
f 4206 4269 4270
f 4206 4270 4207
f 4207 4270 4271
f 4207 4271 4208
f 4208 4271 4272
f 4208 4272 4209
f 4209 4272 4273
f 4209 4273 4210
f 4210 4273 4274
f 4210 4274 4211
f 4211 4274 4275
f 4211 4275 4212
f 4212 4275 4276
f 4212 4276 4213
f 4213 4276 4277
f 4213 4277 4214
f 4214 4277 4278
f 4214 4278 4215
f 4215 4278 4279
f 4215 4279 4216
f 4216 4279 4280
f 4216 4280 4217
f 4217 4280 4281
f 4217 4281 4218
f 4218 4281 4282
f 4218 4282 4219
f 4219 4282 4283
f 4219 4283 4220
f 4220 4283 4284
f 4220 4284 4221
f 4221 4284 4285
f 4221 4285 4222
f 4222 4285 4286
f 4222 4286 4223
f 4223 4286 4287
f 4223 4287 4224
f 4224 4287 4288
f 4224 4288 4161
f 4161 4288 4225
f 4225 4289 4226
f 4226 4289 4290
f 4226 4290 4227
f 4227 4290 4291
f 4227 4291 4228
f 4228 4291 4292
f 4228 4292 4229
f 4229 4292 4293
f 4229 4293 4230
f 4230 4293 4294
f 4230 4294 4231
f 4231 4294 4295
f 4231 4295 4232
f 4232 4295 4296
f 4232 4296 4233
f 4233 4296 4297
f 4233 4297 4234
f 4234 4297 4298
f 4234 4298 4235
f 4235 4298 4299
f 4235 4299 4236
f 4236 4299 4300
f 4236 4300 4237
f 4237 4300 4301
f 4237 4301 4238
f 4238 4301 4302
f 4238 4302 4239
f 4239 4302 4303
f 4239 4303 4240
f 4240 4303 4304
f 4240 4304 4241
f 4241 4304 4305
f 4241 4305 4242
f 4242 4305 4306
f 4242 4306 4243
f 4243 4306 4307
f 4243 4307 4244
f 4244 4307 4308
f 4244 4308 4245
f 4245 4308 4309
f 4245 4309 4246
f 4246 4309 4310
f 4246 4310 4247
f 4247 4310 4311
f 4247 4311 4248
f 4248 4311 4312
f 4248 4312 4249
f 4249 4312 4313
f 4249 4313 4250
f 4250 4313 4314
f 4250 4314 4251
f 4251 4314 4315
f 4251 4315 4252
f 4252 4315 4316
f 4252 4316 4253
f 4253 4316 4317
f 4253 4317 4254
f 4254 4317 4318
f 4254 4318 4255
f 4255 4318 4319
f 4255 4319 4256
f 4256 4319 4320
f 4256 4320 4257
f 4257 4320 4321
f 4257 4321 4258
f 4258 4321 4322
f 4258 4322 4259
f 4259 4322 4323
f 4259 4323 4260
f 4260 4323 4324
f 4260 4324 4261
f 4261 4324 4325
f 4261 4325 4262
f 4262 4325 4326
f 4262 4326 4263
f 4263 4326 4327
f 4263 4327 4264
f 4264 4327 4328
f 4264 4328 4265
f 4265 4328 4329
f 4265 4329 4266
f 4266 4329 4330
f 4266 4330 4267
f 4267 4330 4331
f 4267 4331 4268
f 4268 4331 4332
f 4268 4332 4269
f 4269 4332 4333
f 4269 4333 4270
f 4270 4333 4334
f 4270 4334 4271
f 4271 4334 4335
f 4271 4335 4272
f 4272 4335 4336
f 4272 4336 4273
f 4273 4336 4337
f 4273 4337 4274
f 4274 4337 4338
f 4274 4338 4275
f 4275 4338 4339
f 4275 4339 4276
f 4276 4339 4340
f 4276 4340 4277
f 4277 4340 4341
f 4277 4341 4278
f 4278 4341 4342
f 4278 4342 4279
f 4279 4342 4343
f 4279 4343 4280
f 4280 4343 4344
f 4280 4344 4281
f 4281 4344 4345
f 4281 4345 4282
f 4282 4345 4346
f 4282 4346 4283
f 4283 4346 4347
f 4283 4347 4284
f 4284 4347 4348
f 4284 4348 4285
f 4285 4348 4349
f 4285 4349 4286
f 4286 4349 4350
f 4286 4350 4287
f 4287 4350 4351
f 4287 4351 4288
f 4288 4351 4352
f 4288 4352 4225
f 4225 4352 4289
f 4289 4353 4290
f 4290 4353 4354
f 4290 4354 4291
f 4291 4354 4355
f 4291 4355 4292
f 4292 4355 4356
f 4292 4356 4293
f 4293 4356 4357
f 4293 4357 4294
f 4294 4357 4358
f 4294 4358 4295
f 4295 4358 4359
f 4295 4359 4296
f 4296 4359 4360
f 4296 4360 4297
f 4297 4360 4361
f 4297 4361 4298
f 4298 4361 4362
f 4298 4362 4299
f 4299 4362 4363
f 4299 4363 4300
f 4300 4363 4364
f 4300 4364 4301
f 4301 4364 4365
f 4301 4365 4302
f 4302 4365 4366
f 4302 4366 4303
f 4303 4366 4367
f 4303 4367 4304
f 4304 4367 4368
f 4304 4368 4305
f 4305 4368 4369
f 4305 4369 4306
f 4306 4369 4370
f 4306 4370 4307
f 4307 4370 4371
f 4307 4371 4308
f 4308 4371 4372
f 4308 4372 4309
f 4309 4372 4373
f 4309 4373 4310
f 4310 4373 4374
f 4310 4374 4311
f 4311 4374 4375
f 4311 4375 4312
f 4312 4375 4376
f 4312 4376 4313
f 4313 4376 4377
f 4313 4377 4314
f 4314 4377 4378
f 4314 4378 4315
f 4315 4378 4379
f 4315 4379 4316
f 4316 4379 4380
f 4316 4380 4317
f 4317 4380 4381
f 4317 4381 4318
f 4318 4381 4382
f 4318 4382 4319
f 4319 4382 4383
f 4319 4383 4320
f 4320 4383 4384
f 4320 4384 4321
f 4321 4384 4385
f 4321 4385 4322
f 4322 4385 4386
f 4322 4386 4323
f 4323 4386 4387
f 4323 4387 4324
f 4324 4387 4388
f 4324 4388 4325
f 4325 4388 4389
f 4325 4389 4326
f 4326 4389 4390
f 4326 4390 4327
f 4327 4390 4391
f 4327 4391 4328
f 4328 4391 4392
f 4328 4392 4329
f 4329 4392 4393
f 4329 4393 4330
f 4330 4393 4394
f 4330 4394 4331
f 4331 4394 4395
f 4331 4395 4332
f 4332 4395 4396
f 4332 4396 4333
f 4333 4396 4397
f 4333 4397 4334
f 4334 4397 4398
f 4334 4398 4335
f 4335 4398 4399
f 4335 4399 4336
f 4336 4399 4400
f 4336 4400 4337
f 4337 4400 4401
f 4337 4401 4338
f 4338 4401 4402
f 4338 4402 4339
f 4339 4402 4403
f 4339 4403 4340
f 4340 4403 4404
f 4340 4404 4341
f 4341 4404 4405
f 4341 4405 4342
f 4342 4405 4406
f 4342 4406 4343
f 4343 4406 4407
f 4343 4407 4344
f 4344 4407 4408
f 4344 4408 4345
f 4345 4408 4409
f 4345 4409 4346
f 4346 4409 4410
f 4346 4410 4347
f 4347 4410 4411
f 4347 4411 4348
f 4348 4411 4412
f 4348 4412 4349
f 4349 4412 4413
f 4349 4413 4350
f 4350 4413 4414
f 4350 4414 4351
f 4351 4414 4415
f 4351 4415 4352
f 4352 4415 4416
f 4352 4416 4289
f 4289 4416 4353
f 4353 4417 4354
f 4354 4417 4418
f 4354 4418 4355
f 4355 4418 4419
f 4355 4419 4356
f 4356 4419 4420
f 4356 4420 4357
f 4357 4420 4421
f 4357 4421 4358
f 4358 4421 4422
f 4358 4422 4359
f 4359 4422 4423
f 4359 4423 4360
f 4360 4423 4424
f 4360 4424 4361
f 4361 4424 4425
f 4361 4425 4362
f 4362 4425 4426
f 4362 4426 4363
f 4363 4426 4427
f 4363 4427 4364
f 4364 4427 4428
f 4364 4428 4365
f 4365 4428 4429
f 4365 4429 4366
f 4366 4429 4430
f 4366 4430 4367
f 4367 4430 4431
f 4367 4431 4368
f 4368 4431 4432
f 4368 4432 4369
f 4369 4432 4433
f 4369 4433 4370
f 4370 4433 4434
f 4370 4434 4371
f 4371 4434 4435
f 4371 4435 4372
f 4372 4435 4436
f 4372 4436 4373
f 4373 4436 4437
f 4373 4437 4374
f 4374 4437 4438
f 4374 4438 4375
f 4375 4438 4439
f 4375 4439 4376
f 4376 4439 4440
f 4376 4440 4377
f 4377 4440 4441
f 4377 4441 4378
f 4378 4441 4442
f 4378 4442 4379
f 4379 4442 4443
f 4379 4443 4380
f 4380 4443 4444
f 4380 4444 4381
f 4381 4444 4445
f 4381 4445 4382
f 4382 4445 4446
f 4382 4446 4383
f 4383 4446 4447
f 4383 4447 4384
f 4384 4447 4448
f 4384 4448 4385
f 4385 4448 4449
f 4385 4449 4386
f 4386 4449 4450
f 4386 4450 4387
f 4387 4450 4451
f 4387 4451 4388
f 4388 4451 4452
f 4388 4452 4389
f 4389 4452 4453
f 4389 4453 4390
f 4390 4453 4454
f 4390 4454 4391
f 4391 4454 4455
f 4391 4455 4392
f 4392 4455 4456
f 4392 4456 4393
f 4393 4456 4457
f 4393 4457 4394
f 4394 4457 4458
f 4394 4458 4395
f 4395 4458 4459
f 4395 4459 4396
f 4396 4459 4460
f 4396 4460 4397
f 4397 4460 4461
f 4397 4461 4398
f 4398 4461 4462
f 4398 4462 4399
f 4399 4462 4463
f 4399 4463 4400
f 4400 4463 4464
f 4400 4464 4401
f 4401 4464 4465
f 4401 4465 4402
f 4402 4465 4466
f 4402 4466 4403
f 4403 4466 4467
f 4403 4467 4404
f 4404 4467 4468
f 4404 4468 4405
f 4405 4468 4469
f 4405 4469 4406
f 4406 4469 4470
f 4406 4470 4407
f 4407 4470 4471
f 4407 4471 4408
f 4408 4471 4472
f 4408 4472 4409
f 4409 4472 4473
f 4409 4473 4410
f 4410 4473 4474
f 4410 4474 4411
f 4411 4474 4475
f 4411 4475 4412
f 4412 4475 4476
f 4412 4476 4413
f 4413 4476 4477
f 4413 4477 4414
f 4414 4477 4478
f 4414 4478 4415
f 4415 4478 4479
f 4415 4479 4416
f 4416 4479 4480
f 4416 4480 4353
f 4353 4480 4417
f 4417 4481 4418
f 4418 4481 4482
f 4418 4482 4419
f 4419 4482 4483
f 4419 4483 4420
f 4420 4483 4484
f 4420 4484 4421
f 4421 4484 4485
f 4421 4485 4422
f 4422 4485 4486
f 4422 4486 4423
f 4423 4486 4487
f 4423 4487 4424
f 4424 4487 4488
f 4424 4488 4425
f 4425 4488 4489
f 4425 4489 4426
f 4426 4489 4490
f 4426 4490 4427
f 4427 4490 4491
f 4427 4491 4428
f 4428 4491 4492
f 4428 4492 4429
f 4429 4492 4493
f 4429 4493 4430
f 4430 4493 4494
f 4430 4494 4431
f 4431 4494 4495
f 4431 4495 4432
f 4432 4495 4496
f 4432 4496 4433
f 4433 4496 4497
f 4433 4497 4434
f 4434 4497 4498
f 4434 4498 4435
f 4435 4498 4499
f 4435 4499 4436
f 4436 4499 4500
f 4436 4500 4437
f 4437 4500 4501
f 4437 4501 4438
f 4438 4501 4502
f 4438 4502 4439
f 4439 4502 4503
f 4439 4503 4440
f 4440 4503 4504
f 4440 4504 4441
f 4441 4504 4505
f 4441 4505 4442
f 4442 4505 4506
f 4442 4506 4443
f 4443 4506 4507
f 4443 4507 4444
f 4444 4507 4508
f 4444 4508 4445
f 4445 4508 4509
f 4445 4509 4446
f 4446 4509 4510
f 4446 4510 4447
f 4447 4510 4511
f 4447 4511 4448
f 4448 4511 4512
f 4448 4512 4449
f 4449 4512 4513
f 4449 4513 4450
f 4450 4513 4514
f 4450 4514 4451
f 4451 4514 4515
f 4451 4515 4452
f 4452 4515 4516
f 4452 4516 4453
f 4453 4516 4517
f 4453 4517 4454
f 4454 4517 4518
f 4454 4518 4455
f 4455 4518 4519
f 4455 4519 4456
f 4456 4519 4520
f 4456 4520 4457
f 4457 4520 4521
f 4457 4521 4458
f 4458 4521 4522
f 4458 4522 4459
f 4459 4522 4523
f 4459 4523 4460
f 4460 4523 4524
f 4460 4524 4461
f 4461 4524 4525
f 4461 4525 4462
f 4462 4525 4526
f 4462 4526 4463
f 4463 4526 4527
f 4463 4527 4464
f 4464 4527 4528
f 4464 4528 4465
f 4465 4528 4529
f 4465 4529 4466
f 4466 4529 4530
f 4466 4530 4467
f 4467 4530 4531
f 4467 4531 4468
f 4468 4531 4532
f 4468 4532 4469
f 4469 4532 4533
f 4469 4533 4470
f 4470 4533 4534
f 4470 4534 4471
f 4471 4534 4535
f 4471 4535 4472
f 4472 4535 4536
f 4472 4536 4473
f 4473 4536 4537
f 4473 4537 4474
f 4474 4537 4538
f 4474 4538 4475
f 4475 4538 4539
f 4475 4539 4476
f 4476 4539 4540
f 4476 4540 4477
f 4477 4540 4541
f 4477 4541 4478
f 4478 4541 4542
f 4478 4542 4479
f 4479 4542 4543
f 4479 4543 4480
f 4480 4543 4544
f 4480 4544 4417
f 4417 4544 4481
f 4481 4545 4482
f 4482 4545 4546
f 4482 4546 4483
f 4483 4546 4547
f 4483 4547 4484
f 4484 4547 4548
f 4484 4548 4485
f 4485 4548 4549
f 4485 4549 4486
f 4486 4549 4550
f 4486 4550 4487
f 4487 4550 4551
f 4487 4551 4488
f 4488 4551 4552
f 4488 4552 4489
f 4489 4552 4553
f 4489 4553 4490
f 4490 4553 4554
f 4490 4554 4491
f 4491 4554 4555
f 4491 4555 4492
f 4492 4555 4556
f 4492 4556 4493
f 4493 4556 4557
f 4493 4557 4494
f 4494 4557 4558
f 4494 4558 4495
f 4495 4558 4559
f 4495 4559 4496
f 4496 4559 4560
f 4496 4560 4497
f 4497 4560 4561
f 4497 4561 4498
f 4498 4561 4562
f 4498 4562 4499
f 4499 4562 4563
f 4499 4563 4500
f 4500 4563 4564
f 4500 4564 4501
f 4501 4564 4565
f 4501 4565 4502
f 4502 4565 4566
f 4502 4566 4503
f 4503 4566 4567
f 4503 4567 4504
f 4504 4567 4568
f 4504 4568 4505
f 4505 4568 4569
f 4505 4569 4506
f 4506 4569 4570
f 4506 4570 4507
f 4507 4570 4571
f 4507 4571 4508
f 4508 4571 4572
f 4508 4572 4509
f 4509 4572 4573
f 4509 4573 4510
f 4510 4573 4574
f 4510 4574 4511
f 4511 4574 4575
f 4511 4575 4512
f 4512 4575 4576
f 4512 4576 4513
f 4513 4576 4577
f 4513 4577 4514
f 4514 4577 4578
f 4514 4578 4515
f 4515 4578 4579
f 4515 4579 4516
f 4516 4579 4580
f 4516 4580 4517
f 4517 4580 4581
f 4517 4581 4518
f 4518 4581 4582
f 4518 4582 4519
f 4519 4582 4583
f 4519 4583 4520
f 4520 4583 4584
f 4520 4584 4521
f 4521 4584 4585
f 4521 4585 4522
f 4522 4585 4586
f 4522 4586 4523
f 4523 4586 4587
f 4523 4587 4524
f 4524 4587 4588
f 4524 4588 4525
f 4525 4588 4589
f 4525 4589 4526
f 4526 4589 4590
f 4526 4590 4527
f 4527 4590 4591
f 4527 4591 4528
f 4528 4591 4592
f 4528 4592 4529
f 4529 4592 4593
f 4529 4593 4530
f 4530 4593 4594
f 4530 4594 4531
f 4531 4594 4595
f 4531 4595 4532
f 4532 4595 4596
f 4532 4596 4533
f 4533 4596 4597
f 4533 4597 4534
f 4534 4597 4598
f 4534 4598 4535
f 4535 4598 4599
f 4535 4599 4536
f 4536 4599 4600
f 4536 4600 4537
f 4537 4600 4601
f 4537 4601 4538
f 4538 4601 4602
f 4538 4602 4539
f 4539 4602 4603
f 4539 4603 4540
f 4540 4603 4604
f 4540 4604 4541
f 4541 4604 4605
f 4541 4605 4542
f 4542 4605 4606
f 4542 4606 4543
f 4543 4606 4607
f 4543 4607 4544
f 4544 4607 4608
f 4544 4608 4481
f 4481 4608 4545
f 4545 4609 4546
f 4546 4609 4610
f 4546 4610 4547
f 4547 4610 4611
f 4547 4611 4548
f 4548 4611 4612
f 4548 4612 4549
f 4549 4612 4613
f 4549 4613 4550
f 4550 4613 4614
f 4550 4614 4551
f 4551 4614 4615
f 4551 4615 4552
f 4552 4615 4616
f 4552 4616 4553
f 4553 4616 4617
f 4553 4617 4554
f 4554 4617 4618
f 4554 4618 4555
f 4555 4618 4619
f 4555 4619 4556
f 4556 4619 4620
f 4556 4620 4557
f 4557 4620 4621
f 4557 4621 4558
f 4558 4621 4622
f 4558 4622 4559
f 4559 4622 4623
f 4559 4623 4560
f 4560 4623 4624
f 4560 4624 4561
f 4561 4624 4625
f 4561 4625 4562
f 4562 4625 4626
f 4562 4626 4563
f 4563 4626 4627
f 4563 4627 4564
f 4564 4627 4628
f 4564 4628 4565
f 4565 4628 4629
f 4565 4629 4566
f 4566 4629 4630
f 4566 4630 4567
f 4567 4630 4631
f 4567 4631 4568
f 4568 4631 4632
f 4568 4632 4569
f 4569 4632 4633
f 4569 4633 4570
f 4570 4633 4634
f 4570 4634 4571
f 4571 4634 4635
f 4571 4635 4572
f 4572 4635 4636
f 4572 4636 4573
f 4573 4636 4637
f 4573 4637 4574
f 4574 4637 4638
f 4574 4638 4575
f 4575 4638 4639
f 4575 4639 4576
f 4576 4639 4640
f 4576 4640 4577
f 4577 4640 4641
f 4577 4641 4578
f 4578 4641 4642
f 4578 4642 4579
f 4579 4642 4643
f 4579 4643 4580
f 4580 4643 4644
f 4580 4644 4581
f 4581 4644 4645
f 4581 4645 4582
f 4582 4645 4646
f 4582 4646 4583
f 4583 4646 4647
f 4583 4647 4584
f 4584 4647 4648
f 4584 4648 4585
f 4585 4648 4649
f 4585 4649 4586
f 4586 4649 4650
f 4586 4650 4587
f 4587 4650 4651
f 4587 4651 4588
f 4588 4651 4652
f 4588 4652 4589
f 4589 4652 4653
f 4589 4653 4590
f 4590 4653 4654
f 4590 4654 4591
f 4591 4654 4655
f 4591 4655 4592
f 4592 4655 4656
f 4592 4656 4593
f 4593 4656 4657
f 4593 4657 4594
f 4594 4657 4658
f 4594 4658 4595
f 4595 4658 4659
f 4595 4659 4596
f 4596 4659 4660
f 4596 4660 4597
f 4597 4660 4661
f 4597 4661 4598
f 4598 4661 4662
f 4598 4662 4599
f 4599 4662 4663
f 4599 4663 4600
f 4600 4663 4664
f 4600 4664 4601
f 4601 4664 4665
f 4601 4665 4602
f 4602 4665 4666
f 4602 4666 4603
f 4603 4666 4667
f 4603 4667 4604
f 4604 4667 4668
f 4604 4668 4605
f 4605 4668 4669
f 4605 4669 4606
f 4606 4669 4670
f 4606 4670 4607
f 4607 4670 4671
f 4607 4671 4608
f 4608 4671 4672
f 4608 4672 4545
f 4545 4672 4609
f 4609 4673 4610
f 4610 4673 4674
f 4610 4674 4611
f 4611 4674 4675
f 4611 4675 4612
f 4612 4675 4676
f 4612 4676 4613
f 4613 4676 4677
f 4613 4677 4614
f 4614 4677 4678
f 4614 4678 4615
f 4615 4678 4679
f 4615 4679 4616
f 4616 4679 4680
f 4616 4680 4617
f 4617 4680 4681
f 4617 4681 4618
f 4618 4681 4682
f 4618 4682 4619
f 4619 4682 4683
f 4619 4683 4620
f 4620 4683 4684
f 4620 4684 4621
f 4621 4684 4685
f 4621 4685 4622
f 4622 4685 4686
f 4622 4686 4623
f 4623 4686 4687
f 4623 4687 4624
f 4624 4687 4688
f 4624 4688 4625
f 4625 4688 4689
f 4625 4689 4626
f 4626 4689 4690
f 4626 4690 4627
f 4627 4690 4691
f 4627 4691 4628
f 4628 4691 4692
f 4628 4692 4629
f 4629 4692 4693
f 4629 4693 4630
f 4630 4693 4694
f 4630 4694 4631
f 4631 4694 4695
f 4631 4695 4632
f 4632 4695 4696
f 4632 4696 4633
f 4633 4696 4697
f 4633 4697 4634
f 4634 4697 4698
f 4634 4698 4635
f 4635 4698 4699
f 4635 4699 4636
f 4636 4699 4700
f 4636 4700 4637
f 4637 4700 4701
f 4637 4701 4638
f 4638 4701 4702
f 4638 4702 4639
f 4639 4702 4703
f 4639 4703 4640
f 4640 4703 4704
f 4640 4704 4641
f 4641 4704 4705
f 4641 4705 4642
f 4642 4705 4706
f 4642 4706 4643
f 4643 4706 4707
f 4643 4707 4644
f 4644 4707 4708
f 4644 4708 4645
f 4645 4708 4709
f 4645 4709 4646
f 4646 4709 4710
f 4646 4710 4647
f 4647 4710 4711
f 4647 4711 4648
f 4648 4711 4712
f 4648 4712 4649
f 4649 4712 4713
f 4649 4713 4650
f 4650 4713 4714
f 4650 4714 4651
f 4651 4714 4715
f 4651 4715 4652
f 4652 4715 4716
f 4652 4716 4653
f 4653 4716 4717
f 4653 4717 4654
f 4654 4717 4718
f 4654 4718 4655
f 4655 4718 4719
f 4655 4719 4656
f 4656 4719 4720
f 4656 4720 4657
f 4657 4720 4721
f 4657 4721 4658
f 4658 4721 4722
f 4658 4722 4659
f 4659 4722 4723
f 4659 4723 4660
f 4660 4723 4724
f 4660 4724 4661
f 4661 4724 4725
f 4661 4725 4662
f 4662 4725 4726
f 4662 4726 4663
f 4663 4726 4727
f 4663 4727 4664
f 4664 4727 4728
f 4664 4728 4665
f 4665 4728 4729
f 4665 4729 4666
f 4666 4729 4730
f 4666 4730 4667
f 4667 4730 4731
f 4667 4731 4668
f 4668 4731 4732
f 4668 4732 4669
f 4669 4732 4733
f 4669 4733 4670
f 4670 4733 4734
f 4670 4734 4671
f 4671 4734 4735
f 4671 4735 4672
f 4672 4735 4736
f 4672 4736 4609
f 4609 4736 4673
f 4673 4737 4674
f 4674 4737 4738
f 4674 4738 4675
f 4675 4738 4739
f 4675 4739 4676
f 4676 4739 4740
f 4676 4740 4677
f 4677 4740 4741
f 4677 4741 4678
f 4678 4741 4742
f 4678 4742 4679
f 4679 4742 4743
f 4679 4743 4680
f 4680 4743 4744
f 4680 4744 4681
f 4681 4744 4745
f 4681 4745 4682
f 4682 4745 4746
f 4682 4746 4683
f 4683 4746 4747
f 4683 4747 4684
f 4684 4747 4748
f 4684 4748 4685
f 4685 4748 4749
f 4685 4749 4686
f 4686 4749 4750
f 4686 4750 4687
f 4687 4750 4751
f 4687 4751 4688
f 4688 4751 4752
f 4688 4752 4689
f 4689 4752 4753
f 4689 4753 4690
f 4690 4753 4754
f 4690 4754 4691
f 4691 4754 4755
f 4691 4755 4692
f 4692 4755 4756
f 4692 4756 4693
f 4693 4756 4757
f 4693 4757 4694
f 4694 4757 4758
f 4694 4758 4695
f 4695 4758 4759
f 4695 4759 4696
f 4696 4759 4760
f 4696 4760 4697
f 4697 4760 4761
f 4697 4761 4698
f 4698 4761 4762
f 4698 4762 4699
f 4699 4762 4763
f 4699 4763 4700
f 4700 4763 4764
f 4700 4764 4701
f 4701 4764 4765
f 4701 4765 4702
f 4702 4765 4766
f 4702 4766 4703
f 4703 4766 4767
f 4703 4767 4704
f 4704 4767 4768
f 4704 4768 4705
f 4705 4768 4769
f 4705 4769 4706
f 4706 4769 4770
f 4706 4770 4707
f 4707 4770 4771
f 4707 4771 4708
f 4708 4771 4772
f 4708 4772 4709
f 4709 4772 4773
f 4709 4773 4710
f 4710 4773 4774
f 4710 4774 4711
f 4711 4774 4775
f 4711 4775 4712
f 4712 4775 4776
f 4712 4776 4713
f 4713 4776 4777
f 4713 4777 4714
f 4714 4777 4778
f 4714 4778 4715
f 4715 4778 4779
f 4715 4779 4716
f 4716 4779 4780
f 4716 4780 4717
f 4717 4780 4781
f 4717 4781 4718
f 4718 4781 4782
f 4718 4782 4719
f 4719 4782 4783
f 4719 4783 4720
f 4720 4783 4784
f 4720 4784 4721
f 4721 4784 4785
f 4721 4785 4722
f 4722 4785 4786
f 4722 4786 4723
f 4723 4786 4787
f 4723 4787 4724
f 4724 4787 4788
f 4724 4788 4725
f 4725 4788 4789
f 4725 4789 4726
f 4726 4789 4790
f 4726 4790 4727
f 4727 4790 4791
f 4727 4791 4728
f 4728 4791 4792
f 4728 4792 4729
f 4729 4792 4793
f 4729 4793 4730
f 4730 4793 4794
f 4730 4794 4731
f 4731 4794 4795
f 4731 4795 4732
f 4732 4795 4796
f 4732 4796 4733
f 4733 4796 4797
f 4733 4797 4734
f 4734 4797 4798
f 4734 4798 4735
f 4735 4798 4799
f 4735 4799 4736
f 4736 4799 4800
f 4736 4800 4673
f 4673 4800 4737
f 4737 4801 4738
f 4738 4801 4802
f 4738 4802 4739
f 4739 4802 4803
f 4739 4803 4740
f 4740 4803 4804
f 4740 4804 4741
f 4741 4804 4805
f 4741 4805 4742
f 4742 4805 4806
f 4742 4806 4743
f 4743 4806 4807
f 4743 4807 4744
f 4744 4807 4808
f 4744 4808 4745
f 4745 4808 4809
f 4745 4809 4746
f 4746 4809 4810
f 4746 4810 4747
f 4747 4810 4811
f 4747 4811 4748
f 4748 4811 4812
f 4748 4812 4749
f 4749 4812 4813
f 4749 4813 4750
f 4750 4813 4814
f 4750 4814 4751
f 4751 4814 4815
f 4751 4815 4752
f 4752 4815 4816
f 4752 4816 4753
f 4753 4816 4817
f 4753 4817 4754
f 4754 4817 4818
f 4754 4818 4755
f 4755 4818 4819
f 4755 4819 4756
f 4756 4819 4820
f 4756 4820 4757
f 4757 4820 4821
f 4757 4821 4758
f 4758 4821 4822
f 4758 4822 4759
f 4759 4822 4823
f 4759 4823 4760
f 4760 4823 4824
f 4760 4824 4761
f 4761 4824 4825
f 4761 4825 4762
f 4762 4825 4826
f 4762 4826 4763
f 4763 4826 4827
f 4763 4827 4764
f 4764 4827 4828
f 4764 4828 4765
f 4765 4828 4829
f 4765 4829 4766
f 4766 4829 4830
f 4766 4830 4767
f 4767 4830 4831
f 4767 4831 4768
f 4768 4831 4832
f 4768 4832 4769
f 4769 4832 4833
f 4769 4833 4770
f 4770 4833 4834
f 4770 4834 4771
f 4771 4834 4835
f 4771 4835 4772
f 4772 4835 4836
f 4772 4836 4773
f 4773 4836 4837
f 4773 4837 4774
f 4774 4837 4838
f 4774 4838 4775
f 4775 4838 4839
f 4775 4839 4776
f 4776 4839 4840
f 4776 4840 4777
f 4777 4840 4841
f 4777 4841 4778
f 4778 4841 4842
f 4778 4842 4779
f 4779 4842 4843
f 4779 4843 4780
f 4780 4843 4844
f 4780 4844 4781
f 4781 4844 4845
f 4781 4845 4782
f 4782 4845 4846
f 4782 4846 4783
f 4783 4846 4847
f 4783 4847 4784
f 4784 4847 4848
f 4784 4848 4785
f 4785 4848 4849
f 4785 4849 4786
f 4786 4849 4850
f 4786 4850 4787
f 4787 4850 4851
f 4787 4851 4788
f 4788 4851 4852
f 4788 4852 4789
f 4789 4852 4853
f 4789 4853 4790
f 4790 4853 4854
f 4790 4854 4791
f 4791 4854 4855
f 4791 4855 4792
f 4792 4855 4856
f 4792 4856 4793
f 4793 4856 4857
f 4793 4857 4794
f 4794 4857 4858
f 4794 4858 4795
f 4795 4858 4859
f 4795 4859 4796
f 4796 4859 4860
f 4796 4860 4797
f 4797 4860 4861
f 4797 4861 4798
f 4798 4861 4862
f 4798 4862 4799
f 4799 4862 4863
f 4799 4863 4800
f 4800 4863 4864
f 4800 4864 4737
f 4737 4864 4801
f 4801 4865 4802
f 4802 4865 4866
f 4802 4866 4803
f 4803 4866 4867
f 4803 4867 4804
f 4804 4867 4868
f 4804 4868 4805
f 4805 4868 4869
f 4805 4869 4806
f 4806 4869 4870
f 4806 4870 4807
f 4807 4870 4871
f 4807 4871 4808
f 4808 4871 4872
f 4808 4872 4809
f 4809 4872 4873
f 4809 4873 4810
f 4810 4873 4874
f 4810 4874 4811
f 4811 4874 4875
f 4811 4875 4812
f 4812 4875 4876
f 4812 4876 4813
f 4813 4876 4877
f 4813 4877 4814
f 4814 4877 4878
f 4814 4878 4815
f 4815 4878 4879
f 4815 4879 4816
f 4816 4879 4880
f 4816 4880 4817
f 4817 4880 4881
f 4817 4881 4818
f 4818 4881 4882
f 4818 4882 4819
f 4819 4882 4883
f 4819 4883 4820
f 4820 4883 4884
f 4820 4884 4821
f 4821 4884 4885
f 4821 4885 4822
f 4822 4885 4886
f 4822 4886 4823
f 4823 4886 4887
f 4823 4887 4824
f 4824 4887 4888
f 4824 4888 4825
f 4825 4888 4889
f 4825 4889 4826
f 4826 4889 4890
f 4826 4890 4827
f 4827 4890 4891
f 4827 4891 4828
f 4828 4891 4892
f 4828 4892 4829
f 4829 4892 4893
f 4829 4893 4830
f 4830 4893 4894
f 4830 4894 4831
f 4831 4894 4895
f 4831 4895 4832
f 4832 4895 4896
f 4832 4896 4833
f 4833 4896 4897
f 4833 4897 4834
f 4834 4897 4898
f 4834 4898 4835
f 4835 4898 4899
f 4835 4899 4836
f 4836 4899 4900
f 4836 4900 4837
f 4837 4900 4901
f 4837 4901 4838
f 4838 4901 4902
f 4838 4902 4839
f 4839 4902 4903
f 4839 4903 4840
f 4840 4903 4904
f 4840 4904 4841
f 4841 4904 4905
f 4841 4905 4842
f 4842 4905 4906
f 4842 4906 4843
f 4843 4906 4907
f 4843 4907 4844
f 4844 4907 4908
f 4844 4908 4845
f 4845 4908 4909
f 4845 4909 4846
f 4846 4909 4910
f 4846 4910 4847
f 4847 4910 4911
f 4847 4911 4848
f 4848 4911 4912
f 4848 4912 4849
f 4849 4912 4913
f 4849 4913 4850
f 4850 4913 4914
f 4850 4914 4851
f 4851 4914 4915
f 4851 4915 4852
f 4852 4915 4916
f 4852 4916 4853
f 4853 4916 4917
f 4853 4917 4854
f 4854 4917 4918
f 4854 4918 4855
f 4855 4918 4919
f 4855 4919 4856
f 4856 4919 4920
f 4856 4920 4857
f 4857 4920 4921
f 4857 4921 4858
f 4858 4921 4922
f 4858 4922 4859
f 4859 4922 4923
f 4859 4923 4860
f 4860 4923 4924
f 4860 4924 4861
f 4861 4924 4925
f 4861 4925 4862
f 4862 4925 4926
f 4862 4926 4863
f 4863 4926 4927
f 4863 4927 4864
f 4864 4927 4928
f 4864 4928 4801
f 4801 4928 4865
f 4865 4929 4866
f 4866 4929 4930
f 4866 4930 4867
f 4867 4930 4931
f 4867 4931 4868
f 4868 4931 4932
f 4868 4932 4869
f 4869 4932 4933
f 4869 4933 4870
f 4870 4933 4934
f 4870 4934 4871
f 4871 4934 4935
f 4871 4935 4872
f 4872 4935 4936
f 4872 4936 4873
f 4873 4936 4937
f 4873 4937 4874
f 4874 4937 4938
f 4874 4938 4875
f 4875 4938 4939
f 4875 4939 4876
f 4876 4939 4940
f 4876 4940 4877
f 4877 4940 4941
f 4877 4941 4878
f 4878 4941 4942
f 4878 4942 4879
f 4879 4942 4943
f 4879 4943 4880
f 4880 4943 4944
f 4880 4944 4881
f 4881 4944 4945
f 4881 4945 4882
f 4882 4945 4946
f 4882 4946 4883
f 4883 4946 4947
f 4883 4947 4884
f 4884 4947 4948
f 4884 4948 4885
f 4885 4948 4949
f 4885 4949 4886
f 4886 4949 4950
f 4886 4950 4887
f 4887 4950 4951
f 4887 4951 4888
f 4888 4951 4952
f 4888 4952 4889
f 4889 4952 4953
f 4889 4953 4890
f 4890 4953 4954
f 4890 4954 4891
f 4891 4954 4955
f 4891 4955 4892
f 4892 4955 4956
f 4892 4956 4893
f 4893 4956 4957
f 4893 4957 4894
f 4894 4957 4958
f 4894 4958 4895
f 4895 4958 4959
f 4895 4959 4896
f 4896 4959 4960
f 4896 4960 4897
f 4897 4960 4961
f 4897 4961 4898
f 4898 4961 4962
f 4898 4962 4899
f 4899 4962 4963
f 4899 4963 4900
f 4900 4963 4964
f 4900 4964 4901
f 4901 4964 4965
f 4901 4965 4902
f 4902 4965 4966
f 4902 4966 4903
f 4903 4966 4967
f 4903 4967 4904
f 4904 4967 4968
f 4904 4968 4905
f 4905 4968 4969
f 4905 4969 4906
f 4906 4969 4970
f 4906 4970 4907
f 4907 4970 4971
f 4907 4971 4908
f 4908 4971 4972
f 4908 4972 4909
f 4909 4972 4973
f 4909 4973 4910
f 4910 4973 4974
f 4910 4974 4911
f 4911 4974 4975
f 4911 4975 4912
f 4912 4975 4976
f 4912 4976 4913
f 4913 4976 4977
f 4913 4977 4914
f 4914 4977 4978
f 4914 4978 4915
f 4915 4978 4979
f 4915 4979 4916
f 4916 4979 4980
f 4916 4980 4917
f 4917 4980 4981
f 4917 4981 4918
f 4918 4981 4982
f 4918 4982 4919
f 4919 4982 4983
f 4919 4983 4920
f 4920 4983 4984
f 4920 4984 4921
f 4921 4984 4985
f 4921 4985 4922
f 4922 4985 4986
f 4922 4986 4923
f 4923 4986 4987
f 4923 4987 4924
f 4924 4987 4988
f 4924 4988 4925
f 4925 4988 4989
f 4925 4989 4926
f 4926 4989 4990
f 4926 4990 4927
f 4927 4990 4991
f 4927 4991 4928
f 4928 4991 4992
f 4928 4992 4865
f 4865 4992 4929
f 4929 4993 4930
f 4930 4993 4994
f 4930 4994 4931
f 4931 4994 4995
f 4931 4995 4932
f 4932 4995 4996
f 4932 4996 4933
f 4933 4996 4997
f 4933 4997 4934
f 4934 4997 4998
f 4934 4998 4935
f 4935 4998 4999
f 4935 4999 4936
f 4936 4999 5000
f 4936 5000 4937
f 4937 5000 5001
f 4937 5001 4938
f 4938 5001 5002
f 4938 5002 4939
f 4939 5002 5003
f 4939 5003 4940
f 4940 5003 5004
f 4940 5004 4941
f 4941 5004 5005
f 4941 5005 4942
f 4942 5005 5006
f 4942 5006 4943
f 4943 5006 5007
f 4943 5007 4944
f 4944 5007 5008
f 4944 5008 4945
f 4945 5008 5009
f 4945 5009 4946
f 4946 5009 5010
f 4946 5010 4947
f 4947 5010 5011
f 4947 5011 4948
f 4948 5011 5012
f 4948 5012 4949
f 4949 5012 5013
f 4949 5013 4950
f 4950 5013 5014
f 4950 5014 4951
f 4951 5014 5015
f 4951 5015 4952
f 4952 5015 5016
f 4952 5016 4953
f 4953 5016 5017
f 4953 5017 4954
f 4954 5017 5018
f 4954 5018 4955
f 4955 5018 5019
f 4955 5019 4956
f 4956 5019 5020
f 4956 5020 4957
f 4957 5020 5021
f 4957 5021 4958
f 4958 5021 5022
f 4958 5022 4959
f 4959 5022 5023
f 4959 5023 4960
f 4960 5023 5024
f 4960 5024 4961
f 4961 5024 5025
f 4961 5025 4962
f 4962 5025 5026
f 4962 5026 4963
f 4963 5026 5027
f 4963 5027 4964
f 4964 5027 5028
f 4964 5028 4965
f 4965 5028 5029
f 4965 5029 4966
f 4966 5029 5030
f 4966 5030 4967
f 4967 5030 5031
f 4967 5031 4968
f 4968 5031 5032
f 4968 5032 4969
f 4969 5032 5033
f 4969 5033 4970
f 4970 5033 5034
f 4970 5034 4971
f 4971 5034 5035
f 4971 5035 4972
f 4972 5035 5036
f 4972 5036 4973
f 4973 5036 5037
f 4973 5037 4974
f 4974 5037 5038
f 4974 5038 4975
f 4975 5038 5039
f 4975 5039 4976
f 4976 5039 5040
f 4976 5040 4977
f 4977 5040 5041
f 4977 5041 4978
f 4978 5041 5042
f 4978 5042 4979
f 4979 5042 5043
f 4979 5043 4980
f 4980 5043 5044
f 4980 5044 4981
f 4981 5044 5045
f 4981 5045 4982
f 4982 5045 5046
f 4982 5046 4983
f 4983 5046 5047
f 4983 5047 4984
f 4984 5047 5048
f 4984 5048 4985
f 4985 5048 5049
f 4985 5049 4986
f 4986 5049 5050
f 4986 5050 4987
f 4987 5050 5051
f 4987 5051 4988
f 4988 5051 5052
f 4988 5052 4989
f 4989 5052 5053
f 4989 5053 4990
f 4990 5053 5054
f 4990 5054 4991
f 4991 5054 5055
f 4991 5055 4992
f 4992 5055 5056
f 4992 5056 4929
f 4929 5056 4993
f 4993 5057 4994
f 4994 5057 5058
f 4994 5058 4995
f 4995 5058 5059
f 4995 5059 4996
f 4996 5059 5060
f 4996 5060 4997
f 4997 5060 5061
f 4997 5061 4998
f 4998 5061 5062
f 4998 5062 4999
f 4999 5062 5063
f 4999 5063 5000
f 5000 5063 5064
f 5000 5064 5001
f 5001 5064 5065
f 5001 5065 5002
f 5002 5065 5066
f 5002 5066 5003
f 5003 5066 5067
f 5003 5067 5004
f 5004 5067 5068
f 5004 5068 5005
f 5005 5068 5069
f 5005 5069 5006
f 5006 5069 5070
f 5006 5070 5007
f 5007 5070 5071
f 5007 5071 5008
f 5008 5071 5072
f 5008 5072 5009
f 5009 5072 5073
f 5009 5073 5010
f 5010 5073 5074
f 5010 5074 5011
f 5011 5074 5075
f 5011 5075 5012
f 5012 5075 5076
f 5012 5076 5013
f 5013 5076 5077
f 5013 5077 5014
f 5014 5077 5078
f 5014 5078 5015
f 5015 5078 5079
f 5015 5079 5016
f 5016 5079 5080
f 5016 5080 5017
f 5017 5080 5081
f 5017 5081 5018
f 5018 5081 5082
f 5018 5082 5019
f 5019 5082 5083
f 5019 5083 5020
f 5020 5083 5084
f 5020 5084 5021
f 5021 5084 5085
f 5021 5085 5022
f 5022 5085 5086
f 5022 5086 5023
f 5023 5086 5087
f 5023 5087 5024
f 5024 5087 5088
f 5024 5088 5025
f 5025 5088 5089
f 5025 5089 5026
f 5026 5089 5090
f 5026 5090 5027
f 5027 5090 5091
f 5027 5091 5028
f 5028 5091 5092
f 5028 5092 5029
f 5029 5092 5093
f 5029 5093 5030
f 5030 5093 5094
f 5030 5094 5031
f 5031 5094 5095
f 5031 5095 5032
f 5032 5095 5096
f 5032 5096 5033
f 5033 5096 5097
f 5033 5097 5034
f 5034 5097 5098
f 5034 5098 5035
f 5035 5098 5099
f 5035 5099 5036
f 5036 5099 5100
f 5036 5100 5037
f 5037 5100 5101
f 5037 5101 5038
f 5038 5101 5102
f 5038 5102 5039
f 5039 5102 5103
f 5039 5103 5040
f 5040 5103 5104
f 5040 5104 5041
f 5041 5104 5105
f 5041 5105 5042
f 5042 5105 5106
f 5042 5106 5043
f 5043 5106 5107
f 5043 5107 5044
f 5044 5107 5108
f 5044 5108 5045
f 5045 5108 5109
f 5045 5109 5046
f 5046 5109 5110
f 5046 5110 5047
f 5047 5110 5111
f 5047 5111 5048
f 5048 5111 5112
f 5048 5112 5049
f 5049 5112 5113
f 5049 5113 5050
f 5050 5113 5114
f 5050 5114 5051
f 5051 5114 5115
f 5051 5115 5052
f 5052 5115 5116
f 5052 5116 5053
f 5053 5116 5117
f 5053 5117 5054
f 5054 5117 5118
f 5054 5118 5055
f 5055 5118 5119
f 5055 5119 5056
f 5056 5119 5120
f 5056 5120 4993
f 4993 5120 5057

